DateTime,Calsada,Bato,Buhi,Ombao,Camaligan,Balongay,Sipocot
2024-10-19 01,0.20,NaN,0.29,1.21,-0.13,NaN,-0.58 
2024-10-19 02,0.25,NaN,0.29,1.21,-0.38,NaN,-0.61 
2024-10-19 03,0.27,NaN,0.29,1.21,-0.63,NaN,-0.64 
2024-10-19 04,0.28,NaN,0.29,1.21,-0.52,NaN,-0.65 
2024-10-19 05,0.28,NaN,0.29,1.20,0.26,NaN,-0.67 
2024-10-19 06,0.29,NaN,0.29,1.20,0.72,NaN,-0.67 
2024-10-19 07,0.31,NaN,0.28,1.20,0.95,NaN,-0.68 
2024-10-19 08,0.31,NaN,0.28,1.19,1.03,NaN,-0.68 
2024-10-19 09,0.38,NaN,0.28,1.19,1.01,NaN,-0.66 
2024-10-19 10,0.70,NaN,0.28,1.19,0.75,NaN,-0.51 
2024-10-19 11,0.59,NaN,0.28,1.19,0.45,NaN,-0.51 
2024-10-19 12,0.49,NaN,0.28,1.18,0.14,NaN,-0.57 
2024-10-19 13,0.44,NaN,0.28,1.18,-0.16,NaN,-0.61 
2024-10-19 14,0.41,NaN,0.28,1.18,-0.40,NaN,-0.63 
2024-10-19 15,0.41,NaN,0.28,1.18,-0.50,NaN,-0.64 
2024-10-19 16,0.41,NaN,0.27,1.17,0.04,NaN,-0.65 
2024-10-19 17,0.41,NaN,0.27,1.17,0.59,NaN,-0.65 
2024-10-19 18,0.41,NaN,0.27,1.17,0.90,NaN,-0.65 
2024-10-19 19,0.42,NaN,0.27,1.16,1.04,NaN,-0.65 
2024-10-19 20,0.41,NaN,0.26,1.16,1.11,NaN,-0.64 
2024-10-19 21,0.41,NaN,0.26,1.16,1.12,NaN,-0.47 
2024-10-19 22,0.45,NaN,0.26,1.15,0.62,NaN,-0.35 
2024-10-19 23,0.59,NaN,0.26,1.15,0.63,NaN,-0.40 
2024-10-20 00,0.70,NaN,0.26,1.15,0.31,NaN,-0.48 
2024-10-20 01,0.72,NaN,0.26,1.15,0.00,NaN,-0.54 
2024-10-20 02,0.69,NaN,0.26,1.15,-0.28,NaN,-0.59 
2024-10-20 03,0.64,NaN,0.25,1.15,-0.53,NaN,-0.61 
2024-10-20 04,0.61,NaN,0.25,1.15,-0.70,NaN,-0.63 
2024-10-20 05,0.58,NaN,0.25,1.14,-0.19,NaN,-0.64 
2024-10-20 06,0.56,NaN,0.25,1.14,0.36,NaN,-0.64 
2024-10-20 07,0.54,NaN,0.25,1.14,0.79,NaN,-0.64 
2024-10-20 08,0.53,NaN,0.25,1.13,0.98,NaN,-0.63 
2024-10-20 09,0.52,NaN,0.25,1.13,1.04,NaN,-0.63 
2024-10-20 10,0.52,NaN,0.24,1.13,0.97,NaN,-0.56 
2024-10-20 11,0.53,NaN,0.24,1.13,0.72,NaN,-0.44 
2024-10-20 12,0.52,NaN,0.24,1.13,0.45,NaN,-0.46 
2024-10-20 13,0.50,NaN,0.24,1.13,0.16,NaN,-0.50 
2024-10-20 14,0.50,NaN,0.24,1.12,-0.11,NaN,-0.54 
2024-10-20 15,0.48,NaN,0.24,1.12,-0.32,NaN,-0.56 
2024-10-20 16,0.47,NaN,0.23,1.12,-0.26,NaN,-0.57 
2024-10-20 17,0.46,NaN,0.23,1.12,0.35,NaN,-0.59 
2024-10-20 18,0.47,NaN,0.23,1.11,0.78,NaN,-0.57 
2024-10-20 19,0.49,NaN,0.23,1.11,0.97,NaN,-0.59 
2024-10-20 20,0.54,NaN,0.23,1.11,1.06,NaN,-0.59 
2024-10-20 21,0.57,NaN,0.23,1.11,1.10,NaN,-0.51 
2024-10-20 22,0.58,NaN,0.23,1.10,1.03,NaN,-0.37 
2024-10-20 23,0.58,NaN,0.23,1.10,0.77,NaN,-0.35 
2024-10-21 00,0.57,NaN,0.23,1.10,0.48,NaN,-0.40 
2024-10-21 01,0.56,NaN,0.23,1.10,0.17,NaN,-0.44 
2024-10-21 02,0.54,NaN,0.23,1.10,-0.12,NaN,-0.46 
2024-10-21 03,0.53,NaN,0.23,1.10,-0.36,NaN,-0.42 
2024-10-21 04,0.52,NaN,0.23,1.10,-0.54,NaN,-0.27 
2024-10-21 05,0.52,NaN,0.23,1.09,-0.61,NaN,-0.08 
2024-10-21 06,0.52,NaN,0.22,1.09,-0.13,NaN,0.06 
2024-10-21 07,0.54,NaN,0.22,1.09,0.39,NaN,0.17 
2024-10-21 08,0.56,NaN,0.22,1.08,0.75,NaN,0.26 
2024-10-21 09,0.57,NaN,0.22,1.08,0.90,NaN,0.38 
2024-10-21 10,0.58,NaN,0.23,1.08,0.87,NaN,0.55 
2024-10-21 11,0.58,NaN,0.22,1.08,0.66,NaN,0.77 
2024-10-21 12,0.58,NaN,0.22,1.07,0.41,NaN,0.93 
2024-10-21 13,0.57,NaN,0.23,1.07,0.16,NaN,1.14 
2024-10-21 14,0.55,NaN,0.22,1.07,-0.07,NaN,1.32 
2024-10-21 15,0.54,NaN,0.22,1.07,-0.18,NaN,1.38 
2024-10-21 16,0.54,NaN,0.22,1.06,-0.24,NaN,1.35 
2024-10-21 17,0.56,NaN,0.22,1.06,0.00,NaN,1.27 
2024-10-21 18,0.57,NaN,0.22,1.06,0.54,NaN,1.16 
2024-10-21 19,0.57,NaN,0.21,1.06,0.87,NaN,1.05 
2024-10-21 20,0.54,NaN,0.21,1.05,1.00,NaN,0.95 
2024-10-21 21,0.50,NaN,0.21,1.05,1.06,NaN,0.86 
2024-10-21 22,0.50,NaN,0.21,1.05,1.05,NaN,0.78 
2024-10-21 23,0.52,NaN,0.21,1.05,0.88,NaN,0.72 
2024-10-22 00,0.54,NaN,0.21,1.05,0.64,NaN,0.66 
2024-10-22 01,0.55,NaN,0.22,1.05,0.38,NaN,0.61 
2024-10-22 02,0.64,NaN,0.27,1.05,0.11,NaN,0.58 
2024-10-22 03,0.72,NaN,0.25,1.06,-0.01,NaN,0.57 
2024-10-22 04,0.80,NaN,0.26,1.14,-0.07,NaN,0.61 
2024-10-22 05,1.10,NaN,0.34,1.33,0.04,NaN,0.72 
2024-10-22 06,1.97,NaN,0.37,1.46,0.35,NaN,1.02 
2024-10-22 07,3.48,NaN,0.43,1.60,0.65,NaN,1.43 
2024-10-22 08,4.60,NaN,0.44,1.74,0.83,NaN,2.11 
2024-10-22 09,5.24,NaN,0.54,1.90,0.97,NaN,3.11 
2024-10-22 10,5.92,NaN,0.60,2.06,1.08,NaN,4.78 
2024-10-22 11,6.86,NaN,0.65,2.26,1.15,NaN,6.03 
2024-10-22 12,6.95,NaN,0.70,2.46,1.22,NaN,6.93 
2024-10-22 13,6.55,NaN,0.78,2.67,1.24,NaN,7.72 
2024-10-22 14,6.28,NaN,0.88,2.90,1.26,NaN,8.38 
2024-10-22 15,6.49,NaN,1.03,3.12,1.31,NaN,9.09 
2024-10-22 16,7.28,NaN,1.24,3.34,1.38,NaN,9.83 
2024-10-22 17,9.25,NaN,1.50,4.61,1.45,NaN,10.47 
2024-10-22 18,9.94,NaN,1.79,4.69,1.54,NaN,10.96 
2024-10-22 19,11.41,NaN,2.11,4.85,1.65,NaN,11.40 
2024-10-22 20,12.36,NaN,2.39,5.00,1.74,NaN,11.81 
2024-10-22 21,12.35,NaN,2.59,5.16,1.80,NaN,12.18 
2024-10-22 22,12.05,NaN,2.69,5.33,1.89,NaN,12.65 
2024-10-22 23,11.52,NaN,2.78,5.51,2.03,NaN,13.17 
2024-10-23 00,10.53,NaN,2.87,5.68,2.18,NaN,13.64 
2024-10-23 01,9.45,NaN,2.95,5.85,2.33,NaN,13.87 
2024-10-23 02,8.49,NaN,3.02,6.01,2.49,NaN,14.00 
2024-10-23 03,7.73,NaN,3.05,6.19,2.60,NaN,14.05 
2024-10-23 04,7.14,NaN,3.08,6.40,2.70,NaN,13.91 
2024-10-23 05,6.54,NaN,3.09,6.58,2.76,NaN,13.89 
2024-10-23 06,6.12,NaN,3.12,6.79,2.78,NaN,13.71 
2024-10-23 07,5.89,NaN,3.14,7.00,2.81,NaN,13.50 
2024-10-23 08,5.70,NaN,3.15,7.17,2.82,NaN,13.25 
2024-10-23 09,5.44,NaN,3.15,7.33,2.83,NaN,12.95 
2024-10-23 10,5.23,NaN,3.14,7.49,2.84,NaN,12.70 
2024-10-23 11,5.02,NaN,3.12,7.62,2.84,NaN,12.38 
2024-10-23 12,4.83,NaN,3.11,7.72,2.84,NaN,12.03 
2024-10-23 13,4.63,NaN,3.08,7.82,2.84,NaN,11.64 
2024-10-23 14,4.46,NaN,3.06,7.89,2.85,NaN,11.23 
2024-10-23 15,4.31,NaN,3.03,7.95,2.85,NaN,10.73 
2024-10-23 16,4.15,NaN,3.00,7.99,2.86,NaN,10.23 
2024-10-23 17,4.03,NaN,2.97,8.02,2.87,NaN,9.65 
2024-10-23 18,3.94,NaN,2.94,8.04,2.88,NaN,9.02 
2024-10-23 19,3.86,NaN,2.91,8.05,2.89,NaN,8.37 
2024-10-23 20,3.77,NaN,2.88,8.04,2.90,NaN,7.70 
2024-10-23 21,3.70,NaN,2.85,8.05,2.92,NaN,7.02 
2024-10-23 22,3.64,NaN,2.82,8.04,2.93,NaN,6.36 
2024-10-23 23,3.58,NaN,2.79,8.04,2.96,NaN,5.75 
2024-10-24 00,3.66,NaN,2.60,8.03,2.97,NaN,5.18 
2024-10-24 01,3.99,NaN,2.73,8.02,2.97,NaN,4.65 
2024-10-24 02,4.16,NaN,2.70,8.01,2.99,NaN,4.18 
2024-10-24 03,4.03,NaN,2.67,7.98,2.98,NaN,3.77 
2024-10-24 04,3.86,NaN,2.64,7.97,2.99,NaN,3.42 
2024-10-24 05,3.77,NaN,2.62,7.95,2.98,NaN,3.12 
2024-10-24 06,3.77,NaN,2.59,7.94,2.98,NaN,2.88 
2024-10-24 07,3.77,NaN,2.57,7.91,2.97,NaN,2.66 
2024-10-24 08,3.94,NaN,2.55,7.89,2.96,NaN,2.49 
2024-10-24 09,3.99,NaN,2.53,7.87,2.96,NaN,2.33 
2024-10-24 10,3.94,NaN,2.51,7.85,2.96,NaN,2.20 
2024-10-24 11,3.97,NaN,2.50,7.83,2.95,NaN,2.07 
2024-10-24 12,3.95,NaN,2.47,7.81,2.94,NaN,1.97 
2024-10-24 13,3.89,NaN,2.45,7.79,2.95,NaN,1.87 
2024-10-24 14,3.72,NaN,2.43,7.76,2.94,NaN,1.79 
2024-10-24 15,3.60,NaN,2.41,7.74,2.92,NaN,1.72 
2024-10-24 16,3.46,NaN,2.38,7.72,2.92,NaN,1.65 
2024-10-24 17,3.36,NaN,2.36,7.69,2.90,NaN,1.58 
2024-10-24 18,3.31,NaN,2.33,7.67,2.88,NaN,1.53 
2024-10-24 19,3.24,NaN,2.30,7.65,2.87,NaN,1.50 
2024-10-24 20,3.17,NaN,2.28,7.63,2.85,NaN,1.47 
2024-10-24 21,3.12,NaN,2.26,7.60,2.84,NaN,1.46 
2024-10-24 22,3.07,NaN,2.23,7.58,2.83,NaN,1.46 
2024-10-24 23,3.01,NaN,2.21,7.55,2.82,NaN,1.47 
2024-10-25 00,2.94,NaN,2.18,7.53,2.80,NaN,1.48 
2024-10-25 01,2.88,NaN,2.16,7.51,2.79,NaN,1.52 
2024-10-25 02,2.83,NaN,2.13,7.49,2.78,NaN,1.56 
2024-10-25 03,2.80,NaN,2.11,7.46,2.76,NaN,1.57 
2024-10-25 04,2.77,NaN,2.08,7.44,2.75,NaN,1.54 
2024-10-25 05,2.73,NaN,2.06,7.42,2.74,NaN,1.51 
2024-10-25 06,2.69,NaN,2.04,7.39,2.72,NaN,1.47 
2024-10-25 07,2.65,NaN,2.01,7.37,2.71,NaN,1.45 
2024-10-25 08,2.62,NaN,1.99,7.34,2.69,NaN,1.41 
2024-10-25 09,2.58,NaN,1.97,7.32,2.68,NaN,1.37 
2024-10-25 10,2.57,NaN,1.95,7.30,2.67,NaN,1.33 
2024-10-25 11,2.53,NaN,1.92,7.27,2.65,NaN,1.30 
2024-10-25 12,2.49,NaN,1.90,7.24,2.64,NaN,1.25 
2024-10-25 13,2.48,NaN,1.88,7.22,2.63,NaN,1.20 
2024-10-25 14,2.45,NaN,1.86,7.19,2.61,NaN,1.16 
2024-10-25 15,2.43,NaN,1.84,7.17,2.60,NaN,1.12 
2024-10-25 16,2.41,NaN,1.82,7.14,2.59,NaN,1.08 
2024-10-25 17,2.38,NaN,1.79,7.12,2.57,NaN,1.04 
2024-10-25 18,2.35,NaN,1.77,7.09,2.56,NaN,1.00 
2024-10-25 19,2.34,NaN,1.76,7.07,2.54,NaN,0.96 
2024-10-25 20,2.32,NaN,1.74,7.05,2.52,NaN,0.93 
2024-10-25 21,2.29,NaN,1.71,7.02,2.50,NaN,0.90 
2024-10-25 22,2.29,NaN,1.70,7.00,2.49,NaN,0.87 
2024-10-25 23,2.27,NaN,1.68,6.97,2.47,NaN,0.85 
2024-10-26 00,2.26,NaN,1.66,6.95,2.46,NaN,0.82 
2024-10-26 01,2.26,NaN,1.64,6.93,2.44,NaN,0.80 
2024-10-26 02,2.27,NaN,1.62,6.90,2.42,NaN,0.78 
2024-10-26 03,2.25,NaN,1.61,6.88,2.41,NaN,0.76 
2024-10-26 04,2.22,NaN,1.59,6.85,2.39,NaN,0.74 
2024-10-26 05,2.21,NaN,1.57,6.83,2.38,NaN,0.73 
2024-10-26 06,2.20,NaN,1.56,6.81,2.36,NaN,0.71 
2024-10-26 07,2.19,NaN,1.54,6.79,2.35,NaN,0.69 
2024-10-26 08,2.17,NaN,1.51,6.75,2.31,NaN,0.67 
2024-10-26 09,2.17,NaN,1.51,6.75,2.31,NaN,0.67 
2024-10-26 10,2.16,NaN,1.49,6.72,2.29,NaN,0.65 
2024-10-26 11,2.13,NaN,1.48,6.70,2.28,NaN,0.61 
2024-10-26 12,2.13,NaN,1.46,6.68,2.26,NaN,0.63 
2024-10-26 13,2.10,NaN,1.45,6.66,2.24,NaN,0.61 
2024-10-26 14,2.09,NaN,1.43,6.63,2.23,NaN,0.60 
2024-10-26 15,2.07,NaN,1.42,6.61,2.22,NaN,0.60 
2024-10-26 16,2.07,NaN,1.41,6.59,2.21,NaN,0.58 
2024-10-26 17,2.06,NaN,1.40,6.57,2.20,NaN,0.58 
2024-10-26 18,2.06,NaN,1.38,6.55,2.18,NaN,0.55 
2024-10-26 19,2.03,NaN,1.37,6.53,2.17,NaN,0.53 
2024-10-26 20,2.03,NaN,1.36,6.51,2.15,NaN,0.52 
2024-10-26 21,2.01,NaN,1.35,6.49,2.13,NaN,0.50 
2024-10-26 22,2.00,NaN,1.34,6.47,2.11,NaN,0.49 
2024-10-26 23,2.00,NaN,1.32,6.45,2.09,NaN,0.48 
2024-10-27 00,1.99,NaN,1.31,6.44,2.08,NaN,0.47 
2024-10-27 01,1.98,NaN,1.30,6.42,2.07,NaN,0.46 
2024-10-27 02,1.98,NaN,1.29,6.42,2.05,NaN,0.45 
2024-10-27 03,1.97,NaN,1.28,6.40,2.04,NaN,0.44 
2024-10-27 04,1.96,NaN,1.27,6.38,2.03,NaN,0.43 
2024-10-27 05,1.95,NaN,1.27,6.37,2.02,NaN,0.42 
2024-10-27 06,1.94,NaN,1.25,6.35,2.01,NaN,0.41 
2024-10-27 07,1.94,NaN,1.24,6.33,1.99,NaN,0.41 
2024-10-27 08,2.04,NaN,1.23,6.32,1.97,NaN,0.43 
2024-10-27 09,2.09,NaN,1.22,6.30,1.96,NaN,0.50 
2024-10-27 10,2.15,NaN,1.21,6.28,1.94,NaN,0.69 
2024-10-27 11,2.19,NaN,1.20,6.26,1.92,NaN,0.92 
2024-10-27 12,2.22,NaN,1.19,6.25,1.91,NaN,1.07 
2024-10-27 13,2.17,NaN,1.18,6.23,1.89,NaN,1.10 
2024-10-27 14,2.10,NaN,1.17,6.21,1.89,NaN,1.05 
2024-10-27 15,2.05,NaN,1.16,6.19,1.88,NaN,0.96 
2024-10-27 16,2.00,NaN,1.16,6.19,1.88,NaN,0.87 
2024-10-27 17,1.96,NaN,1.15,6.16,1.88,NaN,0.78 
2024-10-27 18,1.94,NaN,1.14,6.15,1.88,NaN,0.70 
2024-10-27 19,1.92,NaN,1.13,6.13,1.86,NaN,0.63 
2024-10-27 20,1.90,NaN,1.12,6.12,1.84,NaN,0.58 
2024-10-27 21,1.89,NaN,1.11,6.10,1.82,NaN,0.53 
2024-10-27 22,1.87,NaN,1.10,6.09,1.80,NaN,0.49 
2024-10-27 23,1.86,NaN,1.09,6.07,1.78,NaN,0.46 
2024-10-28 00,1.85,NaN,1.09,6.06,1.75,NaN,0.43 
2024-10-28 01,NaN,NaN,NaN,NaN,NaN,NaN,NaN 
2024-10-28 02,NaN,NaN,NaN,NaN,NaN,NaN,NaN 
2024-10-28 03,NaN,NaN,NaN,NaN,NaN,NaN,NaN 
2024-10-28 04,1.81,NaN,1.06,6.00,1.73,NaN,0.36 
2024-10-28 05,1.81,NaN,1.05,5.98,1.73,NaN,0.35 
2024-10-28 06,1.79,NaN,1.04,5.97,1.72,NaN,0.34 
2024-10-28 07,1.78,NaN,1.03,5.95,1.70,NaN,0.33 
2024-10-28 08,1.78,NaN,1.03,5.94,1.68,NaN,0.32 
2024-10-28 09,1.77,NaN,1.02,5.92,1.65,NaN,0.32 
2024-10-28 10,1.76,NaN,1.02,5.91,1.62,NaN,0.31 
2024-10-28 11,1.75,NaN,1.01,5.89,1.60,NaN,0.30 
2024-10-28 12,1.74,NaN,1.01,5.87,1.57,NaN,0.29 
2024-10-28 13,1.73,NaN,1.00,5.86,1.55,NaN,0.29 
2024-10-28 14,1.72,NaN,0.99,5.84,1.55,NaN,0.28 
2024-10-28 15,1.72,NaN,0.99,5.82,1.56,NaN,0.28 
2024-10-28 16,1.71,NaN,0.98,5.81,1.58,NaN,0.27 
2024-10-28 17,1.70,NaN,0.97,5.79,1.59,NaN,0.26 
2024-10-28 18,1.70,NaN,0.96,5.78,1.59,NaN,0.26 
2024-10-28 19,1.69,NaN,0.96,5.76,1.58,NaN,0.25 
2024-10-28 20,1.69,NaN,0.95,5.75,1.55,NaN,0.25 
2024-10-28 21,1.68,NaN,0.95,5.73,1.52,NaN,0.24 
2024-10-28 22,1.67,NaN,0.95,5.72,1.48,NaN,0.23 
2024-10-28 23,1.67,NaN,0.94,5.70,1.44,NaN,0.22 
2024-10-29 00,1.67,NaN,0.94,5.68,1.41,NaN,0.22 
2024-10-29 01,1.67,NaN,0.93,5.66,1.38,NaN,0.21 
2024-10-29 02,1.66,NaN,0.93,5.65,1.37,NaN,0.21 
2024-10-29 03,1.66,NaN,0.93,5.63,1.39,NaN,0.20 
2024-10-29 04,1.66,NaN,0.92,5.62,1.43,NaN,0.19 
2024-10-29 05,1.65,NaN,0.91,5.60,1.45,NaN,0.19 
2024-10-29 06,1.65,NaN,0.91,5.58,1.46,NaN,0.19 
2024-10-29 07,1.63,NaN,0.91,5.57,1.45,NaN,0.19 
2024-10-29 08,1.64,NaN,0.90,5.55,1.41,NaN,0.19 
2024-10-29 09,1.63,NaN,0.90,5.53,1.37,NaN,0.18 
2024-10-29 10,1.63,NaN,0.89,5.52,1.32,NaN,0.18 
2024-10-29 11,1.62,NaN,0.89,5.50,1.27,NaN,0.18 
2024-10-29 12,1.62,NaN,0.89,5.49,1.23,NaN,0.18 
2024-10-29 13,1.62,NaN,0.88,5.47,1.20,NaN,0.17 
2024-10-29 14,1.61,NaN,0.88,5.45,1.21,NaN,0.17 
2024-10-29 15,1.60,NaN,0.88,5.43,1.25,NaN,0.16 
2024-10-29 16,1.59,NaN,0.87,5.42,1.31,NaN,0.16 
2024-10-29 17,1.60,NaN,0.87,5.40,1.36,NaN,0.15 
2024-10-29 18,1.60,NaN,0.87,5.38,1.37,NaN,0.15 
2024-10-29 19,1.59,NaN,0.86,5.37,1.36,NaN,0.15 
2024-10-29 20,1.57,NaN,0.86,5.35,1.32,NaN,0.15 
2024-10-29 21,1.57,NaN,0.86,5.34,1.25,NaN,0.14 
2024-10-29 22,1.59,NaN,0.85,5.32,1.20,NaN,0.14 
2024-10-29 23,1.59,NaN,0.85,5.32,1.20,NaN,0.14 
2024-10-30 00,1.57,NaN,0.85,5.31,1.14,NaN,0.13 
2024-10-30 01,1.57,NaN,0.85,5.30,1.08,NaN,0.13 
2024-10-30 02,1.56,NaN,0.85,5.28,1.04,NaN,0.12 
2024-10-30 03,1.56,NaN,0.84,5.26,1.03,NaN,0.12 
2024-10-30 04,1.56,NaN,0.84,5.24,1.08,NaN,0.11 
2024-10-30 05,1.56,NaN,0.83,5.23,1.16,NaN,0.11 
2024-10-30 06,1.56,NaN,0.83,5.21,1.21,NaN,0.11 
2024-10-30 07,1.56,NaN,0.83,5.19,1.24,NaN,0.11 
2024-10-30 08,1.55,NaN,0.83,5.17,1.23,NaN,0.11 
2024-10-30 09,1.57,NaN,0.82,5.13,1.12,NaN,0.10 
2024-10-30 10,1.56,NaN,0.82,5.11,1.04,NaN,0.10 
2024-10-30 11,1.56,NaN,0.81,5.10,0.97,NaN,0.09 
2024-10-30 12,1.55,NaN,0.81,5.07,0.91,NaN,0.09 
2024-10-30 13,1.54,NaN,0.81,5.05,0.87,NaN,0.09 
2024-10-30 14,1.52,NaN,0.80,5.04,0.87,NaN,0.09 
2024-10-30 15,1.50,NaN,0.80,5.02,0.97,NaN,0.08 
2024-10-30 16,1.48,NaN,0.80,5.00,1.09,NaN,0.08 
2024-10-30 17,1.48,NaN,0.79,4.98,1.15,NaN,0.07 
2024-10-30 18,1.48,NaN,0.79,4.96,1.19,NaN,0.07 
2024-10-30 19,1.49,NaN,0.79,4.95,1.18,NaN,0.07 
2024-10-30 20,1.50,NaN,0.78,4.93,1.12,NaN,0.07 
2024-10-30 21,1.49,NaN,0.78,4.91,1.03,NaN,0.07 
2024-10-30 22,1.47,NaN,0.78,4.90,0.93,NaN,0.06 
2024-10-30 23,1.48,NaN,0.78,4.88,0.83,NaN,0.05 
2024-10-31 00,1.47,NaN,0.78,4.86,0.76,NaN,0.05 
2024-10-31 01,1.46,NaN,0.77,4.84,0.69,NaN,0.05 
2024-10-31 02,1.46,NaN,0.77,4.83,0.67,NaN,0.04 
2024-10-31 03,1.47,NaN,0.77,4.81,0.74,NaN,0.04 
2024-10-31 04,1.46,NaN,0.76,4.79,0.88,NaN,0.03 
2024-10-31 05,1.47,NaN,0.76,4.78,0.98,NaN,0.03 
2024-10-31 06,1.46,NaN,0.76,4.76,1.04,NaN,0.03 
2024-10-31 07,1.46,NaN,0.76,4.73,1.06,NaN,0.04 
2024-10-31 08,1.50,NaN,0.76,4.72,1.04,NaN,0.04 
2024-10-31 09,1.50,NaN,0.75,4.71,0.93,NaN,0.04 
2024-10-31 10,1.47,NaN,0.75,4.70,0.80,NaN,0.04 
2024-10-31 11,1.44,NaN,0.75,4.68,0.69,NaN,0.04 
2024-10-31 12,1.42,NaN,0.75,4.67,0.60,NaN,0.03 
2024-10-31 13,1.39,NaN,0.74,4.65,0.55,NaN,0.03 
2024-10-31 14,1.38,NaN,0.74,4.63,0.55,NaN,0.03 
2024-10-31 15,1.37,NaN,0.74,4.61,0.68,NaN,0.02 
2024-10-31 16,1.39,NaN,0.74,4.60,0.88,NaN,0.02 
2024-10-31 17,1.38,NaN,0.74,4.59,1.02,NaN,0.02 
2024-10-31 18,1.37,NaN,0.74,4.58,1.10,NaN,0.02 
2024-10-31 19,1.37,NaN,0.73,4.58,1.10,NaN,0.02 
2024-10-31 20,1.37,NaN,0.73,4.57,1.02,NaN,0.02 
2024-10-31 21,1.37,NaN,0.73,4.57,0.89,NaN,0.02 
2024-10-31 22,1.37,NaN,0.73,4.56,0.75,NaN,0.02 
2024-10-31 23,1.38,NaN,0.72,4.56,0.63,NaN,0.01 
2024-11-01 00,1.39,NaN,0.72,4.55,0.52,NaN,0.01 
2024-11-01 01,1.38,NaN,0.72,4.54,0.46,NaN,0 
2024-11-01 02,1.37,NaN,0.72,4.53,0.41,NaN,0 
2024-11-01 03,1.36,NaN,0.72,4.53,0.39,NaN,-0.01 
2024-11-01 04,1.36,NaN,0.71,4.52,0.65,NaN,-0.01 
2024-11-01 05,1.36,NaN,0.71,4.5,0.85,NaN,-0.01 
2024-11-01 06,1.35,NaN,0.71,4.49,0.94,NaN,-0.01 
2024-11-01 07,1.35,NaN,0.71,4.48,0.97,NaN,-0.01 
2024-11-01 08,1.35,NaN,0.7,4.47,0.96,NaN,-0.01 
2024-11-01 09,1.35,NaN,0.7,4.46,0.86,NaN,-0.01 
2024-11-01 10,1.34,NaN,0.7,4.45,0.69,NaN,-0.01 
2024-11-01 11,1.33,NaN,0.7,4.44,0.54,NaN,-0.01 
2024-11-01 12,1.33,NaN,0.69,4.42,0.45,NaN,-0.02 
2024-11-01 13,1.33,NaN,0.69,4.41,0.36,NaN,-0.02 
2024-11-01 14,1.32,NaN,0.69,4.4,0.3,NaN,-0.02 
2024-11-01 15,1.32,NaN,0.69,4.39,0.34,NaN,-0.03 
2024-11-01 16,1.31,NaN,0.69,4.38,0.76,NaN,-0.03 
2024-11-01 17,1.3,NaN,0.69,4.37,0.95,NaN,-0.02 
2024-11-01 18,1.3,NaN,0.69,4.36,1.03,NaN,-0.02 
2024-11-01 19,1.3,NaN,0.69,4.34,1.04,NaN,-0.01 
2024-11-01 20,1.3,NaN,0.68,4.33,0.99,NaN,0 
2024-11-01 21,1.3,NaN,0.68,4.32,0.84,NaN,0.01 
2024-11-01 22,1.3,NaN,0.68,4.31,0.68,NaN,0.02 
2024-11-01 23,1.3,NaN,0.68,4.3,0.51,NaN,0.04 
2024-11-02 00,1.3,NaN,0.68,4.28,0.41,NaN,0.05 
2024-11-02 01,1.3,NaN,0.68,4.27,0.29,NaN,0.06 
2024-11-02 02,1.3,NaN,0.68,4.26,0.2,NaN,0.05 
2024-11-02 03,1.3,NaN,0.68,4.25,0.16,NaN,0.04 
2024-11-02 04,1.29,NaN,0.68,4.24,0.25,NaN,0.03 
2024-11-02 05,1.29,NaN,0.68,4.23,0.71,NaN,0.02 
2024-11-02 06,1.28,NaN,0.67,4.22,0.86,NaN,0.02 
2024-11-02 07,1.29,NaN,0.67,4.2,0.92,NaN,0.01 
2024-11-02 08,1.28,NaN,0.68,4.19,0.92,NaN,0 
2024-11-02 09,1.28,NaN,0.68,4.18,0.87,NaN,-0.01 
2024-11-02 10,1.27,NaN,0.68,4.17,0.72,NaN,-0.01 
2024-11-02 11,1.26,NaN,0.68,4.15,0.53,NaN,-0.02 
2024-11-02 12,1.26,NaN,0.68,4.14,0.39,NaN,-0.02 
2024-11-02 13,1.24,NaN,0.67,4.13,0.24,NaN,-0.02 
2024-11-02 14,1.23,NaN,0.67,4.12,0.16,NaN,-0.03 
2024-11-02 15,1.23,NaN,0.67,4.11,0.22,NaN,-0.04 
2024-11-02 16,1.23,NaN,0.67,4.1,0.55,NaN,-0.04 
2024-11-02 17,1.23,NaN,0.67,4.09,0.85,NaN,-0.05 
2024-11-02 18,1.23,NaN,0.67,4.07,0.97,NaN,-0.05 
2024-11-02 19,1.23,NaN,0.67,4.06,1.01,NaN,-0.05 
2024-11-02 20,1.23,NaN,0.67,4.05,0.99,NaN,-0.05 
2024-11-02 21,1.23,NaN,0.67,4.04,0.88,NaN,-0.04 
2024-11-02 22,1.23,NaN,0.67,4.03,0.7,NaN,-0.05 
2024-11-02 23,1.23,NaN,0.67,4.01,0.51,NaN,-0.05 
2024-11-03 00,1.24,NaN,0.67,4,0.34,NaN,-0.06 
2024-11-03 01,1.23,NaN,0.67,3.99,0.19,NaN,-0.06 
2024-11-03 02,1.23,NaN,0.66,3.98,0.12,NaN,-0.06 
2024-11-03 03,1.23,NaN,0.67,3.97,0.1,NaN,-0.07 
2024-11-03 04,1.23,NaN,0.66,3.96,0.09,NaN,-0.07 
2024-11-03 05,1.23,NaN,0.66,3.95,0.4,NaN,-0.07 
2024-11-03 06,1.23,NaN,0.66,3.94,0.68,NaN,-0.07 
2024-11-03 07,1.23,NaN,0.66,3.92,0.82,NaN,-0.07 
2024-11-03 08,1.22,NaN,0.66,3.91,0.89,NaN,-0.07 
2024-11-03 09,1.23,NaN,0.66,3.9,0.83,NaN,-0.07 
2024-11-03 10,1.23,NaN,0.67,3.89,0.69,NaN,-0.07 
2024-11-03 11,1.23,NaN,0.66,3.88,0.52,NaN,-0.06 
2024-11-03 12,1.23,NaN,0.66,3.87,0.33,NaN,-0.06 
2024-11-03 13,1.23,NaN,0.66,3.86,0.16,NaN,-0.06 
2024-11-03 14,1.27,NaN,0.67,3.85,0.11,NaN,-0.06 
2024-11-03 15,1.27,NaN,0.67,3.84,0.1,NaN,-0.05 
2024-11-03 16,1.28,NaN,0.67,3.84,0.25,NaN,-0.05 
2024-11-03 17,1.27,NaN,0.67,3.83,0.76,NaN,-0.05 
2024-11-03 18,1.3,NaN,0.66,3.82,0.95,NaN,-0.05 
2024-11-03 19,1.27,NaN,0.66,3.81,0.99,NaN,-0.05 
2024-11-03 20,1.27,NaN,0.66,3.8,1,NaN,-0.04 
2024-11-03 21,1.26,NaN,0.66,3.79,0.9,NaN,-0.02 
2024-11-03 22,1.25,NaN,0.66,3.78,0.71,NaN,-0.02 
2024-11-03 23,1.24,NaN,0.66,3.77,0.5,NaN,-0.01 
2024-11-04 00,1.23,NaN,0.66,3.76,0.32,NaN,-0.01 
2024-11-04 01,1.22,NaN,0.66,3.75,0.14,NaN,-0.01 
2024-11-04 02,1.21,NaN,0.66,3.74,0.1,NaN,-0.01 
2024-11-04 03,1.21,NaN,0.66,3.73,-0.04,NaN,0 
2024-11-04 04,1.21,NaN,0.66,3.72,-0.18,NaN,0.03 
2024-11-04 05,1.2,NaN,0.66,3.71,0.07,NaN,0.06 
2024-11-04 06,1.2,NaN,0.66,3.7,0.51,NaN,0.09 
2024-11-04 07,1.2,NaN,0.65,3.69,0.69,NaN,0.17 
2024-11-04 08,1.2,NaN,0.65,3.68,0.77,NaN,0.33 
2024-11-04 09,1.19,NaN,0.65,3.67,0.78,NaN,0.46 
2024-11-04 10,1.19,NaN,0.65,3.66,0.68,NaN,0.51 
2024-11-04 11,1.18,NaN,0.65,3.65,0.5,NaN,0.51 
2024-11-04 12,1.18,NaN,0.65,3.64,0.34,NaN,0.49 
2024-11-04 13,1.2,NaN,0.66,3.64,0.14,NaN,0.45 
2024-11-04 14,1.18,NaN,0.66,3.63,0.06,NaN,0.42 
2024-11-04 15,1.17,NaN,0.66,3.62,-0.02,NaN,0.39 
2024-11-04 16,1.17,NaN,0.66,3.61,0,NaN,0.37 
2024-11-04 17,1.17,NaN,0.65,3.6,0.44,NaN,0.37 
2024-11-04 18,1.16,NaN,0.65,3.6,0.86,NaN,0.38 
2024-11-04 19,1.16,NaN,0.65,3.59,0.92,NaN,0.4 
2024-11-04 20,1.16,NaN,0.65,3.58,0.93,NaN,0.42 
2024-11-04 21,1.16,NaN,0.65,3.57,0.88,NaN,0.42 
2024-11-04 22,1.16,NaN,0.65,3.56,0.71,NaN,0.42 
2024-11-04 23,1.16,NaN,0.65,3.55,0.49,NaN,0.4 
2024-11-05 00,1.15,NaN,0.65,3.55,0.28,NaN,0.38 
2024-11-05 01,1.16,NaN,0.65,3.54,0.1,NaN,0.36 
2024-11-05 02,1.16,NaN,0.65,3.53,-0.04,NaN,0.34 
2024-11-05 03,1.16,NaN,0.65,3.52,-0.27,NaN,0.32 
2024-11-05 04,1.16,NaN,0.65,3.52,-0.33,NaN,0.29 
2024-11-05 05,1.15,NaN,0.64,3.51,-0.2,NaN,0.27 
2024-11-05 06,1.15,NaN,0.64,3.5,0.19,NaN,0.25 
2024-11-05 07,1.14,NaN,0.64,3.49,0.51,NaN,0.23 
2024-11-05 08,1.14,NaN,0.64,3.49,0.72,NaN,0.21 
2024-11-05 09,1.14,NaN,0.64,3.48,0.77,NaN,0.19 
2024-11-05 10,1.13,NaN,0.64,3.47,0.69,NaN,0.18 
2024-11-05 11,1.13,NaN,0.64,3.46,0.51,NaN,0.18 
2024-11-05 12,1.25,NaN,0.64,3.46,0.38,NaN,0.19 
2024-11-05 13,1.22,NaN,0.64,3.45,0.17,NaN,0.22 
2024-11-05 14,1.18,NaN,0.64,3.44,0.05,NaN,0.27 
2024-11-05 15,1.15,NaN,0.63,3.43,-0.06,NaN,0.33 
2024-11-05 16,1.5,NaN,0.63,3.43,-0.04,NaN,0.44 
2024-11-05 17,1.31,NaN,0.63,3.42,0.16,NaN,0.6 
2024-11-05 18,1.33,NaN,0.63,3.41,0.61,NaN,0.73 
2024-11-05 19,1.26,NaN,0.63,3.41,0.83,NaN,0.83 
2024-11-05 20,1.23,NaN,0.63,3.4,0.86,NaN,0.88 
2024-11-05 21,1.21,NaN,0.63,3.39,0.89,NaN,0.91 
2024-11-05 22,1.19,NaN,0.63,3.39,0.76,NaN,0.92 
2024-11-05 23,1.18,NaN,0.63,3.38,0.56,NaN,0.93 
2024-11-06 00,1.18,NaN,0.63,3.37,0.37,NaN,0.94 
2024-11-06 01,1.17,NaN,0.63,3.37,0.15,NaN,0.98 
2024-11-06 02,1.17,NaN,0.63,3.36,0.01,NaN,1.07 
2024-11-06 03,1.17,NaN,0.63,3.36,-0.25,NaN,1.17 
2024-11-06 04,1.17,NaN,0.63,3.35,-0.37,NaN,1.27 
2024-11-06 05,1.16,NaN,0.63,3.34,-0.37,NaN,1.32 
2024-11-06 06,1.16,NaN,0.63,3.34,-0.03,NaN,1.31 
2024-11-06 07,1.15,NaN,0.63,3.33,0.37,NaN,1.27 
2024-11-06 08,1.14,NaN,0.63,3.32,0.56,NaN,1.21 
2024-11-06 09,1.14,NaN,0.64,3.32,0.62,NaN,1.14 
2024-11-06 10,1.12,NaN,0.63,3.31,0.61,NaN,1.07 
2024-11-06 11,1.11,NaN,0.63,3.31,0.55,NaN,1.01 
2024-11-06 12,1.11,NaN,0.63,3.3,0.42,NaN,0.95 
2024-11-06 13,1.08,NaN,0.63,3.29,0.26,NaN,0.89 
2024-11-06 14,1.09,NaN,0.64,3.29,0.09,NaN,0.91 
2024-11-06 15,1.09,NaN,0.63,3.28,0,NaN,0.91 
2024-11-06 16,1.09,NaN,0.63,3.28,-0.09,NaN,0.92 
2024-11-06 17,1.09,NaN,0.63,3.27,-0.03,NaN,0.93 
2024-11-06 18,1.1,NaN,0.63,3.26,0.4,NaN,0.93 
2024-11-06 19,1.12,NaN,0.63,3.25,0.76,NaN,0.9 
2024-11-06 20,1.13,NaN,0.63,3.25,0.86,NaN,0.89 
2024-11-06 21,1.12,NaN,0.63,3.24,0.84,NaN,NaN 
2024-11-06 22,1.1,NaN,0.63,3.23,0.74,NaN,0.91 
2024-11-06 23,1.1,NaN,0.62,3.23,0.56,NaN,0.89 
2024-11-07 00,1.09,NaN,0.62,3.22,0.38,NaN,0.85 
2024-11-07 01,1.09,NaN,0.62,3.22,0.17,NaN,0.8 
2024-11-07 02,1.09,NaN,0.62,3.21,-0.05,NaN,0.75 
2024-11-07 03,1.08,NaN,0.62,3.21,-0.27,NaN,0.69 
2024-11-07 04,1.08,NaN,0.62,3.2,-0.39,NaN,0.64 
2024-11-07 05,1.08,NaN,0.62,3.19,-0.45,NaN,0.59 
2024-11-07 06,1.08,NaN,0.62,3.18,-0.35,NaN,0.55 
2024-11-07 07,1.07,NaN,0.62,3.18,0.09,NaN,0.51 
2024-11-07 08,1.07,NaN,0.62,3.17,0.34,NaN,0.47 
2024-11-07 09,1.07,NaN,0.62,3.16,0.46,NaN,0.45 
2024-11-07 10,1.06,NaN,0.62,3.16,0.56,NaN,0.42 
2024-11-07 11,1.06,NaN,0.62,3.15,0.56,NaN,0.39 
2024-11-07 12,1.06,NaN,0.62,3.14,0.48,NaN,0.37 
2024-11-07 13,1.06,NaN,0.62,3.14,0.32,NaN,0.35 
2024-11-07 14,1.06,NaN,0.62,3.13,0.14,NaN,0.34 
2024-11-07 15,1.05,NaN,0.62,3.12,0.05,NaN,0.32 
2024-11-07 16,1.05,NaN,0.62,3.12,-0.05,NaN,0.3 
2024-11-07 17,1.04,NaN,0.62,3.11,-0.1,NaN,0.28 
2024-11-07 18,NaN,NaN,NaN,NaN,NaN,NaN,NaN 
2024-11-07 19,NaN,NaN,NaN,NaN,NaN,NaN,NaN 
2024-11-07 20,NaN,NaN,NaN,NaN,NaN,NaN,NaN 
2024-11-07 21,NaN,NaN,NaN,NaN,NaN,NaN,NaN 
2024-11-07 22,1.04,NaN,0.62,3.07,0.77,NaN,0.21 
2024-11-07 23,1.04,NaN,0.62,3.07,0.62,NaN,0.2 
2024-11-08 00,1.04,NaN,0.62,3.06,0.41,NaN,0.19 
2024-11-08 01,1.04,NaN,0.62,3.05,0.22,NaN,0.18 
2024-11-08 02,1.04,NaN,0.62,3.05,0.07,NaN,0.17 
2024-11-08 03,1.04,NaN,0.62,3.04,-0.08,NaN,0.16 
2024-11-08 04,1.04,NaN,0.62,3.03,-0.37,NaN,0.15 
2024-11-08 05,1.04,NaN,0.62,3.02,-0.51,NaN,0.14 
2024-11-08 06,1.04,NaN,0.62,3.02,-0.52,NaN,0.13 
2024-11-08 07,1.04,NaN,0.62,3.01,-0.29,NaN,0.12 
2024-11-08 08,1.04,NaN,0.62,3,0.01,NaN,0.12 
2024-11-08 09,1.04,NaN,0.62,2.99,0.24,NaN,0.11 
2024-11-08 10,NaN,NaN,NaN,NaN,NaN,NaN,NaN 
2024-11-08 11,1.02,NaN,0.62,2.98,0.33,NaN,0.1 
2024-11-08 12,1.02,NaN,0.62,2.97,0.31,NaN,0.1 
2024-11-08 13,1.02,NaN,0.62,2.97,0.34,NaN,0.09 
2024-11-08 14,1.01,NaN,0.62,2.96,0.29,NaN,0.09 
2024-11-08 15,1,NaN,0.62,2.95,0.12,NaN,0.08 
2024-11-08 16,1,NaN,0.62,2.94,0.02,NaN,0.08 
2024-11-08 17,1,NaN,0.62,2.93,-0.06,NaN,0.07 
2024-11-08 18,1,NaN,0.62,2.93,-0.05,NaN,0.07 
2024-11-08 19,1,NaN,0.62,2.92,0.15,NaN,0.06 
2024-11-08 20,1,NaN,0.62,2.91,0.24,NaN,0.07 
2024-11-08 21,1,NaN,0.62,2.9,0.44,NaN,0.07 
2024-11-08 22,1,NaN,0.62,2.9,0.57,NaN,0.08 
2024-11-08 23,1,NaN,0.62,2.89,0.57,NaN,0.08 
2024-11-09 00,1,NaN,0.62,2.88,0.47,NaN,0.09 
2024-11-09 01,1,NaN,0.62,2.87,0.37,NaN,0.09 
2024-11-09 02,1,NaN,0.62,2.87,0.18,NaN,0.08 
2024-11-09 03,1,NaN,0.61,2.86,0.06,NaN,0.07 
2024-11-09 04,0.99,NaN,0.61,2.85,-0.08,NaN,0.07 
2024-11-09 05,0.99,NaN,0.62,2.85,-0.37,NaN,0.06 
2024-11-09 06,1,NaN,0.62,2.84,-0.47,NaN,0.05 
2024-11-09 07,0.99,NaN,0.62,2.83,-0.54,NaN,0.05 
2024-11-09 08,0.99,NaN,0.62,2.82,-0.4,NaN,0.04 
2024-11-09 09,0.99,NaN,0.62,2.81,-0.09,NaN,0.04 
2024-11-09 10,0.99,NaN,0.62,2.81,0.13,NaN,0.03 
2024-11-09 11,0.97,NaN,0.62,2.8,0.17,NaN,0.02 
2024-11-09 12,0.96,NaN,0.61,2.79,0.2,NaN,0.02 
2024-11-09 13,0.95,NaN,0.61,2.78,0.28,NaN,0.02 
2024-11-09 14,0.94,NaN,0.62,2.77,0.32,NaN,0.01 
2024-11-09 15,0.93,NaN,0.61,2.77,0.26,NaN,0.01 
2024-11-09 16,0.92,NaN,0.62,2.76,0.11,NaN,0 
2024-11-09 17,0.92,NaN,0.62,2.75,0.01,NaN,0 
2024-11-09 18,0.9,NaN,0.61,2.74,-0.1,NaN,-0.01 
2024-11-09 19,0.91,NaN,0.61,2.74,-0.13,NaN,-0.01 
2024-11-09 20,0.91,NaN,0.61,2.73,-0.13,NaN,-0.01 
2024-11-09 21,0.91,NaN,0.61,2.72,-0.04,NaN,-0.02 
2024-11-09 22,0.91,NaN,0.61,2.71,0.22,NaN,-0.02 
2024-11-09 23,0.91,NaN,0.61,2.7,0.37,NaN,-0.02 
2024-11-10 00,0.91,NaN,0.61,2.7,0.45,NaN,-0.03 
2024-11-10 01,0.91,NaN,0.61,2.69,0.45,NaN,-0.03 
2024-11-10 02,0.91,NaN,0.61,2.68,0.31,NaN,-0.04 
2024-11-10 03,0.92,NaN,0.61,2.68,0.21,NaN,-0.04 
2024-11-10 04,0.91,NaN,0.6,2.67,0.09,NaN,-0.04 
2024-11-10 05,0.92,NaN,0.61,2.66,-0.01,NaN,-0.04 
2024-11-10 06,0.92,NaN,0.61,2.65,-0.25,NaN,-0.04 
2024-11-10 07,0.92,NaN,0.6,2.65,-0.41,NaN,-0.04 
2024-11-10 08,0.92,NaN,0.6,2.64,-0.45,NaN,-0.04 
2024-11-10 09,0.93,NaN,0.6,2.63,-0.25,NaN,-0.03 
2024-11-10 10,0.93,NaN,0.6,2.63,-0.21,NaN,0.02 
2024-11-10 11,0.93,NaN,0.6,2.62,0.09,NaN,0.05 
2024-11-10 12,0.94,NaN,0.6,2.61,0.2,NaN,0.07 
2024-11-10 13,NaN,NaN,NaN,NaN,NaN,NaN,NaN 
2024-11-10 14,0.93,NaN,0.6,2.6,0.64,NaN,0.11 
2024-11-10 15,0.93,NaN,0.6,2.6,0.61,NaN,0.15 
2024-11-10 16,0.94,NaN,0.6,2.59,0.47,NaN,0.2 
2024-11-10 17,0.94,NaN,0.6,2.58,0.26,NaN,0.26 
2024-11-10 18,0.93,NaN,0.6,2.58,0.07,NaN,0.33 
2024-11-10 19,0.93,NaN,0.6,2.57,0,NaN,0.41 
2024-11-10 20,0.93,NaN,0.6,2.57,-0.11,NaN,0.48 
2024-11-10 21,0.93,NaN,0.6,2.56,-0.18,NaN,0.53 
2024-11-10 22,0.92,NaN,0.6,2.55,-0.13,NaN,0.55 
2024-11-10 23,0.92,NaN,0.6,2.55,-0.04,NaN,0.55 
2024-11-11 00,0.93,NaN,0.6,2.54,0.24,NaN,0.52 
2024-11-11 01,0.93,NaN,0.6,2.54,0.4,NaN,0.5 
2024-11-11 02,0.93,NaN,0.6,2.54,0.48,NaN,0.48 
2024-11-11 03,0.93,NaN,0.6,2.53,0.49,NaN,0.45 
2024-11-11 04,0.93,NaN,0.6,2.53,0.36,NaN,0.42 
2024-11-11 05,0.93,NaN,0.6,2.52,0.1,NaN,0.39 
2024-11-11 06,0.93,NaN,0.6,2.52,-0.03,NaN,0.36 
2024-11-11 07,0.93,NaN,0.6,2.51,-0.34,NaN,0.33 
2024-11-11 08,0.92,NaN,0.6,2.5,-0.54,NaN,0.3 
2024-11-11 09,0.91,NaN,0.6,2.5,-0.62,NaN,0.28 
2024-11-11 10,0.93,NaN,0.6,2.5,-0.57,NaN,0.26 
2024-11-11 11,0.95,NaN,0.6,2.49,-0.43,NaN,0.23 
2024-11-11 12,0.95,NaN,0.6,2.48,-0.37,NaN,0.21 
2024-11-11 13,0.95,NaN,0.6,2.48,-0.2,NaN,0.2 
2024-11-11 14,0.94,NaN,0.6,2.47,0.36,NaN,0.18 
2024-11-11 15,0.94,NaN,0.6,2.47,0.69,NaN,0.16 
2024-11-11 16,0.94,NaN,0.61,2.46,0.65,NaN,0.15 
2024-11-11 17,0.94,NaN,0.61,2.46,0.47,NaN,0.14 
2024-11-11 18,0.92,NaN,0.61,2.45,0.14,NaN,0.12 
2024-11-11 19,0.91,NaN,0.6,2.44,0.03,NaN,0.11 
2024-11-11 20,0.89,NaN,0.6,2.44,-0.15,NaN,0.1 
2024-11-11 21,0.89,NaN,0.6,2.43,-0.51,NaN,0.09 
2024-11-11 22,0.88,NaN,0.6,2.43,-0.57,NaN,0.08 
2024-11-11 23,0.88,NaN,0.6,2.42,-0.5,NaN,0.07 
2024-11-12 00,0.87,NaN,0.6,2.42,-0.42,NaN,0.06 
2024-11-12 01,0.87,NaN,0.6,2.41,0.15,NaN,0.05 
2024-11-12 02,0.88,NaN,0.6,2.4,0.59,NaN,0.04 
2024-11-12 03,0.87,NaN,0.6,2.4,0.69,NaN,0.04 
2024-11-12 04,0.87,NaN,0.6,2.39,0.64,NaN,0.03 
2024-11-12 05,0.87,NaN,0.6,2.39,0.45,NaN,0.02 
2024-11-12 06,0.87,NaN,0.6,2.38,0.17,NaN,0.02 
2024-11-12 07,0.87,NaN,0.6,2.38,-0.06,NaN,0.01 
2024-11-12 08,0.87,NaN,0.6,2.37,-0.35,NaN,0.01 
2024-11-12 09,0.87,NaN,0.6,2.37,-0.57,NaN,0 
2024-11-12 10,0.86,NaN,0.6,2.36,-0.7,NaN,0 
2024-11-12 11,0.86,NaN,0.59,2.35,-0.67,NaN,0 
2024-11-12 12,0.84,NaN,0.6,2.35,-0.55,NaN,-0.01 
2024-11-12 13,0.82,NaN,0.6,2.34,-0.02,NaN,-0.01 
2024-11-12 14,0.8,NaN,0.6,2.34,0.52,NaN,-0.02 
2024-11-12 15,0.79,NaN,0.6,2.33,0.78,NaN,-0.02 
2024-11-12 16,1.29,NaN,0.6,2.33,0.86,NaN,-0.03 
2024-11-12 17,1.01,NaN,0.59,2.32,0.8,NaN,-0.03 
2024-11-12 18,1.07,NaN,0.6,2.31,0.6,NaN,-0.03 
2024-11-12 19,1.01,NaN,0.59,2.31,0.29,NaN,-0.03 
2024-11-12 20,1.08,NaN,0.59,2.3,0.05,NaN,-0.04 
2024-11-12 21,1.06,NaN,0.59,2.3,-0.09,NaN,-0.04 
2024-11-12 22,1,NaN,0.59,2.29,-0.58,NaN,-0.04 
2024-11-12 23,0.94,NaN,0.59,2.29,-0.76,NaN,-0.05 
2024-11-13 00,0.9,NaN,0.59,2.28,-0.72,NaN,-0.05 
2024-11-13 01,0.87,NaN,0.59,2.27,-0.18,NaN,-0.06 
2024-11-13 02,0.86,NaN,0.59,2.27,0.34,NaN,-0.06 
2024-11-13 03,0.85,NaN,0.58,2.26,0.7,NaN,-0.07 
2024-11-13 04,0.84,NaN,0.58,2.26,0.82,NaN,-0.07 
2024-11-13 05,0.83,NaN,0.58,2.25,0.79,NaN,-0.08 
2024-11-13 06,0.82,NaN,0.58,2.24,0.59,NaN,-0.07 
2024-11-13 07,0.82,NaN,0.58,2.24,0.28,NaN,-0.07 
2024-11-13 08,0.81,NaN,0.58,2.23,0.03,NaN,-0.08 
2024-11-13 09,0.81,NaN,0.58,2.23,-0.13,NaN,-0.08 
2024-11-13 10,0.8,NaN,0.58,2.22,-0.57,NaN,-0.08 
2024-11-13 11,0.8,NaN,0.58,2.22,-0.76,NaN,-0.09 
2024-11-13 12,0.8,NaN,0.58,2.21,-0.63,NaN,-0.09 
2024-11-13 13,0.79,NaN,0.58,2.21,-0.09,NaN,-0.09 
2024-11-13 14,0.78,NaN,0.58,2.2,0.39,NaN,-0.1 
2024-11-13 15,0.77,NaN,0.58,2.2,0.77,NaN,-0.1 
2024-11-13 16,0.77,NaN,0.58,2.19,0.93,NaN,-0.1 
2024-11-13 17,0.76,NaN,0.58,2.19,0.95,NaN,-0.1 
2024-11-13 18,0.76,NaN,0.58,2.18,0.9,NaN,-0.1 
2024-11-13 19,0.76,NaN,0.57,2.17,0.61,NaN,-0.09 
2024-11-13 20,0.76,NaN,0.57,2.17,0.26,NaN,-0.09 
2024-11-13 21,0.76,NaN,0.57,2.17,-0.06,NaN,-0.1 
2024-11-13 22,0.76,NaN,0.57,2.16,-0.36,NaN,-0.1 
2024-11-13 23,0.76,NaN,0.57,2.16,-0.64,NaN,-0.09 
2024-11-14 00,0.76,NaN,0.57,2.15,-0.83,NaN,-0.07 
2024-11-14 01,0.76,NaN,0.57,2.15,-0.79,NaN,-0.06 
2024-11-14 02,0.77,NaN,0.57,2.14,-0.16,NaN,-0.06 
2024-11-14 03,0.77,NaN,0.57,2.14,0.47,NaN,-0.07 
2024-11-14 04,0.76,NaN,0.57,2.13,0.78,NaN,-0.08 
2024-11-14 05,0.77,NaN,0.57,2.13,0.89,NaN,-0.09 
2024-11-14 06,NaN,NaN,0.57,2.12,0.85,NaN,-0.09 
2024-11-14 07,0.76,NaN,0.57,2.12,0.64,NaN,-0.09 
2024-11-14 08,0.77,NaN,0.57,2.11,0.3,NaN,-0.1 
2024-11-14 09,0.76,NaN,0.57,2.11,-0.02,NaN,-0.1 
2024-11-14 10,0.76,NaN,0.56,2.1,-0.31,NaN,-0.11 
2024-11-14 11,0.76,NaN,0.56,2.1,-0.58,NaN,-0.11 
2024-11-14 12,0.76,NaN,0.56,2.09,-0.77,NaN,-0.12 
2024-11-14 13,0.76,NaN,0.56,2.09,-0.67,NaN,-0.12 
2024-11-14 14,0.76,NaN,0.56,2.09,0.03,NaN,-0.12 
2024-11-14 15,0.75,NaN,0.56,2.08,0.58,NaN,-0.13 
2024-11-14 16,0.75,NaN,0.56,2.08,0.88,NaN,-0.13 
2024-11-14 17,0.75,NaN,0.55,2.07,1,NaN,-0.13 
2024-11-14 18,0.74,NaN,0.55,2.06,1.03,NaN,-0.13 
2024-11-14 19,0.76,NaN,0.55,2.06,0.88,NaN,-0.11 
2024-11-14 20,0.76,NaN,0.55,2.06,0.52,NaN,-0.11 
2024-11-14 21,0.77,NaN,0.55,2.05,0.18,NaN,-0.12 
2024-11-14 22,0.78,NaN,0.54,2.05,-0.12,NaN,-0.13 
2024-11-14 23,0.78,NaN,0.54,2.04,-0.38,NaN,-0.13 
2024-11-15 00,0.8,NaN,0.54,2.04,-0.65,NaN,-0.14 
2024-11-15 01,0.82,NaN,0.54,2.03,-0.86,NaN,-0.14 
2024-11-15 02,0.82,NaN,0.53,2.03,-0.84,NaN,-0.15 
2024-11-15 03,0.82,NaN,0.53,2.03,-0.04,NaN,-0.15 
2024-11-15 04,0.82,NaN,0.53,2.02,0.51,NaN,-0.15 
2024-11-15 05,0.82,NaN,0.53,2.02,0.82,NaN,-0.16 
2024-11-15 06,0.82,NaN,0.53,2.01,0.92,NaN,-0.16 
2024-11-15 07,0.82,NaN,0.52,2.01,0.91,NaN,-0.16 
2024-11-15 08,0.83,NaN,0.52,2,0.69,NaN,-0.15 
2024-11-15 09,0.83,NaN,0.52,2,0.36,NaN,-0.15 
2024-11-15 10,0.83,NaN,0.52,1.99,0.01,NaN,-0.15 
2024-11-15 11,0.83,NaN,0.52,1.99,-0.28,NaN,-0.16 
2024-11-15 12,0.85,NaN,0.51,1.98,-0.53,NaN,-0.16 
2024-11-15 13,0.88,NaN,0.51,1.98,-0.66,NaN,-0.16 
2024-11-15 14,0.9,NaN,0.52,1.98,-0.28,NaN,-0.16 
2024-11-15 15,0.89,NaN,0.52,1.97,0.41,NaN,-0.16 
2024-11-15 16,0.89,NaN,0.51,1.97,0.81,NaN,-0.16 
2024-11-15 17,NaN,NaN,NaN,NaN,NaN,NaN,NaN 
2024-11-15 18,0.89,NaN,0.51,1.96,1.07,NaN,-0.17 
2024-11-15 19,0.9,NaN,0.5,1.95,1.09,NaN,-0.16 
2024-11-15 20,0.91,NaN,0.5,1.95,0.9,NaN,-0.13 
2024-11-15 21,0.92,NaN,0.5,1.95,0.56,NaN,-0.13 
2024-11-15 22,0.92,NaN,0.5,1.94,0.25,NaN,-0.15 
2024-11-15 23,0.91,NaN,0.49,1.94,-0.05,NaN,-0.16 
2024-11-16 00,0.91,NaN,0.49,1.94,-0.32,NaN,-0.17 
2024-11-16 01,0.91,NaN,0.49,1.93,-0.58,NaN,-0.18 
2024-11-16 02,0.91,NaN,0.48,1.93,-0.78,NaN,-0.18 
2024-11-16 03,0.91,NaN,0.48,1.93,-0.69,NaN,-0.19 
2024-11-16 04,0.92,NaN,0.48,1.92,0.15,NaN,-0.19 
2024-11-16 05,0.91,NaN,0.47,1.92,0.6,NaN,-0.19 
2024-11-16 06,0.91,NaN,0.47,1.91,0.89,NaN,-0.19 
2024-11-16 07,0.91,NaN,0.47,1.91,0.99,NaN,-0.2 
2024-11-16 08,0.9,NaN,0.47,1.91,0.95,NaN,-0.19 
2024-11-16 09,0.91,NaN,0.47,1.9,0.71,NaN,-0.18 
2024-11-16 10,0.9,NaN,0.47,1.9,0.4,NaN,-0.18 
2024-11-16 11,0.9,NaN,0.47,1.89,0.08,NaN,-0.19 
2024-11-16 12,0.91,NaN,0.47,1.89,-0.15,NaN,-0.19 
2024-11-16 13,0.91,NaN,0.47,1.89,-0.35,NaN,-0.2 
2024-11-16 14,0.91,NaN,0.47,1.88,-0.4,NaN,-0.2 
2024-11-16 15,0.92,NaN,0.47,1.88,0.15,NaN,-0.19 
2024-11-16 16,0.93,NaN,0.47,1.88,0.7,NaN,-0.18 
2024-11-16 17,0.96,NaN,0.49,1.87,0.97,NaN,-0.18 
2024-11-16 18,1.17,NaN,0.47,1.87,1.1,NaN,-0.18 
2024-11-16 19,1.8,NaN,0.49,1.86,1.18,NaN,-0.17 
2024-11-16 20,1.86,NaN,0.5,1.86,1.21,NaN,-0.09 
2024-11-16 21,1.81,NaN,0.49,1.86,1.09,NaN,-0.06 
2024-11-16 22,1.8,NaN,0.51,1.85,0.8,NaN,-0.07 
2024-11-16 23,1.77,NaN,0.51,1.85,0.52,NaN,-0.07 
2024-11-17 00,1.9,NaN,0.54,1.85,0.3,NaN,-0.07 
2024-11-17 01,1.97,NaN,0.58,1.85,0.11,NaN,-0.01 
2024-11-17 02,2.34,NaN,0.6,1.85,-0.03,NaN,0.06 
2024-11-17 03,2.89,NaN,0.58,1.87,-0.1,NaN,0.1 
2024-11-17 04,3.04,NaN,0.61,1.91,0.12,NaN,0.18 
2024-11-17 05,2.98,NaN,0.65,2,0.35,NaN,0.39 
2024-11-17 06,2.74,NaN,0.64,2.09,0.51,NaN,0.7 
2024-11-17 07,2.49,NaN,0.66,2.2,0.69,NaN,1.19 
2024-11-17 08,2.29,NaN,0.68,2.31,0.76,NaN,1.87 
2024-11-17 09,2.36,NaN,0.69,2.4,0.68,NaN,2.81 
2024-11-17 10,2.53,NaN,0.69,2.49,0.52,NaN,4.02 
2024-11-17 11,2.47,NaN,0.7,2.56,0.36,NaN,4.95 
2024-11-17 12,2.19,NaN,0.69,2.62,0.22,NaN,5.63 
2024-11-17 13,1.99,NaN,0.69,2.66,0.13,NaN,6.08 
2024-11-17 14,1.84,NaN,0.69,2.7,0.06,NaN,6.41 
2024-11-17 15,1.72,NaN,0.69,2.73,0.06,NaN,6.52 
2024-11-17 16,1.6,NaN,0.69,2.75,0.24,NaN,6.38 
2024-11-17 17,1.53,NaN,0.68,2.77,0.72,NaN,6.09 
2024-11-17 18,1.48,NaN,0.68,2.78,0.99,NaN,5.7 
2024-11-17 19,1.42,NaN,0.68,2.79,1.06,NaN,5.23 
2024-11-17 20,1.38,NaN,0.68,2.8,1.01,NaN,4.75 
2024-11-17 21,1.35,NaN,0.68,2.81,0.87,NaN,4.26 
2024-11-17 22,1.31,NaN,0.67,2.81,0.7,NaN,3.8 
2024-11-17 23,1.28,NaN,0.67,2.81,0.49,NaN,3.38 
2024-11-18 00,1.27,NaN,0.67,2.81,0.29,NaN,3.01 
2024-11-18 01,1.25,NaN,0.67,2.8,0.11,NaN,2.69 
2024-11-18 02,1.24,NaN,0.66,2.8,0,NaN,2.4 
2024-11-18 03,1.22,NaN,0.66,2.79,-0.14,NaN,2.15 
2024-11-18 04,1.21,NaN,0.66,2.78,-0.22,NaN,1.94 
2024-11-18 05,1.2,NaN,0.66,2.77,-0.19,NaN,1.76 
2024-11-18 06,1.19,NaN,0.66,2.76,0.44,NaN,1.61 
2024-11-18 07,1.19,NaN,0.66,2.75,0.72,NaN,1.48 
2024-11-18 08,1.18,NaN,0.66,2.74,0.83,NaN,1.37 
2024-11-18 09,1.17,NaN,0.66,2.73,0.86,NaN,1.27 
2024-11-18 10,1.16,NaN,0.66,2.71,0.78,NaN,1.19 
2024-11-18 11,1.15,NaN,0.66,2.7,0.57,NaN,1.12 
2024-11-18 12,1.13,NaN,0.66,2.69,0.31,NaN,1.05 
2024-11-18 13,1.12,NaN,0.66,2.68,0.08,NaN,0.99 
2024-11-18 14,1.11,NaN,0.66,2.66,-0.1,NaN,0.94 
2024-11-18 15,1.1,NaN,0.65,2.65,-0.16,NaN,0.89 
2024-11-18 16,1.09,NaN,0.65,2.64,0.09,NaN,0.84 
2024-11-18 17,1.09,NaN,0.65,2.62,0.56,NaN,0.79 
2024-11-18 18,1.09,NaN,0.64,2.61,0.86,NaN,0.75 
2024-11-18 19,1.09,NaN,0.64,2.6,0.97,NaN,0.71 
2024-11-18 20,1.08,NaN,0.63,2.58,1.01,NaN,0.68 
2024-11-18 21,1.08,NaN,0.63,2.57,0.98,NaN,0.65 
2024-11-18 22,1.07,NaN,0.63,2.56,0.8,NaN,0.62 
2024-11-18 23,1.07,NaN,0.63,2.55,0.55,NaN,0.6 
2024-11-19 00,1.07,NaN,0.62,2.54,0.26,NaN,0.57 
2024-11-19 01,1.07,NaN,0.62,2.53,0.01,NaN,0.54 
2024-11-19 02,1.07,NaN,0.62,2.51,-0.2,NaN,0.52 
2024-11-19 03,1.07,NaN,0.61,2.5,-0.38,NaN,0.49 
2024-11-19 04,1.07,NaN,0.61,2.49,-0.53,NaN,0.47 
2024-11-19 05,1.06,NaN,0.61,2.48,-0.56,NaN,0.46 
2024-11-19 06,1.06,NaN,0.6,2.47,-0.08,NaN,0.44 
2024-11-19 07,1.06,NaN,0.6,2.46,0.33,NaN,0.42 
2024-11-19 08,1.06,NaN,0.6,2.45,0.62,NaN,0.41 
2024-11-19 09,1.04,NaN,0.6,2.44,0.76,NaN,0.39 
2024-11-19 10,1.02,NaN,0.59,2.43,0.72,NaN,0.38 
2024-11-19 11,1.01,NaN,0.59,2.42,0.51,NaN,0.37 
2024-11-19 12,1,NaN,0.6,2.41,0.27,NaN,0.37 
2024-11-19 13,0.99,NaN,0.59,2.41,0.03,NaN,0.35 
2024-11-19 14,0.98,NaN,0.6,2.4,-0.08,NaN,0.34 
2024-11-19 15,0.96,NaN,0.59,2.39,-0.3,NaN,0.32 
2024-11-19 16,0.96,NaN,0.59,2.38,-0.22,NaN,0.31 
2024-11-19 17,0.96,NaN,0.59,2.37,0.07,NaN,0.3 
2024-11-19 18,0.95,NaN,0.59,2.36,0.55,NaN,0.29 
2024-11-19 19,0.96,NaN,0.59,2.36,0.85,NaN,0.27 
2024-11-19 20,0.95,NaN,0.59,2.35,0.95,NaN,0.26 
2024-11-19 21,0.95,NaN,0.59,2.34,0.96,NaN,0.25 
2024-11-19 22,0.95,NaN,0.58,2.33,0.85,NaN,0.25 
2024-11-19 23,0.96,NaN,0.58,2.33,0.62,NaN,0.24 
2024-11-20 00,0.95,NaN,0.58,2.32,0.37,NaN,0.23 
2024-11-20 01,0.95,NaN,0.58,2.31,0.08,NaN,0.21 
2024-11-20 02,0.95,NaN,0.58,2.31,-0.07,NaN,0.2 
2024-11-20 03,0.96,NaN,0.58,2.3,-0.43,NaN,0.19 
2024-11-20 04,0.95,NaN,0.58,2.3,-0.6,NaN,0.18 
2024-11-20 05,0.96,NaN,0.57,2.29,-0.67,NaN,0.18 
2024-11-20 06,0.95,NaN,0.57,2.28,-0.59,NaN,0.17 
2024-11-20 07,0.95,NaN,0.57,2.28,-0.31,NaN,0.16 
2024-11-20 08,0.96,NaN,0.57,2.27,0.33,NaN,0.16 
2024-11-20 09,0.95,NaN,0.57,2.26,0.59,NaN,0.15 
2024-11-20 10,0.95,NaN,0.57,2.25,0.7,NaN,0.15 
2024-11-20 11,0.94,NaN,0.57,2.25,0.59,NaN,0.15 
2024-11-20 12,0.93,NaN,0.57,2.24,0.4,NaN,0.15 
2024-11-20 13,0.92,NaN,0.57,2.24,0.13,NaN,0.15 
2024-11-20 14,0.92,NaN,0.57,2.23,0.01,NaN,0.14 
2024-11-20 15,0.91,NaN,0.57,2.22,-0.11,NaN,0.14 
2024-11-20 16,0.91,NaN,0.57,2.22,-0.31,NaN,0.13 
2024-11-20 17,NaN,NaN,0.57,2.21,-0.28,NaN,0.13 
2024-11-20 18,NaN,NaN,0.56,2.2,0.13,NaN,0.12 
2024-11-20 19,NaN,NaN,NaN,NaN,NaN,NaN,NaN 
2024-11-20 20,NaN,NaN,0.56,2.19,0.64,NaN,0.11 
2024-11-20 21,NaN,NaN,0.56,2.19,0.72,NaN,0.11 
2024-11-20 22,NaN,NaN,0.56,2.18,0.64,NaN,NaN 
2024-11-20 23,NaN,NaN,NaN,NaN,NaN,NaN,NaN 
2024-11-21 00,NaN,NaN,NaN,NaN,NaN,NaN,NaN 
2024-11-21 01,NaN,NaN,NaN,NaN,NaN,NaN,NaN 
2024-11-21 02,NaN,NaN,NaN,NaN,NaN,NaN,NaN 
2024-11-21 03,NaN,NaN,NaN,NaN,NaN,NaN,NaN 
2024-11-21 04,NaN,NaN,NaN,NaN,NaN,NaN,NaN 
2024-11-21 05,NaN,NaN,NaN,NaN,NaN,NaN,NaN 
2024-11-21 06,0.9,NaN,0.54,2.14,-0.75,NaN,0.06 
2024-11-21 07,0.9,NaN,0.54,2.13,-0.36,NaN,0.05 
2024-11-21 08,0.89,NaN,0.54,2.12,0.14,NaN,0.05 
2024-11-21 09,0.9,NaN,0.54,2.12,0.44,NaN,0.04 
2024-11-21 10,0.89,NaN,0.54,2.11,0.54,NaN,0.04 
2024-11-21 11,0.88,NaN,0.53,2.11,0.53,NaN,0.04 
2024-11-21 12,0.87,NaN,0.53,2.1,0.49,NaN,0.03 
2024-11-21 13,0.86,NaN,0.53,2.09,0.35,NaN,0.03 
2024-11-21 14,0.85,NaN,0.53,2.09,0.1,NaN,0.02 
2024-11-21 15,0.84,NaN,0.53,2.08,-0.05,NaN,0.02 
2024-11-21 16,0.83,NaN,0.52,2.08,-0.23,NaN,0.01 
2024-11-21 17,0.84,NaN,0.52,2.07,-0.25,NaN,0 
2024-11-21 18,0.86,NaN,0.52,2.07,-0.07,NaN,0 
2024-11-21 19,0.86,NaN,0.52,2.06,0.18,NaN,-0.01 
2024-11-21 20,0.85,NaN,0.52,2.06,0.4,NaN,-0.01 
2024-11-21 21,0.85,NaN,0.51,2.05,0.59,NaN,-0.02 
2024-11-21 22,0.85,NaN,0.51,2.05,0.56,NaN,-0.02 
2024-11-21 23,0.86,NaN,0.51,2.04,0.46,NaN,-0.02 
2024-11-22 00,0.86,NaN,0.51,2.03,0.33,NaN,-0.03 
2024-11-22 01,0.86,NaN,0.51,2.03,0.12,NaN,-0.03 
2024-11-22 02,0.86,NaN,0.51,2.02,-0.06,NaN,-0.03 
2024-11-22 03,0.86,NaN,0.51,2.02,-0.26,NaN,-0.04 
2024-11-22 04,0.86,NaN,0.51,2.02,-0.47,NaN,-0.04 
2024-11-22 05,0.86,NaN,0.5,2.01,-0.65,NaN,-0.04 
2024-11-22 06,0.85,NaN,0.5,2.01,-0.73,NaN,-0.05 
2024-11-22 07,0.85,NaN,0.51,2,-0.61,NaN,-0.05 
2024-11-22 08,0.85,NaN,0.51,1.99,-0.16,NaN,-0.05 
2024-11-22 09,0.84,NaN,0.51,1.99,0.16,NaN,-0.05 
2024-11-22 10,0.84,NaN,0.51,1.98,0.25,NaN,-0.05 
2024-11-22 11,0.84,NaN,0.51,1.98,0.28,NaN,-0.05 
2024-11-22 12,0.84,NaN,0.5,1.97,0.42,NaN,-0.04 
2024-11-22 13,0.84,NaN,0.5,1.97,0.39,NaN,-0.04 
2024-11-22 14,0.84,NaN,0.5,1.96,0.25,NaN,-0.03 
2024-11-22 15,0.84,NaN,0.5,1.96,0.06,NaN,-0.01 
2024-11-22 16,0.84,NaN,0.5,1.95,-0.14,NaN,0.01 
2024-11-22 17,0.84,NaN,0.5,1.95,-0.24,NaN,0.02 
2024-11-22 18,NaN,NaN,0.49,1.94,-0.19,NaN,0.04 
2024-11-22 19,0.83,NaN,0.49,1.94,-0.07,NaN,0.05 
2024-11-22 20,0.83,NaN,0.49,1.93,0.07,NaN,0.06 
2024-11-22 21,0.83,NaN,0.48,1.93,0.2,NaN,0.06 
2024-11-22 22,0.83,NaN,0.48,1.92,0.36,NaN,0.06 
2024-11-22 23,0.83,NaN,0.48,1.92,0.43,NaN,0.05 
2024-11-23 00,0.83,NaN,0.47,1.91,0.37,NaN,0.04 
2024-11-23 01,0.83,NaN,0.47,1.91,0.24,NaN,0.04 
2024-11-23 02,0.83,NaN,0.47,1.91,0.11,NaN,0.03 
2024-11-23 03,0.83,NaN,0.47,1.9,-0.02,NaN,0.01 
2024-11-23 04,0.83,NaN,0.46,1.9,-0.15,NaN,0.01 
2024-11-23 05,0.83,NaN,0.46,1.89,-0.39,NaN,0 
2024-11-23 06,0.83,NaN,0.46,1.89,-0.62,NaN,-0.01 
2024-11-23 07,0.84,NaN,0.46,1.88,-0.7,NaN,-0.02 
2024-11-23 08,0.84,NaN,0.46,1.88,-0.44,NaN,-0.02 
2024-11-23 09,0.83,NaN,0.45,1.87,-0.01,NaN,-0.03 
2024-11-23 10,0.83,NaN,0.45,1.87,0.12,NaN,-0.03 
2024-11-23 11,0.82,NaN,0.45,1.86,0.11,NaN,-0.04 
2024-11-23 12,0.81,NaN,0.45,1.86,0.22,NaN,-0.04 
2024-11-23 13,0.8,NaN,0.44,1.86,0.35,NaN,-0.05 
2024-11-23 14,0.8,NaN,0.44,1.85,0.43,NaN,-0.05 
2024-11-23 15,0.78,NaN,0.44,1.85,0.26,NaN,-0.05 
2024-11-23 16,0.76,NaN,0.44,1.84,0.01,NaN,-0.06 
2024-11-23 17,NaN,NaN,0.44,1.84,-0.2,NaN,-0.06 
2024-11-23 18,NaN,NaN,0.43,1.83,-0.31,NaN,-0.07 
2024-11-23 19,NaN,NaN,0.44,1.83,-0.35,NaN,-0.07 
2024-11-23 20,NaN,NaN,0.44,1.82,-0.28,NaN,-0.07 
2024-11-23 21,NaN,NaN,0.43,1.82,-0.18,NaN,-0.08 
2024-11-23 22,NaN,NaN,0.43,1.81,-0.12,NaN,-0.08 
2024-11-23 23,NaN,NaN,0.43,1.81,0.11,NaN,-0.09 
2024-11-24 00,NaN,NaN,0.43,1.8,0.23,NaN,-0.09 
2024-11-24 01,NaN,NaN,0.43,1.8,0.23,NaN,-0.09 
2024-11-24 02,NaN,NaN,0.43,1.79,0.16,NaN,-0.09 
2024-11-24 03,NaN,NaN,0.42,1.79,0.08,NaN,-0.09 
2024-11-24 04,NaN,NaN,0.42,1.79,-0.02,NaN,-0.09 
2024-11-24 05,NaN,NaN,0.42,1.78,-0.17,NaN,-0.08 
2024-11-24 06,NaN,NaN,0.42,1.78,-0.34,NaN,-0.08 
2024-11-24 07,0.7,NaN,0.42,1.77,-0.49,NaN,-0.07 
2024-11-24 08,0.7,NaN,0.42,1.77,-0.62,NaN,-0.06 
2024-11-24 09,0.7,NaN,0.41,1.76,-0.45,NaN,-0.03 
2024-11-24 10,0.69,NaN,0.41,1.76,-0.09,NaN,0 
2024-11-24 11,0.68,NaN,0.41,1.76,0.13,NaN,0.04 
2024-11-24 12,0.67,NaN,0.41,1.75,0.28,NaN,0.1 
2024-11-24 13,0.67,NaN,0.41,1.75,0.34,NaN,0.15 
2024-11-24 14,0.66,NaN,0.41,1.74,0.47,NaN,0.18 
2024-11-24 15,0.65,NaN,0.4,1.74,0.53,NaN,0.19 
2024-11-24 16,0.64,NaN,0.41,1.73,0.38,NaN,0.19 
2024-11-24 17,NaN,NaN,0.4,1.73,0.15,NaN,0.18 
2024-11-24 18,NaN,NaN,0.4,1.72,-0.09,NaN,0.17 
2024-11-24 19,NaN,NaN,0.4,1.72,-0.28,NaN,0.16 
2024-11-24 20,NaN,NaN,0.39,1.72,-0.32,NaN,0.14 
2024-11-24 21,NaN,NaN,0.39,1.71,-0.3,NaN,0.13 
2024-11-24 22,NaN,NaN,0.38,1.71,-0.26,NaN,0.11 
2024-11-24 23,NaN,NaN,0.38,1.7,-0.19,NaN,0.1 
2024-11-25 00,NaN,NaN,0.38,1.7,-0.05,NaN,0.09 
2024-11-25 01,NaN,NaN,0.38,1.7,0.2,NaN,0.08 
2024-11-25 02,NaN,NaN,0.37,1.69,0.35,NaN,0.07 
2024-11-25 03,NaN,NaN,0.37,1.69,0.29,NaN,0.07 
2024-11-25 04,NaN,NaN,0.37,1.68,0.21,NaN,0.07 
2024-11-25 05,NaN,NaN,0.37,1.68,0.01,NaN,0.08 
2024-11-25 06,0.63,NaN,0.37,1.68,-0.16,NaN,0.09 
2024-11-25 07,0.63,NaN,0.36,1.67,-0.34,NaN,0.1 
2024-11-25 08,0.63,NaN,0.36,1.67,-0.52,NaN,0.12 
2024-11-25 09,0.63,NaN,0.36,1.66,-0.6,NaN,0.13 
2024-11-25 10,0.63,NaN,0.36,1.66,-0.5,NaN,0.14 
2024-11-25 11,0.63,NaN,0.36,1.66,-0.2,NaN,0.14 
2024-11-25 12,0.62,NaN,0.36,1.65,0.18,NaN,0.14 
2024-11-25 13,0.62,NaN,0.36,1.65,0.42,NaN,0.13 
2024-11-25 14,0.62,NaN,0.35,1.64,0.49,NaN,0.13 
2024-11-25 15,0.61,NaN,0.35,1.64,0.56,NaN,0.12 
2024-11-25 16,0.61,NaN,0.35,1.64,0.53,NaN,0.11 
2024-11-25 17,NaN,NaN,0.35,1.63,0.32,NaN,0.1 
2024-11-25 18,NaN,NaN,0.34,1.63,0.07,NaN,0.08 
2024-11-25 19,NaN,NaN,0.34,1.62,-0.12,NaN,0.07 
2024-11-25 20,NaN,NaN,0.34,1.62,-0.35,NaN,0.05 
2024-11-25 21,0.6,NaN,0.33,1.62,-0.52,NaN,0.04 
2024-11-25 22,0.6,NaN,0.33,1.61,-0.56,NaN,0.03 
2024-11-25 23,0.6,NaN,0.33,1.61,-0.45,NaN,0.01 
2024-11-26 00,0.6,NaN,0.33,1.6,-0.3,NaN,0 
2024-11-26 01,0.61,NaN,0.33,1.6,-0.04,NaN,-0.01 
2024-11-26 02,0.61,NaN,0.33,1.6,0.28,NaN,-0.02 
2024-11-26 03,0.61,NaN,0.32,1.59,0.45,NaN,-0.03 
2024-11-26 04,0.61,NaN,0.32,1.59,0.5,NaN,-0.03 
2024-11-26 05,0.61,NaN,0.32,1.58,0.38,NaN,-0.04 
2024-11-26 06,0.61,NaN,0.32,1.58,0.15,NaN,-0.04 
2024-11-26 07,0.62,NaN,0.32,1.58,-0.05,NaN,NaN 
2024-11-26 08,0.62,NaN,0.32,1.57,-0.34,NaN,-0.05 
2024-11-26 09,0.62,NaN,0.32,1.57,-0.53,NaN,-0.06 
2024-11-26 10,0.61,NaN,0.32,1.56,-0.54,NaN,-0.06 
2024-11-26 11,0.61,NaN,0.31,1.56,-0.36,NaN,-0.07 
2024-11-26 12,0.61,NaN,0.31,1.56,-0.06,NaN,-0.07 
2024-11-26 13,0.61,NaN,0.31,1.55,0.3,NaN,-0.07 
2024-11-26 14,0.6,NaN,0.31,1.55,0.5,NaN,-0.07 
2024-11-26 15,0.6,NaN,0.31,1.54,0.63,NaN,-0.07 
2024-11-26 16,0.6,NaN,0.3,1.54,0.72,NaN,-0.05 
2024-11-26 17,0.6,NaN,0.3,1.53,0.55,NaN,0.03 
2024-11-26 18,0.6,NaN,0.3,1.53,0.28,NaN,0.14 
2024-11-26 19,0.6,NaN,0.3,1.52,0.01,NaN,0.22 
2024-11-26 20,0.6,NaN,0.29,1.52,-0.22,NaN,0.26 
2024-11-26 21,0.62,NaN,0.29,1.52,-0.46,NaN,0.28 
2024-11-26 22,0.62,NaN,0.29,1.51,-0.63,NaN,0.29 
2024-11-26 23,0.62,NaN,0.29,1.51,-0.73,NaN,0.32 
2024-11-27 00,0.63,NaN,0.29,1.51,-0.65,NaN,0.38 
2024-11-27 01,0.63,NaN,0.29,1.51,-0.28,NaN,0.44 
2024-11-27 02,0.64,NaN,0.29,1.5,0.06,NaN,0.48 
2024-11-27 03,0.64,NaN,0.29,1.5,0.31,NaN,0.5 
2024-11-27 04,0.65,NaN,0.28,1.49,0.49,NaN,0.5 
2024-11-27 05,0.65,NaN,0.28,1.49,0.51,NaN,0.48 
2024-11-27 06,0.66,NaN,0.28,1.48,0.31,NaN,0.46 
2024-11-27 07,0.66,NaN,0.28,1.48,0.05,NaN,0.43 
2024-11-27 08,0.66,NaN,0.28,1.48,-0.18,NaN,0.4 
2024-11-27 09,0.65,NaN,0.28,1.47,-0.39,NaN,0.37 
2024-11-27 10,0.64,NaN,0.28,1.47,-0.59,NaN,0.34 
2024-11-27 11,0.63,NaN,0.28,1.47,-0.62,NaN,0.33 
2024-11-27 12,0.63,NaN,0.28,1.46,-0.55,NaN,0.32 
2024-11-27 13,0.62,NaN,0.28,1.46,-0.41,NaN,0.34 
2024-11-27 14,0.61,NaN,0.28,1.46,0.4,NaN,0.35 
2024-11-27 15,0.6,NaN,0.27,1.45,0.66,NaN,0.36 
2024-11-27 16,0.6,NaN,0.27,1.45,0.78,NaN,0.37 
2024-11-27 17,0.61,NaN,0.27,1.45,0.75,NaN,0.37 
2024-11-27 18,0.6,NaN,0.26,1.45,0.57,NaN,0.35 
2024-11-27 19,0.6,NaN,0.26,1.44,0.29,NaN,0.33 
2024-11-27 20,0.6,NaN,0.26,1.44,0.01,NaN,0.31 
2024-11-27 21,0.6,NaN,0.25,1.44,-0.3,NaN,0.28 
2024-11-27 22,0.6,NaN,0.25,1.43,-0.58,NaN,0.25 
2024-11-27 23,0.6,NaN,0.24,1.43,-0.72,NaN,0.23 
2024-11-28 00,0.6,NaN,0.24,1.43,-0.8,NaN,0.21 
2024-11-28 01,0.62,NaN,0.24,1.43,-0.7,NaN,0.19 
2024-11-28 02,0.62,NaN,0.24,1.42,-0.11,NaN,0.18 
2024-11-28 03,0.62,NaN,0.24,1.42,0.25,NaN,0.18 
2024-11-28 04,0.62,NaN,0.24,1.41,0.56,NaN,0.17 
2024-11-28 05,0.62,NaN,0.23,1.41,0.66,NaN,0.16 
2024-11-28 06,0.63,NaN,0.23,1.41,0.56,NaN,0.16 
2024-11-28 07,0.63,NaN,0.23,1.4,0.31,NaN,0.15 
2024-11-28 08,0.64,NaN,0.23,1.4,0.02,NaN,0.14 
2024-11-28 09,0.65,NaN,0.23,1.4,-0.17,NaN,0.14 
2024-11-28 10,0.64,NaN,0.23,1.39,-0.43,NaN,0.13 
2024-11-28 11,0.64,NaN,0.23,1.39,-0.6,NaN,0.12 
2024-11-28 12,0.64,NaN,0.23,1.39,-0.63,NaN,0.11 
2024-11-28 13,0.64,NaN,0.23,1.38,-0.38,NaN,0.1 
2024-11-28 14,0.63,NaN,0.23,1.38,0.01,NaN,0.1 
2024-11-28 15,0.62,NaN,0.23,1.38,0.52,NaN,0.09 
2024-11-28 16,0.61,NaN,0.22,1.37,0.72,NaN,0.09 
2024-11-28 17,0.6,NaN,0.22,1.37,0.83,NaN,0.1 
2024-11-28 18,0.6,NaN,0.22,1.36,0.76,NaN,0.16 
2024-11-28 19,0.6,NaN,0.22,1.36,0.49,NaN,0.21 
2024-11-28 20,0.65,NaN,0.22,1.36,0.21,NaN,0.4 
2024-11-28 21,0.65,NaN,0.21,1.35,-0.04,NaN,0.78 
2024-11-28 22,0.65,NaN,0.21,1.35,-0.43,NaN,1.44 
2024-11-28 23,0.65,NaN,0.21,1.34,-0.69,NaN,2.12 
2024-11-29 00,0.7,NaN,0.21,1.34,-0.85,NaN,2.74 
2024-11-29 01,0.73,NaN,0.21,1.34,-0.84,NaN,3.21 
2024-11-29 02,0.71,NaN,0.21,1.33,-0.64,NaN,3.47 
2024-11-29 03,0.68,NaN,0.21,1.33,0.03,NaN,3.53 
2024-11-29 04,0.67,NaN,0.21,1.32,0.46,NaN,3.46 
2024-11-29 05,0.66,NaN,0.2,1.32,0.68,NaN,3.28 
2024-11-29 06,0.66,NaN,0.2,1.31,0.63,NaN,3.06 
2024-11-29 07,0.64,NaN,0.21,1.3,0.48,NaN,2.82 
2024-11-29 08,0.63,NaN,0.21,1.3,0.26,NaN,2.58 
2024-11-29 09,0.63,NaN,0.21,1.3,-0.01,NaN,2.35 
2024-11-29 10,0.63,NaN,0.21,1.29,-0.23,NaN,2.12 
2024-11-29 11,0.62,NaN,0.21,1.29,-0.48,NaN,1.92 
2024-11-29 12,0.61,NaN,0.21,1.28,-0.58,NaN,1.74 
2024-11-29 13,0.61,NaN,0.2,1.28,-0.49,NaN,1.58 
2024-11-29 14,0.61,NaN,0.21,1.28,0.02,NaN,1.44 
2024-11-29 15,0.61,NaN,0.21,1.27,0.46,NaN,1.32 
2024-11-29 16,0.61,NaN,0.21,1.27,0.76,NaN,1.21 
2024-11-29 17,0.61,NaN,0.21,1.26,0.89,NaN,1.12 
2024-11-29 18,0.6,NaN,0.21,1.26,0.87,NaN,1.04 
2024-11-29 19,0.6,NaN,0.21,1.25,0.71,NaN,0.97 
2024-11-29 20,0.6,NaN,0.2,1.25,0.4,NaN,0.92 
2024-11-29 21,0.6,NaN,0.2,1.25,0.07,NaN,0.88 
2024-11-29 22,0.61,NaN,0.2,1.24,-0.24,NaN,0.84 
2024-11-29 23,0.62,NaN,0.2,1.24,-0.54,NaN,0.8 
2024-11-30 00,0.63,NaN,0.2,1.24,-0.81,NaN,0.78 
2024-11-30 01,0.63,NaN,0.2,1.23,-0.97,NaN,0.76 
2024-11-30 02,0.63,NaN,0.2,1.23,-0.77,NaN,0.76 
2024-11-30 03,0.63,NaN,0.19,1.23,-0.1,NaN,0.76 
2024-11-30 04,0.63,NaN,0.19,1.22,0.27,NaN,0.77 
2024-11-30 05,0.63,NaN,0.19,1.22,0.6,NaN,0.77 
2024-11-30 06,0.63,NaN,0.19,1.21,0.76,NaN,0.8 
2024-11-30 07,0.64,NaN,0.19,1.21,0.72,NaN,0.85 
2024-11-30 08,0.67,NaN,0.19,1.2,0.53,NaN,0.96 
2024-11-30 09,0.68,NaN,0.19,1.2,0.28,NaN,1.23 
2024-11-30 10,0.7,NaN,0.19,1.2,-0.05,NaN,1.58 
2024-11-30 11,0.71,NaN,0.19,1.19,-0.3,NaN,1.92 
2024-11-30 12,0.73,NaN,0.19,1.19,-0.51,NaN,2.38 
2024-11-30 13,0.76,NaN,0.19,1.18,-0.53,NaN,3.21 
2024-11-30 14,0.8,NaN,0.19,1.18,-0.11,NaN,3.86 
2024-11-30 15,0.8,NaN,0.19,1.18,0.3,NaN,4.23 
2024-11-30 16,0.8,NaN,0.19,1.17,0.65,NaN,4.45 
2024-11-30 17,0.78,NaN,0.18,1.17,0.88,NaN,4.69 
2024-11-30 18,0.77,NaN,0.18,1.16,0.97,NaN,4.96 
2024-11-30 19,0.76,NaN,0.18,1.16,0.93,NaN,5.12 
2024-11-30 20,0.76,NaN,0.18,1.15,0.76,NaN,5.18 
2024-11-30 21,0.8,NaN,0.19,1.15,0.5,NaN,5.4 
2024-11-30 22,0.89,NaN,0.24,1.15,0.24,NaN,5.84 
2024-11-30 23,0.99,NaN,0.25,1.15,-0.02,NaN,6.35 
2024-12-01 00,1.07,NaN,0.25,1.15,-0.19,NaN,6.94 
2024-12-01 01,1.55,NaN,0.26,1.15,-0.32,NaN,7.6 
2024-12-01 02,1.76,NaN,0.3,1.16,-0.37,NaN,8.2 
2024-12-01 03,1.69,NaN,0.37,1.2,-0.22,NaN,8.5 
2024-12-01 04,1.63,NaN,0.4,1.26,0.4,NaN,8.63 
2024-12-01 05,1.56,NaN,0.39,1.34,0.74,NaN,8.73 
2024-12-01 06,1.47,NaN,0.41,1.41,0.89,NaN,8.94 
2024-12-01 07,1.41,NaN,0.43,1.48,0.88,NaN,9.23 
2024-12-01 08,1.36,NaN,0.45,1.54,0.85,NaN,9.45 
2024-12-01 09,1.29,NaN,0.46,1.6,0.78,NaN,9.63 
2024-12-01 10,1.21,NaN,0.47,1.66,0.67,NaN,9.7 
2024-12-01 11,1.17,NaN,0.48,1.71,0.57,NaN,9.67 
2024-12-01 12,1.13,NaN,0.48,1.76,0.47,NaN,9.53 
2024-12-01 13,1.1,NaN,0.49,1.8,0.38,NaN,9.29 
2024-12-01 14,1.08,NaN,0.5,1.83,0.37,NaN,8.94 
2024-12-01 15,1.05,NaN,0.51,1.86,0.48,NaN,8.52 
2024-12-01 16,1.09,NaN,0.51,1.88,0.68,NaN,8.08 
2024-12-01 17,1.13,NaN,0.52,1.9,0.87,NaN,7.61 
2024-12-01 18,1.12,NaN,0.53,1.92,0.95,NaN,7.16 
2024-12-01 19,1.15,NaN,0.53,1.93,0.95,NaN,6.78 
2024-12-01 20,1.24,NaN,0.53,1.93,0.89,NaN,6.49 
2024-12-01 21,1.33,NaN,0.53,1.94,0.77,NaN,6.29 
2024-12-01 22,1.34,NaN,0.53,1.94,0.62,NaN,6.18 
2024-12-01 23,1.3,NaN,0.54,1.94,0.47,NaN,6.32 
2024-12-02 00,1.23,NaN,0.54,1.94,0.32,NaN,6.78 
2024-12-02 01,1.16,NaN,0.54,1.94,0.19,NaN,7.11 
2024-12-02 02,1.12,NaN,0.54,1.94,0.09,NaN,7.07 
2024-12-02 03,1.08,NaN,0.54,1.94,0.04,NaN,6.78 
2024-12-02 04,1.05,NaN,0.54,1.93,0.1,NaN,6.34 
2024-12-02 05,1.02,NaN,0.54,1.93,0.31,NaN,5.86 
2024-12-02 06,1,NaN,0.54,1.92,0.56,NaN,5.36 
2024-12-02 07,0.99,NaN,0.54,1.91,0.73,NaN,4.88 
2024-12-02 08,0.97,NaN,0.54,1.91,0.74,NaN,4.43 
2024-12-02 09,0.99,NaN,0.54,1.9,0.68,NaN,4.02 
2024-12-02 10,0.68,NaN,0.54,1.89,0.53,NaN,3.65 
2024-12-02 11,0.85,NaN,0.54,1.88,0.3,NaN,3.33 
2024-12-02 12,0.87,NaN,0.54,1.87,0.08,NaN,3.06 
2024-12-02 13,0.86,NaN,0.54,1.86,-0.1,NaN,2.82 
2024-12-02 14,0.85,NaN,0.54,1.86,-0.2,NaN,2.62 
2024-12-02 15,0.86,NaN,0.54,1.85,-0.12,NaN,2.44 
2024-12-02 16,0.84,NaN,0.54,1.84,0.27,NaN,2.29 
2024-12-02 17,0.83,NaN,0.54,1.85,0.69,NaN,2.15 
2024-12-02 18,0.81,NaN,0.54,1.85,0.9,NaN,2.04 
2024-12-02 19,0.8,NaN,0.54,1.84,0.95,NaN,1.97 
2024-12-02 20,0.8,NaN,0.54,1.84,0.89,NaN,1.94 
2024-12-02 21,0.8,NaN,0.54,1.84,0.7,NaN,1.92 
2024-12-02 22,0.8,NaN,0.54,1.83,0.45,NaN,1.94 
2024-12-02 23,0.93,NaN,0.54,1.83,0.16,NaN,1.96 
2024-12-03 00,1.27,NaN,0.54,1.82,-0.09,NaN,1.96 
2024-12-03 01,1.3,NaN,0.54,1.82,-0.29,NaN,1.93 
2024-12-03 02,1.24,NaN,0.54,1.81,-0.48,NaN,1.89 
2024-12-03 03,1.14,NaN,0.54,1.8,-0.61,NaN,1.85 
2024-12-03 04,1.08,NaN,0.54,1.79,-0.57,NaN,1.81 
2024-12-03 05,1.03,NaN,0.56,1.78,-0.01,NaN,1.76 
2024-12-03 06,0.99,NaN,0.56,1.78,0.47,NaN,1.71 
2024-12-03 07,0.96,NaN,0.56,1.77,0.7,NaN,1.65 
2024-12-03 08,0.94,NaN,0.57,1.76,0.7,NaN,1.58 
2024-12-03 09,0.93,NaN,0.57,1.75,0.63,NaN,1.52 
2024-12-03 10,0.92,NaN,0.57,1.74,0.45,NaN,1.46 
2024-12-03 11,0.91,NaN,0.57,1.73,0.22,NaN,1.41 
2024-12-03 12,0.9,NaN,0.58,1.73,-0.02,NaN,1.36 
2024-12-03 13,0.89,NaN,0.58,1.72,-0.21,NaN,1.31 
2024-12-03 14,0.87,NaN,0.58,1.71,-0.37,NaN,1.26 
2024-12-03 15,0.86,NaN,0.58,1.71,-0.39,NaN,1.22 
2024-12-03 16,0.85,NaN,0.58,1.7,-0.03,NaN,1.18 
2024-12-03 17,0.84,NaN,0.58,1.69,0.44,NaN,1.14 
2024-12-03 18,0.83,NaN,0.58,1.68,0.79,NaN,1.1 
2024-12-03 19,0.83,NaN,0.58,1.68,0.91,NaN,1.07 
2024-12-03 20,0.82,NaN,0.58,1.67,0.9,NaN,1.04 
2024-12-03 21,0.81,NaN,0.58,1.66,0.73,NaN,1.02 
2024-12-03 22,0.8,NaN,0.57,1.66,0.49,NaN,0.99 
2024-12-03 23,0.8,NaN,0.58,1.65,0.21,NaN,0.97 
2024-12-04 00,0.8,NaN,0.58,1.65,-0.08,NaN,0.94 
2024-12-04 01,0.8,NaN,0.58,1.64,-0.33,NaN,0.92 
2024-12-04 02,0.79,NaN,0.58,1.63,-0.58,NaN,0.9 
2024-12-04 03,0.79,NaN,0.58,1.63,-0.77,NaN,0.88 
2024-12-04 04,0.79,NaN,0.57,1.62,-0.81,NaN,0.86 
2024-12-04 05,0.78,NaN,0.57,1.62,-0.48,NaN,0.84 
2024-12-04 06,0.78,NaN,0.57,1.61,0.15,NaN,0.82 
2024-12-04 07,0.78,NaN,0.57,1.6,0.49,NaN,0.81 
2024-12-04 08,0.77,NaN,0.57,1.59,0.69,NaN,0.79 
2024-12-04 09,0.77,NaN,0.57,1.59,0.7,NaN,0.78 
2024-12-04 10,0.77,NaN,0.57,1.58,0.55,NaN,0.76 
2024-12-04 11,0.76,NaN,0.57,1.58,0.32,NaN,0.76 
2024-12-04 12,0.76,NaN,0.57,1.57,0.06,NaN,0.74 
2024-12-04 13,0.76,NaN,0.57,1.57,-0.17,NaN,0.73 
2024-12-04 14,0.75,NaN,0.57,1.56,-0.34,NaN,0.7 
2024-12-04 15,0.76,NaN,0.57,1.55,-0.43,NaN,0.68 
2024-12-04 16,0.75,NaN,0.57,1.55,-0.31,NaN,0.67 
2024-12-04 17,0.75,NaN,0.57,1.54,0.14,NaN,0.65 
2024-12-04 18,0.75,NaN,0.56,1.54,0.55,NaN,0.63 
2024-12-04 19,0.77,NaN,0.56,1.53,0.82,NaN,0.62 
2024-12-04 20,0.78,NaN,0.56,1.53,0.9,NaN,0.6 
2024-12-04 21,0.77,NaN,0.56,1.52,0.86,NaN,0.59 
2024-12-04 22,0.76,NaN,0.56,1.52,0.62,NaN,NaN 
2024-12-04 23,0.75,NaN,0.56,1.51,0.34,NaN,0.57 
2024-12-05 00,NaN,NaN,NaN,NaN,NaN,NaN,NaN 
2024-12-05 01,NaN,NaN,NaN,NaN,NaN,NaN,NaN 
2024-12-05 02,NaN,NaN,NaN,NaN,NaN,NaN,NaN 
2024-12-05 03,NaN,NaN,NaN,NaN,NaN,NaN,NaN 
2024-12-05 04,NaN,NaN,NaN,NaN,NaN,NaN,NaN 
2024-12-05 05,NaN,NaN,NaN,NaN,NaN,NaN,NaN 
2024-12-05 06,NaN,NaN,NaN,NaN,NaN,NaN,NaN 
2024-12-05 07,0.73,NaN,0.56,1.48,0.28,NaN,0.5 
2024-12-05 08,0.73,NaN,0.56,1.47,0.53,NaN,0.49 
2024-12-05 09,0.73,NaN,0.56,1.47,0.62,NaN,0.48 
2024-12-05 10,0.73,NaN,0.56,1.46,0.59,NaN,0.48 
2024-12-05 11,0.72,NaN,0.56,1.46,0.43,NaN,0.47 
2024-12-05 12,0.71,NaN,0.55,1.46,0.24,NaN,0.46 
2024-12-05 13,0.71,NaN,0.55,1.45,0.02,NaN,0.45 
2024-12-05 14,0.7,NaN,0.55,1.45,-0.21,NaN,0.44 
2024-12-05 15,0.7,NaN,0.55,1.45,-0.41,NaN,0.43 
2024-12-05 16,0.7,NaN,0.55,1.44,-0.44,NaN,0.42 
2024-12-05 17,0.69,NaN,0.55,1.44,-0.08,NaN,0.41 
2024-12-05 18,0.69,NaN,0.55,1.43,0.36,NaN,0.4 
2024-12-05 19,0.69,NaN,0.55,1.43,0.64,NaN,0.39 
2024-12-05 20,0.68,NaN,0.55,1.42,0.78,NaN,0.37 
2024-12-05 21,0.68,NaN,0.55,1.42,0.81,NaN,0.36 
2024-12-05 22,0.67,NaN,0.55,1.42,0.7,NaN,0.35 
2024-12-05 23,0.67,NaN,0.55,1.41,0.48,NaN,0.35 
2024-12-06 00,0.67,NaN,0.55,1.41,0.23,NaN,0.34 
2024-12-06 01,0.67,NaN,0.55,1.41,-0.11,NaN,0.33 
2024-12-06 02,0.68,NaN,0.55,1.41,-0.38,NaN,0.33 
2024-12-06 03,0.67,NaN,0.55,1.4,-0.63,NaN,0.32 
2024-12-06 04,0.68,NaN,0.54,1.4,-0.82,NaN,0.31 
2024-12-06 05,0.68,NaN,0.54,1.39,-0.87,NaN,0.31 
2024-12-06 06,0.68,NaN,0.54,1.39,-0.79,NaN,0.3 
2024-12-06 07,0.69,NaN,0.54,1.39,-0.05,NaN,0.3 
2024-12-06 08,0.69,NaN,0.54,1.38,0.28,NaN,0.29 
2024-12-06 09,0.68,NaN,0.54,1.38,0.55,NaN,0.29 
2024-12-06 10,0.68,NaN,0.54,1.37,0.62,NaN,0.29 
2024-12-06 11,0.67,NaN,0.54,1.37,0.57,NaN,0.29 
2024-12-06 12,0.67,NaN,0.54,1.36,0.43,NaN,0.29 
2024-12-06 13,0.67,NaN,0.54,1.36,0.26,NaN,0.29 
2024-12-06 14,0.66,NaN,0.54,1.36,0.02,NaN,0.29 
2024-12-06 15,0.66,NaN,0.54,1.35,-0.22,NaN,0.29 
2024-12-06 16,0.65,NaN,0.54,1.35,-0.35,NaN,0.28 
2024-12-06 17,0.65,NaN,0.54,1.34,-0.34,NaN,0.28 
2024-12-06 18,0.65,NaN,0.54,1.34,0.04,NaN,0.28 
2024-12-06 19,0.64,NaN,0.54,1.33,0.35,NaN,0.27 
2024-12-06 20,0.64,NaN,0.54,1.33,0.6,NaN,0.27 
2024-12-06 21,0.64,NaN,0.54,1.32,0.78,NaN,0.27 
2024-12-06 22,0.64,NaN,0.53,1.32,0.78,NaN,0.26 
2024-12-06 23,0.64,NaN,0.53,1.31,0.61,NaN,0.26 
2024-12-07 00,0.64,NaN,0.53,1.31,0.35,NaN,0.26 
2024-12-07 01,0.64,NaN,0.53,1.3,0.07,NaN,0.25 
2024-12-07 02,0.65,NaN,0.53,1.3,-0.18,NaN,0.25 
2024-12-07 03,0.65,NaN,0.53,1.3,-0.43,NaN,0.24 
2024-12-07 04,0.65,NaN,0.53,1.29,-0.66,NaN,0.23 
2024-12-07 05,0.65,NaN,0.54,1.29,-0.84,NaN,0.22 
2024-12-07 06,0.65,NaN,0.54,1.29,-0.81,NaN,0.22 
2024-12-07 07,0.66,NaN,0.54,1.28,-0.53,NaN,0.21 
2024-12-07 08,0.65,NaN,0.54,1.27,0.06,NaN,0.21 
2024-12-07 09,0.69,NaN,0.54,1.27,0.33,NaN,0.2 
2024-12-07 10,0.72,NaN,0.54,1.27,0.47,NaN,0.2 
2024-12-07 11,0.7,NaN,0.54,1.26,0.5,NaN,0.19 
2024-12-07 12,0.63,NaN,0.55,1.26,0.47,NaN,0.19 
2024-12-07 13,0.49,NaN,0.55,1.26,0.38,NaN,0.18 
2024-12-07 14,0.38,NaN,0.55,1.25,0.18,NaN,0.18 
2024-12-07 15,0.32,NaN,0.55,1.25,-0.06,NaN,0.18 
2024-12-07 16,0.4,NaN,0.55,1.24,-0.24,NaN,0.17 
2024-12-07 17,0.47,NaN,0.55,1.24,-0.38,NaN,0.17 
2024-12-07 18,0.53,NaN,0.55,1.24,-0.29,NaN,0.17 
2024-12-07 19,0.56,NaN,0.54,1.23,0.06,NaN,0.16 
2024-12-07 20,0.58,NaN,0.54,1.23,0.32,NaN,0.16 
2024-12-07 21,0.6,NaN,0.54,1.23,0.55,NaN,0.16 
2024-12-07 22,0.61,NaN,0.54,1.22,0.62,NaN,0.15 
2024-12-07 23,0.62,NaN,0.54,1.22,0.58,NaN,0.15 
2024-12-08 00,0.62,NaN,0.54,1.21,0.44,NaN,0.14 
2024-12-08 01,0.62,NaN,0.54,1.21,0.26,NaN,0.14 
2024-12-08 02,0.62,NaN,0.54,1.21,0.04,NaN,0.13 
2024-12-08 03,0.62,NaN,0.54,1.2,-0.19,NaN,0.13 
2024-12-08 04,0.62,NaN,0.54,1.2,-0.45,NaN,0.13 
2024-12-08 05,0.62,NaN,0.53,1.2,-0.65,NaN,0.12 
2024-12-08 06,0.63,NaN,0.53,1.19,-0.73,NaN,0.12 
2024-12-08 07,0.62,NaN,0.55,1.19,-0.54,NaN,0.12 
2024-12-08 08,0.63,NaN,0.55,1.18,-0.23,NaN,0.12 
2024-12-08 09,0.63,NaN,0.55,1.18,0.09,NaN,0.12 
2024-12-08 10,0.8,NaN,0.55,1.18,0.26,NaN,0.12 
2024-12-08 11,0.96,NaN,0.55,1.17,0.43,NaN,0.13 
2024-12-08 12,0.96,NaN,0.55,1.17,0.64,NaN,0.14 
2024-12-08 13,1,NaN,0.55,1.17,0.67,NaN,0.14 
2024-12-08 14,1.02,NaN,0.55,1.16,0.5,NaN,0.15 
2024-12-08 15,0.89,NaN,0.55,1.16,0.22,NaN,0.16 
2024-12-08 16,0.81,NaN,0.55,1.16,0,NaN,0.17 
2024-12-08 17,0.76,NaN,0.54,1.16,-0.19,NaN,0.17 
2024-12-08 18,0.74,NaN,0.54,1.15,-0.29,NaN,0.18 
2024-12-08 19,0.72,NaN,0.54,1.15,-0.28,NaN,0.18 
2024-12-08 20,0.7,NaN,0.54,1.15,-0.14,NaN,0.18 
2024-12-08 21,0.7,NaN,0.54,1.14,0.14,NaN,0.19 
2024-12-08 22,0.69,NaN,0.54,1.14,0.45,NaN,0.2 
2024-12-08 23,0.68,NaN,0.55,1.14,0.67,NaN,0.21 
2024-12-09 00,0.67,NaN,0.56,1.13,0.68,NaN,0.23 
2024-12-09 01,0.67,NaN,0.55,1.13,0.57,NaN,0.25 
2024-12-09 02,0.67,NaN,0.55,1.13,0.37,NaN,0.27 
2024-12-09 03,0.67,NaN,0.56,1.13,0.13,NaN,0.27 
2024-12-09 04,0.68,NaN,0.56,1.13,-0.09,NaN,0.26 
2024-12-09 05,0.7,NaN,0.56,1.13,-0.27,NaN,0.25 
2024-12-09 06,0.7,NaN,0.56,1.12,-0.47,NaN,0.25 
2024-12-09 07,0.76,NaN,0.56,1.12,-0.55,NaN,0.26 
2024-12-09 08,0.78,NaN,0.57,1.12,-0.4,NaN,0.33 
2024-12-09 09,0.81,NaN,0.6,1.12,-0.24,NaN,0.44 
2024-12-09 10,0.88,NaN,0.59,1.11,0.13,NaN,0.6 
2024-12-09 11,1.13,NaN,0.59,1.11,0.49,NaN,0.79 
2024-12-09 12,1.59,NaN,0.59,1.11,0.68,NaN,1.17 
2024-12-09 13,1.52,NaN,0.59,1.11,0.79,NaN,2.25 
2024-12-09 14,1.38,NaN,0.6,1.11,0.77,NaN,3.47 
2024-12-09 15,1.25,NaN,0.6,1.11,0.55,NaN,4.06 
2024-12-09 16,1.17,NaN,0.6,1.11,0.35,NaN,4.33 
2024-12-09 17,1.1,NaN,0.6,1.12,0.17,NaN,4.44 
2024-12-09 18,1.08,NaN,0.61,1.12,-0.1,NaN,4.56 
2024-12-09 19,1.04,NaN,0.61,1.13,-0.2,NaN,4.99 
2024-12-09 20,1.02,NaN,0.61,1.14,-0.3,NaN,5.28 
2024-12-09 21,1.08,NaN,0.63,1.15,-0.14,NaN,5.32 
2024-12-09 22,1.03,NaN,0.64,1.15,0.26,NaN,5.45 
2024-12-09 23,1.23,NaN,0.65,1.16,0.4,NaN,5.63 
2024-12-10 00,2.64,NaN,0.65,1.17,0.43,NaN,5.9 
2024-12-10 01,3.54,NaN,0.66,1.18,0.48,NaN,6.67 
2024-12-10 02,3.57,NaN,0.66,1.19,0.48,NaN,7.82 
2024-12-10 03,3.23,NaN,0.67,1.2,0.4,NaN,8.63 
2024-12-10 04,2.88,NaN,0.67,1.21,0.29,NaN,9.02 
2024-12-10 05,2.55,NaN,0.68,1.23,0.15,NaN,9.12 
2024-12-10 06,2.32,NaN,0.68,1.24,-0.06,NaN,9.01 
2024-12-10 07,2.16,NaN,0.68,1.25,-0.19,NaN,8.82 
2024-12-10 08,2.07,NaN,0.69,1.26,-0.2,NaN,8.54 
2024-12-10 09,1.94,NaN,0.69,1.27,-0.11,NaN,8.2 
2024-12-10 10,1.85,NaN,0.69,1.28,0.11,NaN,7.84 
2024-12-10 11,1.78,NaN,0.69,1.29,0.31,NaN,7.51 
2024-12-10 12,1.73,NaN,0.69,1.3,0.47,NaN,7.23 
2024-12-10 13,1.69,NaN,0.69,1.31,0.78,NaN,6.96 
2024-12-10 14,1.61,NaN,0.69,1.31,0.92,NaN,6.69 
2024-12-10 15,1.57,NaN,0.7,1.32,0.89,NaN,6.47 
2024-12-10 16,1.5,NaN,0.7,1.32,0.75,NaN,6.43 
2024-12-10 17,1.45,NaN,0.7,1.32,0.54,NaN,6.61 
2024-12-10 18,1.43,NaN,0.7,1.32,0.35,NaN,6.74 
2024-12-10 19,1.4,NaN,0.7,1.33,0.15,NaN,6.66 
2024-12-10 20,1.39,NaN,0.7,1.33,-0.01,NaN,6.44 
2024-12-10 21,1.4,NaN,0.7,1.33,-0.13,NaN,6.42 
2024-12-10 22,1.39,NaN,0.7,1.33,-0.2,NaN,6.81 
2024-12-10 23,1.33,NaN,0.7,1.33,-0.09,NaN,7.14 
2024-12-11 00,1.3,NaN,0.7,1.32,0.2,NaN,7.22 
2024-12-11 01,1.27,NaN,0.7,1.32,0.48,NaN,7.18 
2024-12-11 02,1.25,NaN,0.7,1.32,0.57,NaN,7.02 
2024-12-11 03,1.24,NaN,0.7,1.32,0.57,NaN,6.8 
2024-12-11 04,1.23,NaN,0.71,1.32,0.49,NaN,6.52 
2024-12-11 05,1.22,NaN,0.71,1.32,0.4,NaN,6.16 
2024-12-11 06,1.21,NaN,0.71,1.32,0.23,NaN,5.75 
2024-12-11 07,1.21,NaN,0.71,1.32,0.02,NaN,5.32 
2024-12-11 08,1.18,NaN,0.71,1.32,-0.15,NaN,4.89 
2024-12-11 09,1.14,NaN,0.72,1.32,-0.25,NaN,4.46 
2024-12-11 10,1.12,NaN,0.72,1.32,-0.26,NaN,4.07 
2024-12-11 11,1.09,NaN,0.72,1.32,-0.07,NaN,3.72 
2024-12-11 12,1.04,NaN,0.72,1.33,0.16,NaN,3.4 
2024-12-11 13,0.99,NaN,0.71,1.33,0.51,NaN,3.12 
2024-12-11 14,0.97,NaN,0.71,1.33,0.83,NaN,2.88 
2024-12-11 15,0.95,NaN,0.72,1.33,0.97,NaN,2.67 
2024-12-11 16,0.93,NaN,0.71,1.33,0.94,NaN,2.49 
2024-12-11 17,0.92,NaN,0.71,1.34,0.74,NaN,2.33 
2024-12-11 18,0.9,NaN,0.71,1.34,0.47,NaN,2.19 
2024-12-11 19,NaN,NaN,NaN,NaN,NaN,NaN,NaN 
2024-12-11 20,NaN,NaN,NaN,NaN,NaN,NaN,NaN 
2024-12-11 21,0.87,NaN,0.71,1.34,-0.29,NaN,1.89 
2024-12-11 22,0.86,NaN,0.71,1.34,-0.5,NaN,1.81 
2024-12-11 23,0.86,NaN,0.71,1.34,-0.62,NaN,1.74 
2024-12-12 00,0.86,NaN,0.71,1.34,-0.54,NaN,1.68 
2024-12-12 01,0.86,NaN,0.71,1.34,0.03,NaN,1.63 
2024-12-12 02,0.86,NaN,0.71,1.34,0.48,NaN,1.59 
2024-12-12 03,0.86,NaN,0.71,1.34,0.7,NaN,1.55 
2024-12-12 04,0.86,NaN,0.71,1.33,0.65,NaN,1.52 
2024-12-12 05,0.86,NaN,0.71,1.33,0.52,NaN,1.49 
2024-12-12 06,0.86,NaN,0.71,1.33,0.39,NaN,1.49 
2024-12-12 07,0.86,NaN,0.71,1.32,0.15,NaN,1.52 
2024-12-12 08,0.86,NaN,0.7,1.32,-0.11,NaN,1.58 
2024-12-12 09,0.88,NaN,0.7,1.32,-0.29,NaN,1.63 
2024-12-12 10,0.92,NaN,0.7,1.31,-0.43,NaN,1.7 
2024-12-12 11,0.93,NaN,0.7,1.31,-0.41,NaN,1.91 
2024-12-12 12,0.93,NaN,0.7,1.3,-0.04,NaN,2.2 
2024-12-12 13,0.92,NaN,0.7,1.3,0.32,NaN,2.42 
2024-12-12 14,0.95,NaN,0.7,1.29,0.63,NaN,2.58 
2024-12-12 15,0.97,NaN,0.7,1.29,0.84,NaN,2.71 
2024-12-12 16,1.01,NaN,0.7,1.29,0.94,NaN,2.8 
2024-12-12 17,1.27,NaN,0.71,1.28,0.97,NaN,2.81 
2024-12-12 18,3.69,NaN,0.72,1.28,0.76,NaN,2.77 
2024-12-12 19,NaN,NaN,NaN,NaN,NaN,NaN,NaN 
2024-12-12 20,4.03,NaN,0.73,1.27,0.2,NaN,2.63 
2024-12-12 21,3.55,NaN,0.72,1.27,-0.12,NaN,2.55 
2024-12-12 22,3.1,NaN,0.73,1.27,-0.35,NaN,2.46 
2024-12-12 23,2.66,NaN,0.74,1.27,-0.58,NaN,2.38 
2024-12-13 00,2.35,NaN,0.74,1.27,-0.7,NaN,2.31 
2024-12-13 01,2.14,NaN,0.74,1.27,-0.62,NaN,2.25 
2024-12-13 02,2.01,NaN,0.75,1.27,-0.04,NaN,2.19 
2024-12-13 03,1.91,NaN,0.75,1.27,0.41,NaN,2.12 
2024-12-13 04,1.82,NaN,0.75,1.27,0.71,NaN,2.04 
2024-12-13 05,1.76,NaN,0.75,1.27,0.8,NaN,1.96 
2024-12-13 06,1.72,NaN,0.75,1.27,0.74,NaN,1.87 
2024-12-13 07,1.66,NaN,0.75,1.27,0.52,NaN,1.79 
2024-12-13 08,1.59,NaN,0.75,1.27,0.24,NaN,1.72 
2024-12-13 09,1.5,NaN,0.75,1.27,-0.04,NaN,1.64 
2024-12-13 10,1.42,NaN,0.75,1.27,-0.24,NaN,1.58 
2024-12-13 11,1.36,NaN,0.75,1.27,-0.39,NaN,1.52 
2024-12-13 12,1.3,NaN,0.75,1.28,-0.37,NaN,1.46 
2024-12-13 13,1.27,NaN,0.75,1.28,-0.07,NaN,1.41 
2024-12-13 14,1.21,NaN,0.75,1.28,0.35,NaN,1.39 
2024-12-13 15,1.17,NaN,0.75,1.27,0.74,NaN,1.39 
2024-12-13 16,1.14,NaN,0.74,1.27,0.94,NaN,1.36 
2024-12-13 17,1.1,NaN,0.74,1.27,1,NaN,1.33 
2024-12-13 18,0.87,NaN,0.74,1.27,0.98,NaN,1.32 
2024-12-13 19,0.89,NaN,0.76,1.27,0.74,NaN,1.31 
2024-12-13 20,0.98,NaN,0.76,1.27,0.44,NaN,1.31 
2024-12-13 21,1.02,NaN,0.76,1.27,0.13,NaN,1.29 
2024-12-13 22,1.01,NaN,0.76,1.27,-0.17,NaN,1.26 
2024-12-13 23,0.99,NaN,0.76,1.27,-0.44,NaN,1.23 
2024-12-14 00,0.97,NaN,0.76,1.27,-0.69,NaN,1.19 
2024-12-14 01,0.96,NaN,0.76,1.27,-0.86,NaN,1.15 
2024-12-14 02,0.96,NaN,0.76,1.26,-0.83,NaN,1.11 
2024-12-14 03,0.96,NaN,0.75,1.26,0,NaN,1.09 
2024-12-14 04,0.97,NaN,0.75,1.26,0.35,NaN,1.44 
2024-12-14 05,0.97,NaN,0.75,1.26,0.75,NaN,2.69 
2024-12-14 06,1.08,NaN,0.75,1.25,0.84,NaN,3.27 
2024-12-14 07,1.11,NaN,0.75,1.25,0.76,NaN,3.38 
2024-12-14 08,1.07,NaN,0.75,1.25,0.54,NaN,3.27 
2024-12-14 09,1.02,NaN,0.74,1.25,0.29,NaN,3.09 
2024-12-14 10,0.99,NaN,0.74,1.24,0.02,NaN,2.91 
2024-12-14 11,0.98,NaN,0.74,1.24,-0.29,NaN,2.82 
2024-12-14 12,0.97,NaN,0.74,1.24,-0.38,NaN,2.82 
2024-12-14 13,0.97,NaN,0.74,1.24,-0.27,NaN,2.81 
2024-12-14 14,0.97,NaN,0.74,1.24,0.08,NaN,2.76 
2024-12-14 15,0.97,NaN,0.75,1.24,0.56,NaN,2.66 
2024-12-14 16,0.96,NaN,0.75,1.23,0.84,NaN,2.54 
2024-12-14 17,0.94,NaN,0.75,1.23,0.97,NaN,2.4 
2024-12-14 18,0.81,NaN,0.75,1.23,1.03,NaN,2.26 
2024-12-14 19,0.83,NaN,0.75,1.23,0.99,NaN,2.11 
2024-12-14 20,0.86,NaN,0.75,1.23,0.76,NaN,1.98 
2024-12-14 21,0.86,NaN,0.75,1.22,0.46,NaN,1.86 
2024-12-14 22,0.86,NaN,0.74,1.23,0.16,NaN,1.75 
2024-12-14 23,0.85,NaN,0.74,1.23,-0.12,NaN,1.65 
2024-12-15 00,0.85,NaN,0.75,1.23,-0.47,NaN,1.57 
2024-12-15 01,0.85,NaN,0.74,1.23,-0.68,NaN,1.49 
2024-12-15 02,0.85,NaN,0.74,1.23,-0.8,NaN,1.43 
2024-12-15 03,0.85,NaN,0.74,1.23,-0.74,NaN,1.37 
2024-12-15 04,0.85,NaN,0.74,1.23,0.14,NaN,1.32 
2024-12-15 05,0.85,NaN,0.74,1.23,0.53,NaN,1.27 
2024-12-15 06,NaN,NaN,0.74,1.23,0.82,NaN,1.22 
2024-12-15 07,0.86,NaN,0.74,1.22,0.92,NaN,1.19 
2024-12-15 08,1,NaN,0.74,1.22,0.83,NaN,1.15 
2024-12-15 09,0.99,NaN,0.74,1.22,0.57,NaN,1.13 
2024-12-15 10,0.95,NaN,0.75,1.22,0.28,NaN,1.1 
2024-12-15 11,1.02,NaN,0.75,1.22,0.01,NaN,1.07 
2024-12-15 12,1.01,NaN,0.75,1.22,-0.21,NaN,1.04 
2024-12-15 13,1.1,NaN,0.75,1.22,-0.32,NaN,1.02 
2024-12-15 14,1.3,NaN,0.75,1.22,-0.36,NaN,0.99 
2024-12-15 15,1.36,NaN,0.77,1.22,0.15,NaN,0.96 
2024-12-15 16,1.36,NaN,0.77,1.22,0.62,NaN,0.94 
2024-12-15 17,1.21,NaN,0.77,1.22,0.9,NaN,0.91 
2024-12-15 18,1.22,NaN,0.77,1.22,1.02,NaN,0.89 
2024-12-15 19,1.19,NaN,0.77,1.22,1.06,NaN,0.87 
2024-12-15 20,1.17,NaN,0.77,1.22,0.96,NaN,0.86 
2024-12-15 21,1.17,NaN,0.77,1.22,0.68,NaN,0.85 
2024-12-15 22,1.19,NaN,0.78,1.22,0.38,NaN,0.83 
2024-12-15 23,1.2,NaN,0.78,1.22,0.07,NaN,0.82 
2024-12-16 00,1.2,NaN,0.77,1.22,-0.23,NaN,0.81 
2024-12-16 01,1.19,NaN,0.78,1.22,-0.49,NaN,0.81 
2024-12-16 02,1.18,NaN,0.78,1.22,-0.71,NaN,0.83 
2024-12-16 03,1.19,NaN,0.79,1.22,-0.78,NaN,0.88 
2024-12-16 04,1.19,NaN,0.79,1.22,-0.45,NaN,0.99 
2024-12-16 05,1.18,NaN,0.79,1.22,0.34,NaN,1.19 
2024-12-16 06,1.17,NaN,0.79,1.22,0.71,NaN,1.45 
2024-12-16 07,1.15,NaN,0.79,1.22,0.9,NaN,1.67 
2024-12-16 08,1.14,NaN,0.79,1.22,0.96,NaN,1.83 
2024-12-16 09,1.15,NaN,0.79,1.22,0.88,NaN,1.96 
2024-12-16 10,1.22,NaN,0.79,1.23,0.64,NaN,2.13 
2024-12-16 11,1.17,NaN,0.79,1.23,0.36,NaN,2.37 
2024-12-16 12,1.14,NaN,0.8,1.24,0.1,NaN,2.85 
2024-12-16 13,1.13,NaN,0.8,1.25,-0.1,NaN,3.65 
2024-12-16 14,1.16,NaN,0.8,1.25,-0.23,NaN,4.44 
2024-12-16 15,1.23,NaN,0.81,1.26,-0.03,NaN,5.07 
2024-12-16 16,1.34,NaN,0.81,1.27,0.41,NaN,5.55 
2024-12-16 17,1.56,NaN,0.8,1.28,0.8,NaN,5.88 
2024-12-16 18,1.47,NaN,0.8,1.28,1.01,NaN,6.14 
2024-12-16 19,1.35,NaN,0.8,1.29,1.09,NaN,6.3 
2024-12-16 20,1.24,NaN,0.8,1.3,1.11,NaN,6.34 
2024-12-16 21,1.17,NaN,0.82,1.3,1.01,NaN,6.35 
2024-12-16 22,1.15,NaN,0.82,1.31,0.77,NaN,6.25 
2024-12-16 23,1.17,NaN,0.83,1.32,0.54,NaN,6.02 
2024-12-17 00,NaN,NaN,0.84,1.32,0.35,NaN,5.68 
2024-12-17 01,1.27,NaN,0.85,1.33,0.17,NaN,5.32 
2024-12-17 02,1.27,NaN,0.85,1.34,0.01,NaN,5.06 
2024-12-17 03,NaN,NaN,0.86,1.35,-0.12,NaN,4.96 
2024-12-17 04,1.23,NaN,0.86,1.36,-0.19,NaN,4.99 
2024-12-17 05,1.21,NaN,0.86,1.37,0.01,NaN,5.06 
2024-12-17 06,1.17,NaN,0.87,1.39,0.53,NaN,5.06 
2024-12-17 07,1.17,NaN,0.87,1.41,0.83,NaN,4.96 
2024-12-17 08,1.15,NaN,0.87,1.43,0.88,NaN,4.76 
2024-12-17 09,1.14,NaN,0.88,1.44,0.92,NaN,4.5 
2024-12-17 10,1.13,NaN,0.88,1.46,0.77,NaN,4.22 
2024-12-17 11,1.08,NaN,0.88,1.48,0.59,NaN,3.94 
2024-12-17 12,1.03,NaN,0.88,1.49,0.37,NaN,3.68 
2024-12-17 13,1.02,NaN,0.88,1.5,0.15,NaN,3.45 
2024-12-17 14,1.04,NaN,0.89,1.52,-0.02,NaN,3.25 
2024-12-17 15,1.04,NaN,0.89,1.52,-0.08,NaN,3.1 
2024-12-17 16,1.03,NaN,0.89,1.53,0.05,NaN,2.98 
2024-12-17 17,1.02,NaN,0.89,1.54,0.41,NaN,2.87 
2024-12-17 18,1,NaN,0.89,1.54,0.88,NaN,2.78 
2024-12-17 19,0.88,NaN,0.89,1.54,1.01,NaN,2.7 
2024-12-17 20,0.86,NaN,0.89,1.54,1.06,NaN,2.65 
2024-12-17 21,0.91,NaN,0.89,1.55,1.01,NaN,2.62 
2024-12-17 22,0.96,NaN,0.89,1.55,0.81,NaN,2.6 
2024-12-17 23,0.98,NaN,0.89,1.55,0.55,NaN,2.57 
2024-12-18 00,1.02,NaN,0.92,1.55,0.29,NaN,2.55 
2024-12-18 01,1.06,NaN,0.92,1.55,0.02,NaN,2.6 
2024-12-18 02,1.2,NaN,0.93,1.55,-0.2,NaN,2.89 
2024-12-18 03,1.72,NaN,0.93,1.55,-0.39,NaN,3.21 
2024-12-18 04,1.84,NaN,0.94,1.54,-0.53,NaN,3.36 
2024-12-18 05,1.85,NaN,0.94,1.54,-0.52,NaN,3.41 
2024-12-18 06,1.73,NaN,0.94,1.54,0.09,NaN,3.47 
2024-12-18 07,1.57,NaN,0.94,1.54,0.61,NaN,3.5 
2024-12-18 08,1.43,NaN,0.95,1.53,0.79,NaN,3.48 
2024-12-18 09,1.43,NaN,0.95,1.53,0.82,NaN,3.4 
2024-12-18 10,1.39,NaN,0.95,1.53,0.8,NaN,3.28 
2024-12-18 11,1.27,NaN,0.95,1.53,0.6,NaN,3.14 
2024-12-18 12,1.23,NaN,0.95,1.53,0.38,NaN,2.99 
2024-12-18 13,1.2,NaN,0.96,1.53,0.19,NaN,2.84 
2024-12-18 14,1.19,NaN,0.96,1.52,0.02,NaN,2.71 
2024-12-18 15,1.19,NaN,0.96,1.52,-0.08,NaN,2.58 
2024-12-18 16,1.2,NaN,0.96,1.52,-0.07,NaN,2.46 
2024-12-18 17,1.27,NaN,0.96,1.52,0.25,NaN,2.35 
2024-12-18 18,NaN,NaN,0.96,1.52,0.62,NaN,2.25 
2024-12-18 19,NaN,NaN,0.97,1.52,0.91,NaN,2.15 
2024-12-18 20,NaN,NaN,0.97,1.53,1.04,NaN,2.06 
2024-12-18 21,NaN,NaN,0.97,1.53,1.07,NaN,1.99 
2024-12-18 22,1.32,NaN,0.97,1.54,0.98,NaN,1.94 
2024-12-18 23,1.29,NaN,0.97,1.55,0.78,NaN,1.92 
2024-12-19 00,1.27,NaN,0.97,1.57,0.57,NaN,1.97 
2024-12-19 01,NaN,NaN,0.97,1.59,0.42,NaN,2.12 
2024-12-19 02,NaN,NaN,0.97,1.6,0.26,NaN,2.34 
2024-12-19 03,NaN,NaN,0.98,1.62,0.16,NaN,2.69 
2024-12-19 04,NaN,NaN,0.98,1.64,0.05,NaN,3.01 
2024-12-19 05,NaN,NaN,0.99,1.66,0.01,NaN,3.29 
2024-12-19 06,NaN,NaN,0.98,1.68,0.11,NaN,3.41 
2024-12-19 07,NaN,NaN,0.98,1.69,0.59,NaN,3.41 
2024-12-19 08,1.32,NaN,0.98,1.71,0.79,NaN,3.36 
2024-12-19 09,1.3,NaN,0.98,1.72,0.88,NaN,3.28 
2024-12-19 10,1.26,NaN,0.99,1.73,0.91,NaN,3.17 
2024-12-19 11,1.25,NaN,0.99,1.74,0.87,NaN,3.05 
2024-12-19 12,NaN,NaN,1,1.75,0.76,NaN,2.92 
2024-12-19 13,1.29,NaN,1,1.76,0.62,NaN,2.76 
2024-12-19 14,1.29,NaN,1.01,1.77,0.43,NaN,2.61 
2024-12-19 15,1.43,NaN,1.01,1.77,0.25,NaN,2.47 
2024-12-19 16,1.62,NaN,1.01,1.78,0.18,NaN,2.34 
2024-12-19 17,1.57,NaN,1.02,1.78,0.24,NaN,2.24 
2024-12-19 18,1.56,NaN,1.03,1.79,0.45,NaN,2.16 
2024-12-19 19,1.55,NaN,1.04,1.79,0.75,NaN,2.1 
2024-12-19 20,NaN,NaN,1.03,1.79,0.9,NaN,2.05 
2024-12-19 21,NaN,NaN,1.05,1.8,0.92,NaN,2.02 
2024-12-19 22,NaN,NaN,1.04,1.8,0.93,NaN,2 
2024-12-19 23,NaN,NaN,1.06,1.81,0.83,NaN,2.01 
2024-12-20 00,NaN,NaN,1.07,1.81,0.64,NaN,2.06 
2024-12-20 01,NaN,NaN,1.07,1.82,0.46,NaN,2.15 
2024-12-20 02,NaN,NaN,1.08,1.82,0.25,NaN,2.25 
2024-12-20 03,1.7,NaN,1.09,1.82,0.04,NaN,2.33 
2024-12-20 04,NaN,NaN,1.1,1.83,-0.14,NaN,2.39 
2024-12-20 05,NaN,NaN,1.11,1.83,-0.23,NaN,2.41 
2024-12-20 06,NaN,NaN,1.11,1.83,-0.16,NaN,2.41 
2024-12-20 07,1.64,NaN,1.11,1.83,0.21,NaN,2.39 
2024-12-20 08,1.6,NaN,1.12,1.83,0.61,NaN,2.35 
2024-12-20 09,1.63,NaN,1.13,1.83,0.7,NaN,2.3 
2024-12-20 10,1.72,NaN,1.13,1.82,0.77,NaN,2.23 
2024-12-20 11,1.69,NaN,1.14,1.82,0.73,NaN,2.16 
2024-12-20 12,1.64,NaN,1.15,1.82,0.65,NaN,2.09 
2024-12-20 13,1.57,NaN,1.15,1.82,0.51,NaN,2.03 
2024-12-20 14,NaN,NaN,1.16,1.82,0.3,NaN,1.97 
2024-12-20 15,1.55,NaN,1.17,1.82,0.08,NaN,1.92 
2024-12-20 16,NaN,NaN,1.18,1.82,-0.07,NaN,1.88 
2024-12-20 17,NaN,NaN,1.18,1.81,-0.11,NaN,1.85 
2024-12-20 18,NaN,NaN,1.19,1.81,0.11,NaN,1.83 
2024-12-20 19,NaN,NaN,1.19,1.81,0.44,NaN,1.84 
2024-12-20 20,NaN,NaN,1.19,1.81,0.7,NaN,1.86 
2024-12-20 21,NaN,NaN,1.19,1.81,0.73,NaN,1.89 
2024-12-20 22,NaN,NaN,1.2,1.8,0.72,NaN,1.93 
2024-12-20 23,NaN,NaN,1.21,1.8,0.71,NaN,2 
2024-12-21 00,NaN,NaN,1.21,1.8,0.54,NaN,2.13 
2024-12-21 01,NaN,NaN,1.22,1.8,0.33,NaN,2.31 
2024-12-21 02,NaN,NaN,NaN,NaN,NaN,NaN,NaN 
2024-12-21 03,NaN,NaN,NaN,NaN,NaN,NaN,NaN 
2024-12-21 04,NaN,NaN,NaN,NaN,NaN,NaN,NaN 
2024-12-21 05,NaN,NaN,NaN,NaN,NaN,NaN,NaN 
2024-12-21 06,NaN,NaN,1.24,1.8,-0.35,NaN,3.03 
2024-12-21 07,NaN,NaN,1.24,1.8,-0.09,NaN,3.29 
2024-12-21 08,2.59,NaN,1.24,1.8,0.32,NaN,3.55 
2024-12-21 09,2.33,NaN,1.25,1.8,0.6,NaN,3.75 
2024-12-21 10,2.14,NaN,1.24,1.81,0.69,NaN,3.89 
2024-12-21 11,2.01,NaN,1.24,1.81,0.77,NaN,3.95 
2024-12-21 12,1.94,NaN,1.25,1.82,0.72,NaN,3.93 
2024-12-21 13,1.85,NaN,1.25,1.82,0.61,NaN,3.86 
2024-12-21 14,1.79,NaN,1.24,1.83,0.42,NaN,3.73 
2024-12-21 15,1.76,NaN,1.24,1.84,0.22,NaN,3.58 
2024-12-21 16,1.76,NaN,1.24,1.84,0.05,NaN,3.43 
2024-12-21 17,NaN,NaN,1.24,1.85,-0.02,NaN,3.29 
2024-12-21 18,1.73,NaN,1.24,1.85,0.01,NaN,3.17 
2024-12-21 19,NaN,NaN,1.24,1.86,0.12,NaN,3.07 
2024-12-21 20,1.69,NaN,1.24,1.86,0.36,NaN,2.98 
2024-12-21 21,1.66,NaN,1.24,1.87,0.44,NaN,2.9 
2024-12-21 22,NaN,NaN,1.24,1.87,0.54,NaN,2.83 
2024-12-21 23,1.58,NaN,1.24,1.87,0.6,NaN,2.76 
2024-12-22 00,1.54,NaN,1.24,1.87,0.51,NaN,2.68 
2024-12-22 01,1.53,NaN,1.23,1.87,0.33,NaN,2.6 
2024-12-22 02,1.5,NaN,1.23,1.87,0.16,NaN,2.52 
2024-12-22 03,1.48,NaN,1.23,1.87,-0.05,NaN,2.45 
2024-12-22 04,1.48,NaN,1.23,1.88,-0.22,NaN,2.38 
2024-12-22 05,1.47,NaN,1.22,1.88,-0.36,NaN,2.31 
2024-12-22 06,1.46,NaN,1.22,1.88,-0.42,NaN,2.24 
2024-12-22 07,1.45,NaN,1.21,1.87,-0.37,NaN,2.18 
2024-12-22 08,1.43,NaN,1.21,1.87,0.05,NaN,2.13 
2024-12-22 09,1.4,NaN,1.2,1.87,0.37,NaN,2.08 
2024-12-22 10,1.39,NaN,1.2,1.87,0.5,NaN,2.03 
2024-12-22 11,1.37,NaN,1.2,1.87,0.57,NaN,1.99 
2024-12-22 12,1.35,NaN,1.19,1.86,0.6,NaN,1.95 
2024-12-22 13,1.34,NaN,1.19,1.86,0.57,NaN,1.91 
2024-12-22 14,1.34,NaN,1.19,1.86,0.44,NaN,1.89 
2024-12-22 15,NaN,NaN,1.19,1.86,0.21,NaN,1.88 
2024-12-22 16,1.32,NaN,1.18,1.86,0.02,NaN,1.87 
2024-12-22 17,1.32,NaN,1.18,1.85,-0.13,NaN,1.87 
2024-12-22 18,1.3,NaN,1.18,1.85,-0.15,NaN,1.88 
2024-12-22 19,NaN,NaN,1.18,1.85,-0.02,NaN,1.91 
2024-12-22 20,NaN,NaN,1.19,1.85,0.05,NaN,1.93 
2024-12-22 21,1.32,NaN,1.18,1.84,0.13,NaN,1.98 
2024-12-22 22,1.33,NaN,1.18,1.84,0.27,NaN,2.07 
2024-12-22 23,NaN,NaN,1.18,1.84,0.49,NaN,2.19 
2024-12-23 00,1.35,NaN,1.18,1.84,0.46,NaN,2.34 
2024-12-23 01,NaN,NaN,1.17,1.84,0.4,NaN,2.5 
2024-12-23 02,1.37,NaN,1.17,1.83,0.23,NaN,2.61 
2024-12-23 03,1.37,NaN,1.17,1.83,0.07,NaN,2.67 
2024-12-23 04,1.37,NaN,1.17,1.83,-0.13,NaN,2.7 
2024-12-23 05,1.4,NaN,1.17,1.83,-0.24,NaN,2.72 
2024-12-23 06,1.41,NaN,1.17,1.83,-0.3,NaN,2.7 
2024-12-23 07,1.44,NaN,1.17,1.82,-0.34,NaN,2.65 
2024-12-23 08,1.47,NaN,1.17,1.82,-0.26,NaN,2.58 
2024-12-23 09,1.49,NaN,1.17,1.82,0,NaN,2.49 
2024-12-23 10,1.5,NaN,1.16,1.82,0.35,NaN,2.39 
2024-12-23 11,1.5,NaN,1.16,1.82,0.52,NaN,2.29 
2024-12-23 12,1.49,NaN,1.16,1.82,0.65,NaN,2.2 
2024-12-23 13,1.41,NaN,1.15,1.81,0.68,NaN,2.11 
2024-12-23 14,1.35,NaN,1.14,1.81,0.55,NaN,2.04 
2024-12-23 15,1.31,NaN,1.14,1.81,0.36,NaN,1.97 
2024-12-23 16,1.28,NaN,1.14,1.81,0.15,NaN,1.91 
2024-12-23 17,1.26,NaN,1.14,1.81,-0.07,NaN,1.85 
2024-12-23 18,1.24,NaN,1.14,1.81,-0.2,NaN,1.8 
2024-12-23 19,1.22,NaN,1.13,1.81,-0.24,NaN,1.76 
2024-12-23 20,1.21,NaN,1.13,1.81,-0.25,NaN,1.73 
2024-12-23 21,1.19,NaN,1.13,1.81,-0.21,NaN,1.72 
2024-12-23 22,1.17,NaN,1.12,1.81,-0.08,NaN,1.7 
2024-12-23 23,1.17,NaN,1.13,1.81,0.1,NaN,1.68 
2024-12-24 00,1.16,NaN,1.12,1.8,0.14,NaN,1.65 
2024-12-24 01,1.16,NaN,1.12,1.81,0.18,NaN,1.62 
2024-12-24 02,1.15,NaN,1.12,1.8,0.2,NaN,1.59 
2024-12-24 03,1.15,NaN,1.11,1.8,0.13,NaN,1.57 
2024-12-24 04,1.14,NaN,1.11,1.8,-0.02,NaN,1.55 
2024-12-24 05,1.14,NaN,1.11,1.8,-0.16,NaN,1.56 
2024-12-24 06,1.16,NaN,1.11,1.8,-0.26,NaN,1.61 
2024-12-24 07,1.16,NaN,1.11,1.8,-0.33,NaN,1.73 
2024-12-24 08,1.17,NaN,1.1,1.8,-0.3,NaN,1.87 
2024-12-24 09,1.17,NaN,1.1,1.8,-0.12,NaN,2.27 
2024-12-24 10,1.17,NaN,1.1,1.79,0,NaN,3.62 
2024-12-24 11,1.17,NaN,1.1,1.79,0.09,NaN,4.48 
2024-12-24 12,1.18,NaN,1.09,1.79,0.4,NaN,4.88 
2024-12-24 13,1.21,NaN,1.09,1.79,0.7,NaN,5.15 
2024-12-24 14,1.28,NaN,1.1,1.79,0.65,NaN,5.59 
2024-12-24 15,1.58,NaN,1.1,1.79,0.51,NaN,6.04 
2024-12-24 16,1.81,NaN,1.11,1.79,0.39,NaN,6.33 
2024-12-24 17,2.03,NaN,1.11,1.79,0.26,NaN,6.53 
2024-12-24 18,2.06,NaN,1.12,1.79,0.15,NaN,6.88 
2024-12-24 19,2.12,NaN,1.14,1.79,0.05,NaN,7.55 
2024-12-24 20,2.24,NaN,1.13,1.79,0.03,NaN,8.23 
2024-12-24 21,2.42,NaN,1.15,1.81,0,NaN,8.73 
2024-12-24 22,2.92,NaN,1.15,1.86,0.11,NaN,9.07 
2024-12-24 23,4.79,NaN,1.2,1.93,0.26,NaN,9.43 
2024-12-25 00,6.46,NaN,1.21,2.01,0.34,NaN,9.64 
2024-12-25 01,5.85,NaN,1.24,2.09,0.51,NaN,9.66 
2024-12-25 02,5.12,NaN,1.26,2.18,0.62,NaN,9.56 
2024-12-25 03,4.61,NaN,1.28,2.26,0.64,NaN,9.37 
2024-12-25 04,4.24,NaN,1.3,2.33,0.65,NaN,9.11 
2024-12-25 05,3.92,NaN,1.31,2.4,0.61,NaN,8.83 
2024-12-25 06,3.64,NaN,1.32,2.46,0.55,NaN,8.55 
2024-12-25 07,3.36,NaN,1.33,2.51,0.55,NaN,8.29 
2024-12-25 08,3.18,NaN,1.33,2.56,0.54,NaN,8 
2024-12-25 09,2.97,NaN,1.33,2.59,0.51,NaN,7.66 
2024-12-25 10,2.86,NaN,1.33,2.62,0.52,NaN,7.32 
2024-12-25 11,2.79,NaN,1.33,2.65,0.52,NaN,7.04 
2024-12-25 12,2.69,NaN,1.33,2.67,0.55,NaN,6.73 
2024-12-25 13,2.58,NaN,1.33,2.69,0.66,NaN,6.38 
2024-12-25 14,2.51,NaN,1.33,2.7,0.72,NaN,5.98 
2024-12-25 15,2.42,NaN,1.33,2.71,0.72,NaN,5.58 
2024-12-25 16,2.37,NaN,1.32,2.72,0.69,NaN,5.17 
2024-12-25 17,2.32,NaN,1.32,2.73,0.6,NaN,4.78 
2024-12-25 18,2.24,NaN,1.32,2.74,0.5,NaN,4.42 
2024-12-25 19,2.2,NaN,1.31,2.74,0.42,NaN,4.08 
2024-12-25 20,2.19,NaN,1.3,2.74,0.3,NaN,3.78 
2024-12-25 21,2.17,NaN,1.3,2.74,0.2,NaN,3.52 
2024-12-25 22,2.13,NaN,1.3,2.74,0.13,NaN,3.28 
2024-12-25 23,2.09,NaN,1.29,2.74,0.06,NaN,3.07 
2024-12-26 00,2.05,NaN,1.29,2.74,0.03,NaN,2.9 
2024-12-26 01,2.01,NaN,1.28,2.74,0.1,NaN,2.74 
2024-12-26 02,1.97,NaN,1.27,2.74,0.25,NaN,2.6 
2024-12-26 03,1.97,NaN,1.27,2.74,0.38,NaN,2.48 
2024-12-26 04,1.96,NaN,1.26,2.74,0.41,NaN,2.38 
2024-12-26 05,1.92,NaN,1.26,2.73,0.37,NaN,2.28 
2024-12-26 06,1.9,NaN,1.25,2.73,0.28,NaN,2.2 
2024-12-26 07,1.9,NaN,1.25,2.73,0.17,NaN,2.13 
2024-12-26 08,1.88,NaN,1.24,2.73,0.06,NaN,2.1 
2024-12-26 09,1.85,NaN,1.24,2.72,-0.01,NaN,2.1 
2024-12-26 10,1.79,NaN,1.23,2.72,-0.09,NaN,2.16 
2024-12-26 11,1.76,NaN,1.23,2.72,-0.02,NaN,2.21 
2024-12-26 12,1.71,NaN,1.22,2.72,0.1,NaN,2.22 
2024-12-26 13,1.66,NaN,1.22,2.72,0.29,NaN,2.2 
2024-12-26 14,1.63,NaN,1.22,2.71,0.51,NaN,2.22 
2024-12-26 15,1.63,NaN,1.21,2.71,0.59,NaN,2.29 
2024-12-26 16,1.6,NaN,1.2,2.71,0.6,NaN,2.33 
2024-12-26 17,1.59,NaN,1.2,2.71,0.55,NaN,2.3 
2024-12-26 18,NaN,NaN,1.19,2.7,0.4,NaN,2.23 
2024-12-26 19,1.54,NaN,1.19,2.7,0.2,NaN,2.15 
2024-12-26 20,1.54,NaN,1.18,2.7,0,NaN,2.06 
2024-12-26 21,NaN,NaN,1.18,2.7,-0.19,NaN,1.98 
2024-12-26 22,1.63,NaN,1.17,2.7,-0.29,NaN,1.9 
2024-12-26 23,NaN,NaN,1.17,2.7,-0.33,NaN,1.83 
2024-12-27 00,NaN,NaN,NaN,NaN,NaN,NaN,NaN 
2024-12-27 01,NaN,NaN,NaN,NaN,NaN,NaN,NaN 
2024-12-27 02,NaN,NaN,NaN,NaN,NaN,NaN,NaN 
2024-12-27 03,NaN,NaN,NaN,NaN,NaN,NaN,NaN 
2024-12-27 04,NaN,NaN,NaN,NaN,NaN,NaN,NaN 
2024-12-27 05,NaN,NaN,NaN,NaN,NaN,NaN,NaN 
2024-12-27 06,NaN,NaN,1.13,2.69,0.3,NaN,1.58 
2024-12-27 07,1.57,NaN,1.13,2.69,0.2,NaN,1.6 
2024-12-27 08,1.59,NaN,1.12,2.69,0.07,NaN,1.64 
2024-12-27 09,1.59,NaN,1.12,2.69,-0.08,NaN,1.67 
2024-12-27 10,1.6,NaN,1.12,2.69,-0.19,NaN,1.69 
2024-12-27 11,1.57,NaN,1.12,2.69,-0.21,NaN,1.69 
2024-12-27 12,1.54,NaN,1.12,2.69,-0.18,NaN,1.7 
2024-12-27 13,NaN,NaN,1.12,2.69,0.03,NaN,1.75 
2024-12-27 14,NaN,NaN,1.12,2.69,0.35,NaN,1.82 
2024-12-27 15,NaN,NaN,1.12,2.69,0.63,NaN,1.9 
2024-12-27 16,NaN,NaN,1.12,2.69,0.72,NaN,2 
2024-12-27 17,NaN,NaN,1.11,2.69,0.64,NaN,2.09 
2024-12-27 18,NaN,NaN,1.1,2.69,0.48,NaN,2.16 
2024-12-27 19,1.95,NaN,1.1,2.69,0.27,NaN,2.19 
2024-12-27 20,1.87,NaN,1.09,2.69,0.09,NaN,2.19 
2024-12-27 21,1.82,NaN,1.08,2.69,-0.12,NaN,2.19 
2024-12-27 22,1.77,NaN,1.07,2.69,-0.29,NaN,2.19 
2024-12-27 23,1.72,NaN,1.07,2.7,-0.42,NaN,2.16 
2024-12-28 00,1.68,NaN,1.07,2.7,-0.52,NaN,2.11 
2024-12-28 01,1.63,NaN,1.06,2.71,-0.53,NaN,2.03 
2024-12-28 02,1.63,NaN,1.06,2.71,-0.4,NaN,1.94 
2024-12-28 03,1.6,NaN,1.06,2.71,0.11,NaN,1.85 
2024-12-28 04,1.6,NaN,1.05,2.71,0.35,NaN,1.77 
2024-12-28 05,1.58,NaN,1.05,2.71,0.46,NaN,1.69 
2024-12-28 06,1.57,NaN,1.04,2.72,0.46,NaN,1.63 
2024-12-28 07,1.57,NaN,1.04,2.72,0.42,NaN,1.57 
2024-12-28 08,1.55,NaN,1.04,2.72,0.26,NaN,1.52 
2024-12-28 09,1.51,NaN,1.04,2.72,0.05,NaN,1.47 
2024-12-28 10,1.46,NaN,1.04,2.72,-0.14,NaN,1.43 
2024-12-28 11,1.45,NaN,1.04,2.72,-0.27,NaN,1.39 
2024-12-28 12,1.44,NaN,1.03,2.72,-0.3,NaN,1.35 
2024-12-28 13,1.39,NaN,1.03,2.72,-0.08,NaN,1.31 
2024-12-28 14,1.3,NaN,1.03,2.72,0.22,NaN,1.28 
2024-12-28 15,1.26,NaN,1.02,2.71,0.5,NaN,1.24 
2024-12-28 16,1.26,NaN,1.02,2.71,0.7,NaN,1.21 
2024-12-28 17,1.27,NaN,1.02,2.71,0.74,NaN,1.18 
2024-12-28 18,1.26,NaN,1.01,2.71,0.7,NaN,1.16 
2024-12-28 19,1.25,NaN,1.01,2.71,0.56,NaN,1.13 
2024-12-28 20,1.25,NaN,1.01,2.71,0.31,NaN,1.11 
2024-12-28 21,1.27,NaN,1.01,2.71,0.05,NaN,1.09 
2024-12-28 22,1.28,NaN,1.01,2.7,-0.2,NaN,1.07 
2024-12-28 23,1.3,NaN,1,2.7,-0.36,NaN,1.05 
2024-12-29 00,1.3,NaN,1,2.7,-0.51,NaN,1.04 
2024-12-29 01,1.37,NaN,0.99,2.7,-0.59,NaN,1.02 
2024-12-29 02,1.42,NaN,0.99,2.7,-0.49,NaN,1.01 
2024-12-29 03,1.43,NaN,0.99,2.7,-0.08,NaN,1 
2024-12-29 04,1.43,NaN,0.99,2.7,0.27,NaN,0.99 
2024-12-29 05,1.45,NaN,0.99,2.7,0.6,NaN,1 
2024-12-29 06,1.45,NaN,0.98,2.69,0.74,NaN,1.02 
2024-12-29 07,1.44,NaN,0.98,2.69,0.67,NaN,1.06 
2024-12-29 08,1.44,NaN,0.97,2.69,0.51,NaN,1.11 
2024-12-29 09,1.39,NaN,0.97,2.69,0.31,NaN,1.15 
2024-12-29 10,1.36,NaN,0.97,2.69,0.06,NaN,1.18 
2024-12-29 11,1.36,NaN,0.97,2.69,-0.12,NaN,1.18 
2024-12-29 12,1.31,NaN,0.96,2.69,-0.21,NaN,1.16 
2024-12-29 13,1.24,NaN,0.97,2.69,-0.22,NaN,1.13 
2024-12-29 14,1.21,NaN,0.96,2.68,0.07,NaN,1.1 
2024-12-29 15,1.18,NaN,0.96,2.68,0.48,NaN,1.07 
2024-12-29 16,NaN,NaN,0.95,2.68,0.79,NaN,1.05 
2024-12-29 17,NaN,NaN,0.95,2.67,0.93,NaN,1.02 
2024-12-29 18,1.18,NaN,0.95,2.67,0.92,NaN,1 
2024-12-29 19,1.2,NaN,0.95,2.67,0.8,NaN,0.99 
2024-12-29 20,1.21,NaN,0.95,2.67,0.59,NaN,0.99 
2024-12-29 21,1.26,NaN,0.95,2.66,0.31,NaN,1 
2024-12-29 22,1.33,NaN,0.95,2.66,0.04,NaN,1.2 
2024-12-29 23,1.43,NaN,0.94,2.66,-0.2,NaN,1.5 
2024-12-30 00,1.53,NaN,0.94,2.66,-0.38,NaN,1.63 
2024-12-30 01,1.62,NaN,0.94,2.66,-0.56,NaN,NaN 
2024-12-30 02,1.79,NaN,0.94,2.65,-0.63,NaN,1.69 
2024-12-30 03,1.89,NaN,0.94,2.65,-0.5,NaN,1.82 
2024-12-30 04,1.88,NaN,0.95,2.65,0.15,NaN,2.18 
2024-12-30 05,1.81,NaN,0.95,2.65,0.52,NaN,2.49 
2024-12-30 06,1.73,NaN,0.95,2.64,0.72,NaN,2.55 
2024-12-30 07,1.73,NaN,0.96,2.64,0.73,NaN,2.47 
2024-12-30 08,1.73,NaN,0.98,2.64,0.66,NaN,2.34 
2024-12-30 09,1.76,NaN,1.02,2.63,0.49,NaN,2.17 
2024-12-30 10,1.79,NaN,1.03,2.63,0.23,NaN,2.01 
2024-12-30 11,1.83,NaN,1.06,2.63,-0.02,NaN,1.86 
2024-12-30 12,1.79,NaN,1.1,2.63,-0.19,NaN,1.72 
2024-12-30 13,1.75,NaN,1.11,2.63,-0.27,NaN,1.6 
2024-12-30 14,1.72,NaN,1.12,2.64,-0.15,NaN,1.5 
2024-12-30 15,1.68,NaN,1.14,2.65,0.22,NaN,1.42 
2024-12-30 16,NaN,NaN,1.14,2.67,0.59,NaN,1.34 
2024-12-30 17,NaN,NaN,1.14,2.68,0.86,NaN,1.28 
2024-12-30 18,NaN,NaN,1.14,2.69,0.97,NaN,1.22 
2024-12-30 19,NaN,NaN,1.14,2.7,0.97,NaN,1.18 
2024-12-30 20,NaN,NaN,1.13,2.71,0.82,NaN,1.15 
2024-12-30 21,NaN,NaN,1.13,2.72,0.55,NaN,1.12 
2024-12-30 22,NaN,NaN,1.13,2.73,0.27,NaN,1.1 
2024-12-30 23,NaN,NaN,1.12,2.73,0.01,NaN,1.08 
2024-12-31 00,NaN,NaN,1.12,2.74,-0.22,NaN,1.07 
2024-12-31 01,NaN,NaN,1.11,2.74,-0.38,NaN,1.06 
2024-12-31 02,NaN,NaN,1.11,2.75,-0.54,NaN,1.04 
2024-12-31 03,1.4,NaN,1.1,2.75,-0.55,NaN,1.01 
2024-12-31 04,NaN,NaN,1.1,2.75,-0.15,NaN,0.98 
2024-12-31 05,NaN,NaN,1.09,2.75,0.34,NaN,0.96 
2024-12-31 06,NaN,NaN,1.09,2.75,0.65,NaN,0.93 
2024-12-31 07,1.44,NaN,1.08,2.75,0.8,NaN,0.91 
2024-12-31 08,1.5,NaN,1.08,2.75,0.78,NaN,0.88 
2024-12-31 09,1.52,NaN,1.07,2.75,0.63,NaN,0.87 
2024-12-31 10,1.52,NaN,1.07,2.75,0.4,NaN,0.85 
2024-12-31 11,1.53,NaN,1.07,2.74,0.15,NaN,0.84 
2024-12-31 12,1.53,NaN,1.06,2.74,-0.09,NaN,0.82 
2024-12-31 13,1.48,NaN,1.06,2.74,-0.23,NaN,0.81 
2024-12-31 14,1.41,NaN,1.05,2.74,-0.29,NaN,0.79 
2024-12-31 15,1.35,NaN,1.06,2.74,-0.06,NaN,0.77 
2024-12-31 16,NaN,NaN,1.05,2.74,0.36,NaN,0.76 
2024-12-31 17,NaN,NaN,1.05,2.73,0.77,NaN,0.74 
2024-12-31 18,NaN,NaN,1.05,2.73,0.92,NaN,0.73 
2024-12-31 19,NaN,NaN,1.04,2.73,0.96,NaN,0.72 
2024-12-31 20,1.26,NaN,1.04,2.73,0.92,NaN,0.71 
2024-12-31 21,1.27,NaN,1.04,2.72,0.7,NaN,0.71 
2024-12-31 22,1.27,NaN,1.04,2.72,0.44,NaN,0.71 
2024-12-31 23,1.26,NaN,1.04,2.72,0.17,NaN,0.73 
2025-01-01 00,NaN,NaN,1.04,2.72,-0.11,NaN,0.77 
2025-01-01 01,NaN,NaN,1.04,2.72,-0.30,NaN,1.05 
2025-01-01 02,NaN,NaN,1.03,2.72,-0.49,NaN,1.64 
2025-01-01 03,NaN,NaN,1.03,2.71,-0.63,NaN,1.91 
2025-01-01 04,NaN,NaN,1.03,2.71,-0.58,NaN,1.94 
2025-01-01 05,NaN,NaN,1.02,2.71,0.01,NaN,1.87 
2025-01-01 06,NaN,NaN,1.01,2.70,0.43,NaN,1.75 
2025-01-01 07,NaN,NaN,1.01,2.70,0.73,NaN,1.62 
2025-01-01 08,NaN,NaN,1.01,2.70,0.84,NaN,1.50 
2025-01-01 09,1.18,NaN,1.00,2.69,0.79,NaN,1.40 
2025-01-01 10,1.20,NaN,1.00,2.69,0.59,NaN,1.31 
2025-01-01 11,1.21,NaN,1.00,2.69,0.32,NaN,1.23 
2025-01-01 12,1.20,NaN,0.99,2.69,0.06,NaN,1.17 
2025-01-01 13,1.21,NaN,0.99,2.68,-0.17,NaN,1.11 
2025-01-01 14,1.20,NaN,0.99,2.68,-0.30,NaN,1.06 
2025-01-01 15,1.19,NaN,0.99,2.68,-0.30,NaN,1.02 
2025-01-01 16,1.17,NaN,1.00,2.68,0.03,NaN,0.99 
2025-01-01 17,NaN,NaN,1.00,2.67,0.42,NaN,0.96 
2025-01-01 18,NaN,NaN,0.99,2.67,0.82,NaN,0.93 
2025-01-01 19,NaN,NaN,0.99,2.66,0.98,NaN,0.91 
2025-01-01 20,NaN,NaN,0.98,2.66,1.00,NaN,0.89 
2025-01-01 21,NaN,NaN,0.98,2.66,0.90,NaN,0.88 
2025-01-01 22,NaN,NaN,0.98,2.65,0.63,NaN,0.87 
2025-01-01 23,NaN,NaN,0.98,2.65,0.34,NaN,0.85 
2025-01-02 00,NaN,NaN,0.97,2.65,0.06,NaN,0.84 
2025-01-02 01,NaN,NaN,0.97,2.65,-0.20,NaN,0.83 
2025-01-02 02,NaN,NaN,0.97,2.65,-0.37,NaN,0.81 
2025-01-02 03,NaN,NaN,0.97,2.64,-0.56,NaN,0.79 
2025-01-02 04,NaN,NaN,0.97,2.64,-0.67,NaN,0.77 
2025-01-02 05,NaN,NaN,0.96,2.64,-0.56,NaN,0.75 
2025-01-02 06,NaN,NaN,0.96,2.63,0.26,NaN,0.73 
2025-01-02 07,NaN,NaN,0.95,2.63,0.57,NaN,0.71 
2025-01-02 08,1.24,NaN,0.95,2.62,0.71,NaN,0.70 
2025-01-02 09,1.17,NaN,0.95,2.62,0.74,NaN,0.68 
2025-01-02 10,1.14,NaN,0.95,2.62,0.61,NaN,0.67 
2025-01-02 11,1.12,NaN,0.95,2.61,0.42,NaN,0.66 
2025-01-02 12,1.10,NaN,0.94,2.61,0.16,NaN,0.65 
2025-01-02 13,1.10,NaN,0.94,2.61,-0.09,NaN,0.64 
2025-01-02 14,1.10,NaN,0.94,2.60,-0.29,NaN,0.63 
2025-01-02 15,1.08,NaN,0.94,2.60,-0.42,NaN,0.61 
2025-01-02 16,1.03,NaN,0.93,2.59,-0.38,NaN,0.60 
2025-01-02 17,NaN,NaN,0.93,2.59,0.25,NaN,0.59 
2025-01-02 18,NaN,NaN,0.93,2.59,0.68,NaN,0.58 
2025-01-02 19,NaN,NaN,0.93,2.58,0.92,NaN,0.57 
2025-01-02 20,NaN,NaN,0.92,2.58,0.97,NaN,0.56 
2025-01-02 21,NaN,NaN,0.92,2.57,0.94,NaN,0.55 
2025-01-02 22,NaN,NaN,0.92,2.57,0.78,NaN,0.55 
2025-01-02 23,NaN,NaN,0.92,2.57,0.53,NaN,0.54 
2025-01-03 00,NaN,NaN,0.92,2.56,0.24,NaN,0.53 
2025-01-03 01,NaN,NaN,0.92,2.56,-0.05,NaN,0.52 
2025-01-03 02,NaN,NaN,0.92,2.56,-0.27,NaN,0.51 
2025-01-03 03,NaN,NaN,0.91,2.56,-0.48,NaN,0.50 
2025-01-03 04,NaN,NaN,0.91,2.55,-0.64,NaN,0.49 
2025-01-03 05,NaN,NaN,0.91,2.55,-0.65,NaN,0.48 
2025-01-03 06,NaN,NaN,0.91,2.54,-0.09,NaN,0.48 
2025-01-03 07,1.07,NaN,0.90,2.54,0.33,NaN,0.47 
2025-01-03 08,1.08,NaN,0.90,2.54,0.65,NaN,0.47 
2025-01-03 09,1.08,NaN,0.90,2.53,0.75,NaN,0.46 
2025-01-03 10,1.06,NaN,0.90,2.53,0.74,NaN,0.45 
2025-01-03 11,1.06,NaN,0.90,2.52,0.56,NaN,0.45 
2025-01-03 12,1.08,NaN,0.90,2.52,0.32,NaN,0.45 
2025-01-03 13,1.08,NaN,0.90,2.51,0.04,NaN,0.44 
2025-01-03 14,1.06,NaN,0.90,2.51,-0.20,NaN,0.43 
2025-01-03 15,NaN,NaN,0.90,2.50,-0.36,NaN,0.42 
2025-01-03 16,NaN,NaN,0.90,2.50,-0.45,NaN,0.41 
2025-01-03 17,NaN,NaN,0.89,2.49,-0.42,NaN,0.40 
2025-01-03 18,NaN,NaN,0.89,2.49,0.30,NaN,0.39 
2025-01-03 19,NaN,NaN,0.89,2.48,0.71,NaN,0.39 
2025-01-03 20,NaN,NaN,0.89,2.48,0.89,NaN,0.38 
2025-01-03 21,NaN,NaN,0.89,2.47,0.94,NaN,0.37 
2025-01-03 22,NaN,NaN,0.89,2.47,0.88,NaN,0.37 
2025-01-03 23,NaN,NaN,0.88,2.46,0.66,NaN,0.37 
2025-01-04 00,NaN,NaN,0.88,2.46,0.38,NaN,0.36 
2025-01-04 01,NaN,NaN,0.88,2.46,0.09,NaN,0.35 
2025-01-04 02,NaN,NaN,0.88,2.45,-0.19,NaN,0.35 
2025-01-04 03,NaN,NaN,0.88,2.45,-0.36,NaN,0.34 
2025-01-04 04,NaN,NaN,0.87,2.44,-0.58,NaN,0.33 
2025-01-04 05,NaN,NaN,0.87,2.44,-0.69,NaN,0.33 
2025-01-04 06,NaN,NaN,0.87,2.44,-0.60,NaN,0.32 
2025-01-04 07,1.01,NaN,0.87,2.43,0.21,NaN,0.32 
2025-01-04 08,1.02,NaN,0.87,2.42,0.55,NaN,0.33 
2025-01-04 09,1.02,NaN,0.87,2.42,0.69,NaN,0.35 
2025-01-04 10,1.02,NaN,0.87,2.41,0.68,NaN,0.39 
2025-01-04 11,1.01,NaN,0.87,2.41,0.68,NaN,0.43 
2025-01-04 12,0.99,NaN,0.87,2.40,0.51,NaN,0.47 
2025-01-04 13,0.97,NaN,0.86,2.40,0.29,NaN,0.50 
2025-01-04 14,0.96,NaN,0.86,2.39,0.06,NaN,0.51 
2025-01-04 15,NaN,NaN,0.86,2.39,-0.20,NaN,0.51 
2025-01-04 16,0.99,NaN,0.86,2.38,-0.34,NaN,0.51 
2025-01-04 17,NaN,NaN,0.86,2.38,-0.40,NaN,0.50 
2025-01-04 18,1.10,NaN,0.85,2.37,0.04,NaN,0.50 
2025-01-04 19,1.09,NaN,0.85,2.37,0.49,NaN,0.51 
2025-01-04 20,1.08,NaN,0.86,2.36,0.77,NaN,0.51 
2025-01-04 21,NaN,NaN,0.86,2.35,0.85,NaN,0.54 
2025-01-04 22,NaN,NaN,0.87,2.35,0.86,NaN,0.60 
2025-01-04 23,1.09,NaN,0.87,2.34,0.77,NaN,0.61 
2025-01-05 00,NaN,NaN,0.87,2.34,0.52,NaN,0.62 
2025-01-05 01,NaN,NaN,0.87,2.33,0.29,NaN,0.62 
2025-01-05 02,NaN,NaN,0.87,2.33,-0.01,NaN,0.85 
2025-01-05 03,NaN,NaN,0.87,2.33,-0.21,NaN,1.37 
2025-01-05 04,NaN,NaN,0.87,2.32,-0.38,NaN,2.12 
2025-01-05 05,NaN,NaN,0.87,2.32,-0.54,NaN,2.73 
2025-01-05 06,NaN,NaN,0.87,2.32,-0.54,NaN,3.31 
2025-01-05 07,NaN,NaN,0.87,2.31,0.03,NaN,3.77 
2025-01-05 08,1.21,NaN,0.86,2.31,0.53,NaN,4.02 
2025-01-05 09,1.23,NaN,0.86,2.30,0.80,NaN,4.10 
2025-01-05 10,1.27,NaN,0.86,2.30,0.86,NaN,4.08 
2025-01-05 11,1.30,NaN,0.86,2.29,0.85,NaN,4.00 
2025-01-05 12,1.23,NaN,0.86,2.29,0.77,NaN,3.92 
2025-01-05 13,1.17,NaN,0.86,2.29,0.65,NaN,3.85 
2025-01-05 14,1.13,NaN,0.86,2.28,0.44,NaN,3.73 
2025-01-05 15,1.10,NaN,0.86,2.28,0.17,NaN,3.55 
2025-01-05 16,1.09,NaN,0.86,2.28,-0.05,NaN,3.34 
2025-01-05 17,NaN,NaN,0.86,2.27,-0.20,NaN,3.11 
2025-01-05 18,NaN,NaN,0.86,2.27,-0.22,NaN,2.88 
2025-01-05 19,NaN,NaN,0.85,2.26,0.11,NaN,2.66 
2025-01-05 20,NaN,NaN,0.85,2.26,0.49,NaN,2.46 
2025-01-05 21,NaN,NaN,0.85,2.26,0.68,NaN,2.28 
2025-01-05 22,NaN,NaN,0.85,2.25,0.72,NaN,2.11 
2025-01-05 23,NaN,NaN,0.85,2.25,0.76,NaN,1.95 
2025-01-06 00,NaN,NaN,0.85,2.24,0.66,NaN,1.81 
2025-01-06 01,NaN,NaN,0.84,2.24,0.45,NaN,1.70 
2025-01-06 02,NaN,NaN,0.84,2.24,0.21,NaN,1.59 
2025-01-06 03,NaN,NaN,0.84,2.23,-0.09,NaN,1.51 
2025-01-06 04,NaN,NaN,0.84,2.23,-0.29,NaN,1.44 
2025-01-06 05,NaN,NaN,0.84,2.23,-0.44,NaN,1.38 
2025-01-06 06,NaN,NaN,0.84,2.22,-0.51,NaN,1.33 
2025-01-06 07,NaN,NaN,0.84,2.22,-0.43,NaN,1.30 
2025-01-06 08,NaN,NaN,0.84,2.21,0.24,NaN,1.28 
2025-01-06 09,1.04,NaN,0.84,2.21,0.57,NaN,1.28 
2025-01-06 10,1.02,NaN,0.84,2.20,0.76,NaN,1.30 
2025-01-06 11,1.02,NaN,0.84,2.20,0.88,NaN,1.32 
2025-01-06 12,NaN,NaN,0.84,2.19,0.87,NaN,1.33 
2025-01-06 13,0.99,NaN,0.85,2.19,0.72,NaN,1.32 
2025-01-06 14,NaN,NaN,0.85,2.19,0.51,NaN,1.29 
2025-01-06 15,0.98,NaN,0.85,2.18,0.26,NaN,1.26 
2025-01-06 16,0.98,NaN,0.85,2.18,0.02,NaN,1.22 
2025-01-06 17,NaN,NaN,0.85,2.18,-0.18,NaN,1.18 
2025-01-06 18,0.98,NaN,0.85,2.17,-0.28,NaN,1.14 
2025-01-06 19,0.99,NaN,0.85,2.17,-0.30,NaN,1.10 
2025-01-06 20,0.99,NaN,0.85,2.16,-0.04,NaN,1.07 
2025-01-06 21,0.99,NaN,0.85,2.16,0.36,NaN,1.03 
2025-01-06 22,0.99,NaN,0.84,2.15,0.63,NaN,1.00 
2025-01-06 23,0.98,NaN,0.84,2.15,0.72,NaN,0.97 
2025-01-07 00,0.97,NaN,0.84,2.15,0.65,NaN,0.95 
2025-01-07 01,0.96,NaN,0.84,2.14,0.50,NaN,0.94 
2025-01-07 02,0.96,NaN,0.84,2.14,0.32,NaN,0.94 
2025-01-07 03,0.96,NaN,0.83,2.14,0.06,NaN,0.94 
2025-01-07 04,0.96,NaN,0.83,2.13,-0.19,NaN,0.95 
2025-01-07 05,0.97,NaN,0.83,2.13,-0.32,NaN,0.95 
2025-01-07 06,0.98,NaN,0.83,2.13,-0.46,NaN,0.95 
2025-01-07 07,0.98,NaN,0.83,2.12,-0.48,NaN,0.93 
2025-01-07 08,0.99,NaN,0.83,2.12,-0.07,NaN,0.91 
2025-01-07 09,0.99,NaN,0.83,2.12,0.23,NaN,0.89 
2025-01-07 10,0.99,NaN,0.83,2.11,0.49,NaN,0.86 
2025-01-07 11,NaN,NaN,NaN,NaN,NaN,NaN,NaN 
2025-01-07 12,0.96,NaN,0.83,2.10,0.74,NaN,0.81 
2025-01-07 13,0.85,NaN,0.83,2.10,0.72,NaN,0.79 
2025-01-07 14,0.80,NaN,0.84,2.09,0.61,NaN,0.78 
2025-01-07 15,0.82,NaN,0.84,2.09,0.40,NaN,0.76 
2025-01-07 16,0.85,NaN,0.84,2.08,0.14,NaN,0.75 
2025-01-07 17,0.86,NaN,0.84,2.08,-0.09,NaN,0.74 
2025-01-07 18,0.87,NaN,0.84,2.08,-0.26,NaN,0.73 
2025-01-07 19,0.88,NaN,0.84,2.07,-0.38,NaN,0.72 
2025-01-07 20,0.89,NaN,0.84,2.07,-0.40,NaN,0.72 
2025-01-07 21,0.89,NaN,0.84,2.07,-0.10,NaN,0.74 
2025-01-07 22,0.90,NaN,0.84,2.06,0.22,NaN,0.77 
2025-01-07 23,0.91,NaN,0.85,2.06,0.44,NaN,0.81 
2025-01-08 00,0.91,NaN,0.87,2.05,0.47,NaN,0.89 
2025-01-08 01,0.92,NaN,0.88,2.05,0.50,NaN,1.07 
2025-01-08 02,1.01,NaN,0.90,2.05,0.45,NaN,1.47 
2025-01-08 03,1.07,NaN,0.91,2.04,0.36,NaN,2.26 
2025-01-08 04,1.09,NaN,0.95,2.04,0.18,NaN,2.87 
2025-01-08 05,1.46,NaN,0.97,2.04,-0.02,NaN,3.23 
2025-01-08 06,2.14,NaN,0.99,2.03,-0.20,NaN,3.42 
2025-01-08 07,2.72,NaN,1.02,2.03,-0.25,NaN,3.43 
2025-01-08 08,2.95,NaN,1.06,2.03,-0.13,NaN,3.35 
2025-01-08 09,3.16,NaN,1.08,2.03,0.12,NaN,3.23 
2025-01-08 10,3.27,NaN,1.11,2.03,0.37,NaN,3.12 
2025-01-08 11,3.47,NaN,1.13,2.03,0.58,NaN,3.04 
2025-01-08 12,3.50,NaN,1.16,2.05,0.65,NaN,2.99 
2025-01-08 13,3.38,NaN,1.19,2.06,0.75,NaN,2.99 
2025-01-08 14,3.16,NaN,1.21,2.08,0.75,NaN,2.99 
2025-01-08 15,2.95,NaN,1.23,2.10,0.62,NaN,2.98 
2025-01-08 16,2.77,NaN,1.25,2.13,0.49,NaN,2.94 
2025-01-08 17,2.63,NaN,1.26,2.15,0.29,NaN,2.87 
2025-01-08 18,2.54,NaN,1.27,2.17,0.09,NaN,2.78 
2025-01-08 19,NaN,NaN,1.27,2.20,-0.09,NaN,2.68 
2025-01-08 20,2.39,NaN,1.28,2.22,-0.20,NaN,2.60 
2025-01-08 21,2.29,NaN,1.28,2.24,-0.22,NaN,2.53 
2025-01-08 22,2.21,NaN,1.28,2.26,-0.22,NaN,2.57 
2025-01-08 23,2.14,NaN,1.28,2.28,0.03,NaN,2.70 
2025-01-09 00,2.06,NaN,1.28,2.30,0.11,NaN,2.81 
2025-01-09 01,2.01,NaN,1.28,2.31,0.34,NaN,2.83 
2025-01-09 02,1.93,NaN,1.28,2.32,0.55,NaN,2.78 
2025-01-09 03,1.87,NaN,1.28,2.34,0.53,NaN,2.67 
2025-01-09 04,1.85,NaN,1.28,2.35,0.33,NaN,2.54 
2025-01-09 05,1.80,NaN,1.27,2.35,0.13,NaN,2.41 
2025-01-09 06,1.77,NaN,1.27,2.36,-0.01,NaN,2.27 
2025-01-09 07,1.74,NaN,1.27,2.37,-0.07,NaN,2.15 
2025-01-09 08,1.71,NaN,1.27,2.37,-0.07,NaN,2.05 
2025-01-09 09,1.68,NaN,1.27,2.38,-0.06,NaN,1.95 
2025-01-09 10,1.66,NaN,1.26,2.38,-0.08,NaN,1.88 
2025-01-09 11,1.61,NaN,1.26,2.39,0.17,NaN,1.82 
2025-01-09 12,1.57,NaN,1.25,2.39,0.56,NaN,1.78 
2025-01-09 13,1.51,NaN,1.25,2.39,0.78,NaN,1.74 
2025-01-09 14,1.48,NaN,1.25,2.39,0.83,NaN,1.69 
2025-01-09 15,1.44,NaN,1.25,2.39,0.76,NaN,1.65 
2025-01-09 16,1.42,NaN,1.25,2.39,0.64,NaN,1.60 
2025-01-09 17,1.43,NaN,1.25,2.40,0.49,NaN,1.55 
2025-01-09 18,1.45,NaN,1.25,2.40,0.26,NaN,1.49 
2025-01-09 19,1.42,NaN,1.25,2.40,0.01,NaN,1.44 
2025-01-09 20,1.42,NaN,1.25,2.40,-0.20,NaN,1.38 
2025-01-09 21,1.43,NaN,1.25,2.40,-0.35,NaN,1.32 
2025-01-09 22,1.44,NaN,1.26,2.40,-0.48,NaN,1.27 
2025-01-09 23,NaN,NaN,NaN,NaN,NaN,NaN,NaN 
2025-01-10 00,NaN,NaN,NaN,NaN,NaN,NaN,NaN 
2025-01-10 01,1.86,NaN,1.27,2.40,0.03,NaN,1.15 
2025-01-10 02,1.88,NaN,1.27,2.40,0.30,NaN,1.13 
2025-01-10 03,1.90,NaN,1.27,2.41,0.52,NaN,1.10 
2025-01-10 04,2.01,NaN,1.27,2.41,0.50,NaN,1.09 
2025-01-10 05,2.09,NaN,1.28,2.41,0.45,NaN,1.10 
2025-01-10 06,2.23,NaN,1.28,2.41,0.33,NaN,1.11 
2025-01-10 07,2.53,NaN,1.28,2.42,0.18,NaN,1.12 
2025-01-10 08,2.62,NaN,1.28,2.42,0.01,NaN,1.11 
2025-01-10 09,2.57,NaN,1.28,2.42,-0.11,NaN,1.10 
2025-01-10 10,2.47,NaN,1.28,2.42,-0.15,NaN,1.08 
2025-01-10 11,2.31,NaN,1.28,2.43,0.01,NaN,1.05 
2025-01-10 12,2.14,NaN,1.28,2.43,0.29,NaN,1.01 
2025-01-10 13,2.00,NaN,1.28,2.43,0.47,NaN,0.98 
2025-01-10 14,1.88,NaN,1.27,2.43,0.72,NaN,0.95 
2025-01-10 15,1.80,NaN,1.27,2.44,0.73,NaN,0.93 
2025-01-10 16,1.74,NaN,1.27,2.44,0.79,NaN,0.91 
2025-01-10 17,1.70,NaN,1.26,2.44,0.75,NaN,0.89 
2025-01-10 18,1.67,NaN,1.25,2.44,0.58,NaN,0.87 
2025-01-10 19,1.65,NaN,1.25,2.44,0.29,NaN,0.85 
2025-01-10 20,1.63,NaN,1.24,2.44,0.02,NaN,0.83 
2025-01-10 21,1.59,NaN,1.24,2.44,-0.20,NaN,0.82 
2025-01-10 22,1.63,NaN,1.24,2.44,-0.38,NaN,0.80 
2025-01-10 23,1.64,NaN,1.24,2.44,-0.54,NaN,0.79 
2025-01-11 00,1.63,NaN,1.23,2.44,-0.60,NaN,0.78 
2025-01-11 01,1.60,NaN,1.22,2.44,-0.52,NaN,0.77 
2025-01-11 02,1.60,NaN,1.22,2.44,0.14,NaN,0.77 
2025-01-11 03,1.60,NaN,1.22,2.44,0.39,NaN,0.77 
2025-01-11 04,1.60,NaN,1.22,2.43,0.64,NaN,0.80 
2025-01-11 05,1.60,NaN,1.22,2.43,0.72,NaN,0.86 
2025-01-11 06,1.60,NaN,1.22,2.43,0.70,NaN,0.95 
2025-01-11 07,1.60,NaN,1.23,2.43,0.57,NaN,1.08 
2025-01-11 08,1.59,NaN,1.22,2.43,0.39,NaN,1.25 
2025-01-11 09,1.52,NaN,1.22,2.43,0.26,NaN,1.52 
2025-01-11 10,1.40,NaN,1.23,2.43,0.12,NaN,1.90 
2025-01-11 11,1.34,NaN,1.23,2.43,0.05,NaN,2.35 
2025-01-11 12,1.30,NaN,1.23,2.43,0.09,NaN,2.73 
2025-01-11 13,1.27,NaN,1.23,2.43,0.24,NaN,3.02 
2025-01-11 14,1.27,NaN,1.23,2.44,0.54,NaN,3.31 
2025-01-11 15,1.27,NaN,1.23,2.44,0.82,NaN,3.56 
2025-01-11 16,1.32,NaN,1.23,2.44,0.94,NaN,3.73 
2025-01-11 17,1.51,NaN,1.23,2.45,0.96,NaN,3.83 
2025-01-11 18,1.90,NaN,1.23,2.45,0.91,NaN,3.92 
2025-01-11 19,2.41,NaN,1.24,2.46,0.74,NaN,4.00 
2025-01-11 20,2.73,NaN,1.25,2.47,0.56,NaN,4.12 
2025-01-11 21,3.03,NaN,1.26,2.47,0.39,NaN,4.34 
2025-01-11 22,3.38,NaN,1.28,2.48,0.20,NaN,4.64 
2025-01-11 23,3.73,NaN,1.29,2.49,0.06,NaN,5.05 
2025-01-12 00,3.56,NaN,1.30,2.50,-0.06,NaN,5.59 
2025-01-12 01,3.31,NaN,1.29,2.51,-0.12,NaN,6.14 
2025-01-12 02,NaN,NaN,1.28,2.52,-0.03,NaN,6.56 
2025-01-12 03,NaN,NaN,1.28,2.53,0.26,NaN,6.79 
2025-01-12 04,NaN,NaN,1.28,2.54,0.67,NaN,6.83 
2025-01-12 05,NaN,NaN,1.28,2.55,0.78,NaN,6.75 
2025-01-12 06,NaN,NaN,1.28,2.57,0.81,NaN,6.58 
2025-01-12 07,NaN,NaN,1.28,2.57,0.81,NaN,6.40 
2025-01-12 08,NaN,NaN,1.29,2.58,0.72,NaN,6.28 
2025-01-12 09,NaN,NaN,1.29,2.59,0.58,NaN,6.17 
2025-01-12 10,NaN,NaN,1.29,2.60,0.44,NaN,6.05 
2025-01-12 11,NaN,NaN,1.33,2.61,0.30,NaN,5.95 
2025-01-12 12,NaN,NaN,1.35,2.62,0.27,NaN,5.90 
2025-01-12 13,3.55,NaN,1.39,2.63,0.33,NaN,6.00 
2025-01-12 14,3.72,NaN,1.41,2.65,0.53,NaN,6.34 
2025-01-12 15,3.91,NaN,1.43,2.69,0.71,NaN,6.75 
2025-01-12 16,3.82,NaN,1.45,2.72,0.93,NaN,7.06 
2025-01-12 17,3.56,NaN,1.46,2.76,1.01,NaN,7.30 
2025-01-12 18,3.29,NaN,1.47,2.80,1.05,NaN,7.48 
2025-01-12 19,3.10,NaN,1.48,2.84,1.01,NaN,7.70 
2025-01-12 20,2.93,NaN,1.48,2.88,0.88,NaN,7.88 
2025-01-12 21,2.79,NaN,1.49,2.90,0.74,NaN,7.90 
2025-01-12 22,2.68,NaN,1.49,2.93,0.62,NaN,7.72 
2025-01-12 23,2.57,NaN,1.48,2.95,0.51,NaN,7.37 
2025-01-13 00,2.46,NaN,1.48,2.97,0.43,NaN,6.92 
2025-01-13 01,2.39,NaN,1.48,2.99,0.34,NaN,6.44 
2025-01-13 02,2.30,NaN,1.48,3.01,0.30,NaN,5.98 
2025-01-13 03,2.23,NaN,1.47,3.02,0.31,NaN,5.57 
2025-01-13 04,2.23,NaN,1.46,3.03,0.47,NaN,5.23 
2025-01-13 05,2.22,NaN,1.46,3.04,0.71,NaN,4.95 
2025-01-13 06,2.22,NaN,1.45,3.05,0.89,NaN,4.71 
2025-01-13 07,2.23,NaN,1.45,3.06,0.92,NaN,4.52 
2025-01-13 08,2.22,NaN,1.44,3.07,0.88,NaN,4.41 
2025-01-13 09,2.23,NaN,1.43,3.07,0.78,NaN,4.41 
2025-01-13 10,NaN,NaN,1.43,3.08,0.65,NaN,4.61 
2025-01-13 11,2.34,NaN,1.42,3.08,0.50,NaN,4.90 
2025-01-13 12,2.28,NaN,1.41,3.09,0.39,NaN,5.18 
2025-01-13 13,2.22,NaN,1.41,3.10,0.30,NaN,5.39 
2025-01-13 14,2.19,NaN,1.40,3.10,0.30,NaN,5.47 
2025-01-13 15,NaN,NaN,1.40,3.10,0.47,NaN,5.45 
2025-01-13 16,NaN,NaN,1.39,3.11,0.78,NaN,5.35 
2025-01-13 17,NaN,NaN,1.38,3.11,0.94,NaN,5.22 
2025-01-13 18,NaN,NaN,1.37,3.11,1.09,NaN,5.11 
2025-01-13 19,NaN,NaN,1.37,3.12,1.14,NaN,5.05 
2025-01-13 20,2.06,NaN,1.36,3.12,1.03,NaN,4.98 
2025-01-13 21,2.05,NaN,1.35,3.12,0.89,NaN,4.89 
2025-01-13 22,NaN,NaN,1.34,3.12,0.70,NaN,4.78 
2025-01-13 23,NaN,NaN,1.34,3.13,0.52,NaN,4.64 
2025-01-14 00,1.98,NaN,1.33,3.13,0.37,NaN,4.47 
2025-01-14 01,1.96,NaN,1.32,3.13,0.23,NaN,4.27 
2025-01-14 02,1.92,NaN,1.32,3.14,0.12,NaN,4.05 
2025-01-14 03,1.93,NaN,1.31,3.14,0.07,NaN,3.83 
2025-01-14 04,NaN,NaN,1.32,3.14,0.13,NaN,3.63 
2025-01-14 05,NaN,NaN,1.34,3.14,0.44,NaN,3.45 
2025-01-14 06,NaN,NaN,1.35,3.14,0.76,NaN,3.29 
2025-01-14 07,NaN,NaN,1.35,3.15,0.84,NaN,3.17 
2025-01-14 08,NaN,NaN,1.36,3.15,0.88,NaN,3.07 
2025-01-14 09,NaN,NaN,1.36,3.15,0.76,NaN,3.00 
2025-01-14 10,NaN,NaN,1.37,3.16,0.58,NaN,2.95 
2025-01-14 11,3.46,NaN,1.37,3.17,0.41,NaN,2.94 
2025-01-14 12,3.55,NaN,1.38,3.18,0.27,NaN,2.96 
2025-01-14 13,3.44,NaN,1.37,3.19,0.15,NaN,2.99 
2025-01-14 14,3.29,NaN,1.37,3.20,0.08,NaN,2.98 
2025-01-14 15,3.13,NaN,1.37,3.21,0.11,NaN,2.95 
2025-01-14 16,2.97,NaN,1.36,3.22,0.34,NaN,2.92 
2025-01-14 17,NaN,NaN,1.35,3.23,0.82,NaN,2.90 
2025-01-14 18,NaN,NaN,1.35,3.23,1.03,NaN,2.88 
2025-01-14 19,2.55,NaN,1.34,3.24,1.09,NaN,2.83 
2025-01-14 20,2.45,NaN,1.33,3.25,1.04,NaN,2.76 
2025-01-14 21,2.37,NaN,1.33,3.25,0.89,NaN,2.68 
2025-01-14 22,2.25,NaN,1.32,3.26,0.71,NaN,2.58 
2025-01-14 23,NaN,NaN,1.31,3.26,0.50,NaN,2.49 
2025-01-15 00,2.26,NaN,1.30,3.27,0.31,NaN,2.40 
2025-01-15 01,2.23,NaN,1.30,3.27,0.13,NaN,2.32 
2025-01-15 02,NaN,NaN,1.29,3.28,-0.01,NaN,2.24 
2025-01-15 03,NaN,NaN,1.28,3.28,-0.11,NaN,2.17 
2025-01-15 04,NaN,NaN,1.28,3.29,-0.14,NaN,2.11 
2025-01-15 05,NaN,NaN,1.27,3.29,0.17,NaN,2.06 
2025-01-15 06,NaN,NaN,1.27,3.29,0.62,NaN,2.00 
2025-01-15 07,NaN,NaN,1.26,3.30,0.84,NaN,1.95 
2025-01-15 08,NaN,NaN,1.26,3.30,0.91,NaN,1.91 
2025-01-15 09,NaN,NaN,1.26,3.30,0.86,NaN,1.86 
2025-01-15 10,2.16,NaN,1.26,3.30,0.71,NaN,1.82 
2025-01-15 11,NaN,NaN,1.26,3.31,0.53,NaN,1.78 
2025-01-15 12,2.12,NaN,1.27,3.31,0.33,NaN,1.75 
2025-01-15 13,2.06,NaN,1.26,3.31,0.17,NaN,1.72 
2025-01-15 14,1.98,NaN,1.26,3.32,0.05,NaN,1.70 
2025-01-15 15,1.94,NaN,1.27,3.32,-0.02,NaN,1.70 
2025-01-15 16,1.88,NaN,1.27,3.32,0.11,NaN,1.72 
2025-01-15 17,NaN,NaN,1.26,3.33,0.53,NaN,1.78 
2025-01-15 18,NaN,NaN,1.25,3.33,0.87,NaN,1.89 
2025-01-15 19,NaN,NaN,1.24,3.34,0.94,NaN,2.11 
2025-01-15 20,NaN,NaN,1.23,3.34,0.97,NaN,2.36 
2025-01-15 21,NaN,NaN,1.23,3.35,0.91,NaN,2.49 
2025-01-15 22,NaN,NaN,1.22,3.35,0.76,NaN,2.51 
2025-01-15 23,NaN,NaN,1.21,3.35,0.56,NaN,2.46 
2025-01-16 00,NaN,NaN,1.20,3.36,0.34,NaN,2.37 
2025-01-16 01,NaN,NaN,1.19,3.36,0.14,NaN,2.25 
2025-01-16 02,NaN,NaN,1.19,3.36,-0.02,NaN,2.13 
2025-01-16 03,NaN,NaN,1.18,3.36,-0.17,NaN,2.02 
2025-01-16 04,NaN,NaN,1.17,3.37,-0.22,NaN,1.91 
2025-01-16 05,NaN,NaN,1.17,3.37,-0.12,NaN,1.82 
2025-01-16 06,NaN,NaN,1.16,3.37,0.30,NaN,1.74 
2025-01-16 07,NaN,NaN,1.15,3.37,0.69,NaN,1.66 
2025-01-16 08,1.71,NaN,1.15,3.37,0.86,NaN,1.60 
2025-01-16 09,1.69,NaN,1.14,3.37,0.89,NaN,1.54 
2025-01-16 10,NaN,NaN,NaN,NaN,NaN,NaN,NaN 
2025-01-16 11,NaN,NaN,NaN,NaN,NaN,NaN,NaN 
2025-01-16 12,NaN,NaN,NaN,NaN,NaN,NaN,NaN 
2025-01-16 13,1.61,NaN,1.12,3.38,0.17,NaN,1.37 
2025-01-16 14,1.60,NaN,1.11,3.38,0.00,NaN,1.33 
2025-01-16 15,1.57,NaN,1.11,3.38,-0.12,NaN,1.29 
2025-01-16 16,NaN,NaN,1.10,3.38,-0.08,NaN,1.25 
2025-01-16 17,NaN,NaN,1.10,3.38,0.22,NaN,1.22 
2025-01-16 18,NaN,NaN,NaN,NaN,NaN,NaN,NaN 
2025-01-16 19,NaN,NaN,NaN,NaN,NaN,NaN,NaN 
2025-01-16 20,NaN,NaN,1.09,3.38,0.98,NaN,1.13 
2025-01-16 21,NaN,NaN,1.08,3.38,1.00,NaN,1.11 
2025-01-16 22,NaN,NaN,1.07,3.38,0.89,NaN,1.09 
2025-01-16 23,NaN,NaN,1.07,3.38,0.70,NaN,1.07 
2025-01-17 00,NaN,NaN,1.07,3.38,0.48,NaN,1.05 
2025-01-17 01,NaN,NaN,1.07,3.38,0.26,NaN,1.04 
2025-01-17 02,NaN,NaN,1.06,3.38,0.05,NaN,1.03 
2025-01-17 03,NaN,NaN,1.06,3.38,-0.11,NaN,1.03 
2025-01-17 04,NaN,NaN,1.06,3.38,-0.21,NaN,1.04 
2025-01-17 05,NaN,NaN,1.05,3.38,-0.23,NaN,1.06 
2025-01-17 06,NaN,NaN,1.05,3.38,0.19,NaN,1.11 
2025-01-17 07,NaN,NaN,1.05,3.38,0.68,NaN,1.17 
2025-01-17 08,1.57,NaN,1.05,3.37,0.88,NaN,1.24 
2025-01-17 09,1.56,NaN,1.06,3.37,0.97,NaN,1.30 
2025-01-17 10,1.53,NaN,1.06,3.37,0.92,NaN,1.35 
2025-01-17 11,1.51,NaN,1.06,3.37,0.79,NaN,1.41 
2025-01-17 12,1.46,NaN,1.06,3.37,0.60,NaN,1.52 
2025-01-17 13,1.47,NaN,1.06,3.38,0.42,NaN,1.75 
2025-01-17 14,1.43,NaN,1.08,3.38,0.24,NaN,2.13 
2025-01-17 15,1.43,NaN,1.08,3.38,0.12,NaN,2.62 
2025-01-17 16,NaN,NaN,1.09,3.39,0.09,NaN,3.03 
2025-01-17 17,NaN,NaN,1.09,3.39,0.20,NaN,3.37 
2025-01-17 18,NaN,NaN,1.09,3.40,0.56,NaN,3.62 
2025-01-17 19,NaN,NaN,1.09,3.41,0.79,NaN,3.81 
2025-01-17 20,NaN,NaN,1.09,3.42,0.87,NaN,4.02 
2025-01-17 21,NaN,NaN,1.08,3.42,0.94,NaN,4.29 
2025-01-17 22,NaN,NaN,1.08,3.43,0.92,NaN,4.57 
2025-01-17 23,NaN,NaN,1.08,3.44,0.81,NaN,4.77 
2025-01-18 00,1.40,NaN,1.07,3.45,0.64,NaN,4.81 
2025-01-18 01,1.40,NaN,1.07,3.45,0.46,NaN,4.74 
2025-01-18 02,1.38,NaN,1.07,3.46,0.29,NaN,4.57 
2025-01-18 03,1.37,NaN,1.06,3.46,0.17,NaN,4.32 
2025-01-18 04,1.37,NaN,1.06,3.47,0.07,NaN,4.03 
2025-01-18 05,NaN,NaN,NaN,NaN,NaN,NaN,NaN 
2025-01-18 06,1.37,NaN,1.05,3.47,0.12,NaN,3.44 
2025-01-18 07,1.37,NaN,1.05,3.47,0.40,NaN,3.18 
2025-01-18 08,1.38,NaN,1.05,3.48,0.73,NaN,2.94 
2025-01-18 09,1.38,NaN,1.04,3.48,0.88,NaN,2.73 
2025-01-18 10,1.36,NaN,1.04,3.48,0.87,NaN,2.54 
2025-01-18 11,1.34,NaN,1.04,3.48,0.80,NaN,2.38 
2025-01-18 12,1.32,NaN,1.04,3.48,0.67,NaN,2.23 
2025-01-18 13,1.30,NaN,1.04,3.48,0.48,NaN,2.10 
2025-01-18 14,1.28,NaN,1.03,3.47,0.30,NaN,1.99 
2025-01-18 15,1.28,NaN,1.03,3.47,0.15,NaN,1.89 
2025-01-18 16,1.27,NaN,1.02,3.47,0.05,NaN,1.80 
2025-01-18 17,NaN,NaN,1.02,3.47,0.04,NaN,1.71 
2025-01-18 18,1.26,NaN,1.01,3.47,0.21,NaN,1.64 
2025-01-18 19,NaN,NaN,1.01,3.46,0.51,NaN,1.57 
2025-01-18 20,NaN,NaN,1.00,3.46,0.71,NaN,1.51 
2025-01-18 21,NaN,NaN,1.00,3.46,0.80,NaN,1.46 
2025-01-18 22,NaN,NaN,0.99,3.46,0.82,NaN,1.42 
2025-01-18 23,NaN,NaN,0.99,3.45,0.73,NaN,1.38 
2025-01-19 00,NaN,NaN,0.99,3.45,0.55,NaN,1.34 
2025-01-19 01,NaN,NaN,0.99,3.45,0.35,NaN,1.30 
2025-01-19 02,NaN,NaN,0.98,3.44,0.14,NaN,1.27 
2025-01-19 03,NaN,NaN,0.98,3.44,-0.03,NaN,NaN 
2025-01-19 04,NaN,NaN,0.97,3.44,-0.18,NaN,NaN 
2025-01-19 05,NaN,NaN,0.97,3.43,-0.23,NaN,NaN 
2025-01-19 06,NaN,NaN,0.96,3.43,-0.23,NaN,1.16 
2025-01-19 07,NaN,NaN,0.96,3.43,0.14,NaN,NaN 
2025-01-19 08,1.27,NaN,0.96,3.42,0.53,NaN,1.12 
2025-01-19 09,1.27,NaN,0.95,3.42,0.75,NaN,1.10 
2025-01-19 10,NaN,NaN,0.94,3.42,0.82,NaN,1.08 
2025-01-19 11,NaN,NaN,0.93,3.41,0.72,NaN,1.06 
2025-01-19 12,1.05,NaN,0.93,3.41,0.57,NaN,1.04 
2025-01-19 13,1.09,NaN,0.93,3.40,0.40,NaN,1.02 
2025-01-19 14,1.11,NaN,0.93,3.40,0.19,NaN,1.00 
2025-01-19 15,1.12,NaN,0.93,3.40,0.00,NaN,0.98 
2025-01-19 16,1.11,NaN,0.93,3.39,-0.15,NaN,0.96 
2025-01-19 17,NaN,NaN,0.93,3.39,-0.21,NaN,0.94 
2025-01-19 18,NaN,NaN,0.93,3.39,-0.11,NaN,0.92 
2025-01-19 19,NaN,NaN,0.93,3.38,0.18,NaN,0.89 
2025-01-19 20,1.13,NaN,0.93,3.38,0.45,NaN,NaN 
2025-01-19 21,1.13,NaN,0.93,3.37,0.64,NaN,0.85 
2025-01-19 22,1.13,NaN,0.93,3.37,0.65,NaN,0.84 
2025-01-19 23,1.13,NaN,0.93,3.36,0.59,NaN,0.82 
2025-01-20 00,1.12,NaN,0.93,3.36,0.48,NaN,0.80 
2025-01-20 01,1.11,NaN,0.93,3.35,0.28,NaN,0.79 
2025-01-20 02,NaN,NaN,0.93,3.35,0.07,NaN,0.77 
2025-01-20 03,1.11,NaN,0.93,3.35,-0.12,NaN,NaN 
2025-01-20 04,1.11,NaN,0.93,3.34,-0.24,NaN,NaN 
2025-01-20 05,1.11,NaN,0.93,3.34,-0.33,NaN,0.73 
2025-01-20 06,1.12,NaN,0.92,3.33,-0.35,NaN,NaN 
2025-01-20 07,1.13,NaN,0.92,3.33,-0.08,NaN,NaN 
2025-01-20 08,1.14,NaN,0.92,3.32,0.34,NaN,0.70 
2025-01-20 09,1.14,NaN,0.92,3.32,0.58,NaN,0.69 
2025-01-20 10,NaN,NaN,0.92,3.31,0.67,NaN,0.68 
2025-01-20 11,1.10,NaN,0.92,3.31,0.70,NaN,0.67 
2025-01-20 12,1.09,NaN,0.92,3.30,0.59,NaN,0.67 
2025-01-20 13,1.08,NaN,0.91,3.30,0.43,NaN,NaN 
2025-01-20 14,NaN,NaN,0.91,3.29,0.24,NaN,0.65 
2025-01-20 15,NaN,NaN,0.91,3.29,0.04,NaN,NaN 
2025-01-20 16,1.06,NaN,0.91,3.28,-0.14,NaN,0.63 
2025-01-20 17,NaN,NaN,0.90,3.28,-0.22,NaN,0.62 
2025-01-20 18,1.07,NaN,0.90,3.27,-0.23,NaN,0.60 
2025-01-20 19,1.08,NaN,0.90,3.26,0.00,NaN,0.59 
2025-01-20 20,1.08,NaN,0.90,3.26,0.28,NaN,0.58 
2025-01-20 21,1.08,NaN,0.89,3.25,0.43,NaN,0.57 
2025-01-20 22,1.08,NaN,0.89,3.25,0.50,NaN,0.56 
2025-01-20 23,1.08,NaN,0.89,3.24,0.49,NaN,0.55 
2025-01-21 00,1.08,NaN,0.89,3.24,0.44,NaN,0.54 
2025-01-21 01,1.08,NaN,0.89,3.23,0.33,NaN,0.53 
2025-01-21 02,1.07,NaN,0.89,3.23,0.17,NaN,0.52 
2025-01-21 03,1.07,NaN,0.88,3.22,-0.01,NaN,0.51 
2025-01-21 04,1.07,NaN,0.88,3.22,-0.18,NaN,0.51 
2025-01-21 05,1.08,NaN,0.88,3.21,-0.26,NaN,0.50 
2025-01-21 06,1.08,NaN,0.88,3.21,-0.27,NaN,0.50 
2025-01-21 07,1.09,NaN,0.88,3.20,-0.09,NaN,0.50 
2025-01-21 08,1.10,NaN,0.88,3.19,0.24,NaN,0.49 
2025-01-21 09,1.10,NaN,0.89,3.19,0.54,NaN,0.49 
2025-01-21 10,1.10,NaN,0.89,3.18,0.64,NaN,0.49 
2025-01-21 11,1.09,NaN,0.89,3.17,0.69,NaN,0.50 
2025-01-21 12,1.08,NaN,0.89,3.17,0.69,NaN,0.50 
2025-01-21 13,1.06,NaN,0.89,3.17,0.56,NaN,0.52 
2025-01-21 14,1.04,NaN,0.90,3.16,0.38,NaN,0.53 
2025-01-21 15,1.04,NaN,0.90,3.16,0.19,NaN,0.57 
2025-01-21 16,NaN,NaN,0.90,3.15,0.00,NaN,0.63 
2025-01-21 17,NaN,NaN,0.90,3.15,-0.13,NaN,0.69 
2025-01-21 18,NaN,NaN,0.90,3.15,-0.18,NaN,0.73 
2025-01-21 19,NaN,NaN,0.90,3.14,-0.13,NaN,0.74 
2025-01-21 20,NaN,NaN,0.90,3.14,-0.02,NaN,0.75 
2025-01-21 21,1.07,NaN,0.90,3.14,0.18,NaN,0.76 
2025-01-21 22,1.07,NaN,0.90,3.14,0.40,NaN,0.77 
2025-01-21 23,NaN,NaN,0.90,3.13,0.45,NaN,0.80 
2025-01-22 00,1.07,NaN,0.90,3.13,0.36,NaN,0.84 
2025-01-22 01,1.06,NaN,0.90,3.13,0.30,NaN,0.90 
2025-01-22 02,1.05,NaN,0.91,3.12,0.17,NaN,0.95 
2025-01-22 03,1.05,NaN,0.90,3.12,0.09,NaN,1.00 
2025-01-22 04,1.05,NaN,0.91,3.12,-0.02,NaN,1.06 
2025-01-22 05,1.06,NaN,0.90,3.11,-0.15,NaN,1.11 
2025-01-22 06,1.07,NaN,0.90,3.11,-0.20,NaN,1.14 
2025-01-22 07,1.09,NaN,0.90,3.10,-0.14,NaN,1.15 
2025-01-22 08,1.10,NaN,0.90,3.10,0.16,NaN,1.13 
2025-01-22 09,1.12,NaN,0.90,3.09,0.40,NaN,1.10 
2025-01-22 10,1.17,NaN,0.90,3.09,0.50,NaN,1.08 
2025-01-22 11,1.26,NaN,0.91,3.08,0.54,NaN,1.06 
2025-01-22 12,1.36,NaN,0.91,3.08,0.65,NaN,1.05 
2025-01-22 13,1.48,NaN,0.91,3.07,0.65,NaN,1.05 
2025-01-22 14,1.49,NaN,0.92,3.07,0.52,NaN,1.04 
2025-01-22 15,1.50,NaN,0.92,3.06,0.34,NaN,1.02 
2025-01-22 16,1.53,NaN,0.92,3.06,0.13,NaN,0.99 
2025-01-22 17,1.57,NaN,0.93,3.05,-0.04,NaN,0.96 
2025-01-22 18,1.54,NaN,0.93,3.05,-0.15,NaN,0.93 
2025-01-22 19,1.52,NaN,0.93,3.04,-0.15,NaN,0.89 
2025-01-22 20,1.50,NaN,0.93,3.04,-0.13,NaN,0.86 
2025-01-22 21,1.48,NaN,0.94,3.03,-0.15,NaN,0.82 
2025-01-22 22,1.48,NaN,0.94,3.03,-0.04,NaN,0.79 
2025-01-22 23,1.50,NaN,0.94,3.02,0.18,NaN,0.76 
2025-01-23 00,1.48,NaN,0.95,3.01,0.20,NaN,0.73 
2025-01-23 01,1.47,NaN,0.95,3.01,0.22,NaN,0.71 
2025-01-23 02,1.45,NaN,0.95,3.00,0.16,NaN,0.68 
2025-01-23 03,1.43,NaN,0.95,3.00,0.09,NaN,0.67 
2025-01-23 04,NaN,NaN,0.95,2.99,0.05,NaN,0.65 
2025-01-23 05,1.41,NaN,0.95,2.99,-0.07,NaN,0.64 
2025-01-23 06,NaN,NaN,0.95,2.98,-0.15,NaN,0.64 
2025-01-23 07,1.40,NaN,0.95,2.98,-0.16,NaN,0.63 
2025-01-23 08,NaN,NaN,0.95,2.97,-0.06,NaN,0.64 
2025-01-23 09,1.33,NaN,0.96,2.97,0.24,NaN,0.64 
2025-01-23 10,1.26,NaN,0.96,2.96,0.40,NaN,0.65 
2025-01-23 11,1.24,NaN,0.97,2.95,0.40,NaN,0.67 
2025-01-23 12,1.24,NaN,0.97,2.95,0.49,NaN,0.71 
2025-01-23 13,1.22,NaN,0.98,2.94,0.51,NaN,0.75 
2025-01-23 14,1.20,NaN,0.99,2.94,0.55,NaN,0.79 
2025-01-23 15,NaN,NaN,0.99,2.93,0.44,NaN,0.82 
2025-01-23 16,NaN,NaN,1.00,2.93,0.30,NaN,0.85 
2025-01-23 17,NaN,NaN,1.00,2.92,0.09,NaN,0.86 
2025-01-23 18,NaN,NaN,1.01,2.91,-0.10,NaN,0.86 
2025-01-23 19,NaN,NaN,1.01,2.91,-0.20,NaN,0.85 
2025-01-23 20,NaN,NaN,1.01,2.90,-0.24,NaN,0.85 
2025-01-23 21,NaN,NaN,1.01,2.90,-0.28,NaN,0.84 
2025-01-23 22,NaN,NaN,1.00,2.90,-0.29,NaN,0.84 
2025-01-23 23,1.50,NaN,0.99,2.89,-0.15,NaN,0.84 
2025-01-24 00,1.47,NaN,0.99,2.89,-0.02,NaN,0.85 
2025-01-24 01,1.42,NaN,0.98,2.88,0.09,NaN,0.84 
2025-01-24 02,1.40,NaN,0.98,2.88,0.11,NaN,0.83 
2025-01-24 03,1.37,NaN,0.98,2.88,0.14,NaN,0.81 
2025-01-24 04,1.37,NaN,0.98,2.87,0.12,NaN,0.79 
2025-01-24 05,1.36,NaN,0.98,2.87,0.07,NaN,0.76 
2025-01-24 06,1.35,NaN,0.98,2.86,0.01,NaN,0.73 
2025-01-24 07,1.35,NaN,0.97,2.86,-0.10,NaN,0.70 
2025-01-24 08,1.47,NaN,0.97,2.86,-0.12,NaN,0.68 
2025-01-24 09,1.44,NaN,0.98,2.85,-0.09,NaN,0.66 
2025-01-24 10,1.31,NaN,0.98,2.85,0.01,NaN,0.64 
2025-01-24 11,1.25,NaN,0.99,2.84,0.14,NaN,0.62 
2025-01-24 12,1.21,NaN,0.99,2.84,0.32,NaN,0.60 
2025-01-24 13,1.17,NaN,0.99,2.83,0.45,NaN,0.59 
2025-01-24 14,1.15,NaN,1.00,2.83,0.51,NaN,0.57 
2025-01-24 15,1.14,NaN,1.00,2.82,0.47,NaN,0.56 
2025-01-24 16,1.13,NaN,0.99,2.82,0.39,NaN,0.54 
2025-01-24 17,1.13,NaN,0.99,2.81,0.21,NaN,0.53 
2025-01-24 18,1.12,NaN,0.98,2.81,0.03,NaN,0.51 
2025-01-24 19,1.10,NaN,0.97,2.80,-0.11,NaN,0.50 
2025-01-24 20,1.10,NaN,0.97,2.80,-0.22,NaN,0.49 
2025-01-24 21,1.10,NaN,0.96,2.79,-0.32,NaN,0.47 
2025-01-24 22,NaN,NaN,0.96,2.79,-0.41,NaN,0.46 
2025-01-24 23,1.09,NaN,0.96,2.78,-0.44,NaN,0.45 
2025-01-25 00,NaN,NaN,0.95,2.78,-0.39,NaN,0.43 
2025-01-25 01,1.08,NaN,0.95,2.77,-0.06,NaN,0.42 
2025-01-25 02,NaN,NaN,0.96,2.77,0.06,NaN,0.41 
2025-01-25 03,NaN,NaN,0.96,2.76,0.14,NaN,0.40 
2025-01-25 04,NaN,NaN,0.96,2.76,0.19,NaN,0.39 
2025-01-25 05,1.08,NaN,0.95,2.75,0.25,NaN,0.39 
2025-01-25 06,1.08,NaN,0.95,2.75,0.23,NaN,0.38 
2025-01-25 07,1.09,NaN,0.95,2.74,0.12,NaN,0.37 
2025-01-25 08,1.10,NaN,0.95,2.74,-0.02,NaN,0.37 
2025-01-25 09,1.10,NaN,0.95,2.73,-0.15,NaN,0.36 
2025-01-25 10,1.10,NaN,0.95,2.73,-0.18,NaN,0.36 
2025-01-25 11,1.09,NaN,0.94,2.72,-0.08,NaN,0.35 
2025-01-25 12,1.08,NaN,0.94,2.72,0.12,NaN,0.34 
2025-01-25 13,1.07,NaN,0.94,2.71,0.38,NaN,0.34 
2025-01-25 14,1.07,NaN,0.94,2.71,0.49,NaN,0.33 
2025-01-25 15,1.07,NaN,0.94,2.70,0.50,NaN,0.33 
2025-01-25 16,1.07,NaN,0.93,2.70,0.51,NaN,0.33 
2025-01-25 17,1.06,NaN,0.93,2.69,0.45,NaN,0.32 
2025-01-25 18,1.06,NaN,0.93,2.69,0.31,NaN,0.32 
2025-01-25 19,1.07,NaN,0.93,2.68,0.12,NaN,0.31 
2025-01-25 20,1.07,NaN,0.93,2.68,-0.11,NaN,0.30 
2025-01-25 21,1.07,NaN,0.93,2.67,-0.28,NaN,0.30 
2025-01-25 22,1.06,NaN,0.92,2.67,-0.42,NaN,0.29 
2025-01-25 23,1.05,NaN,0.92,2.67,-0.53,NaN,0.28 
2025-01-26 00,1.04,NaN,0.92,2.66,-0.57,NaN,0.28 
2025-01-26 01,1.03,NaN,0.92,2.66,-0.51,NaN,0.27 
2025-01-26 02,1.02,NaN,0.92,2.65,-0.14,NaN,0.27 
2025-01-26 03,1.02,NaN,0.92,2.65,0.13,NaN,NaN 
2025-01-26 04,1.02,NaN,0.91,2.64,0.43,NaN,0.26 
2025-01-26 05,1.03,NaN,0.90,2.64,0.48,NaN,0.25 
2025-01-26 06,1.04,NaN,0.90,2.63,0.42,NaN,0.25 
2025-01-26 07,1.04,NaN,0.90,2.63,0.33,NaN,0.25 
2025-01-26 08,1.04,NaN,0.91,2.62,0.15,NaN,0.25 
2025-01-26 09,1.04,NaN,0.90,2.62,0.01,NaN,0.24 
2025-01-26 10,1.04,NaN,0.89,2.61,-0.05,NaN,0.24 
2025-01-26 11,1.04,NaN,0.89,2.61,-0.09,NaN,0.23 
2025-01-26 12,1.02,NaN,0.89,2.61,-0.08,NaN,0.23 
2025-01-26 13,1.00,NaN,0.90,2.60,0.15,NaN,0.23 
2025-01-26 14,0.99,NaN,0.89,2.60,0.42,NaN,0.22 
2025-01-26 15,0.99,NaN,0.89,2.59,0.67,NaN,0.22 
2025-01-26 16,0.98,NaN,0.89,2.59,0.79,NaN,0.22 
2025-01-26 17,0.98,NaN,0.89,2.58,0.72,NaN,0.23 
2025-01-26 18,0.99,NaN,0.90,2.58,0.56,NaN,0.24 
2025-01-26 19,0.99,NaN,0.90,2.58,0.35,NaN,0.26 
2025-01-26 20,NaN,NaN,0.90,2.57,0.12,NaN,0.27 
2025-01-26 21,1.00,NaN,0.89,2.57,-0.12,NaN,0.28 
2025-01-26 22,1.01,NaN,0.89,2.56,-0.29,NaN,0.29 
2025-01-26 23,1.01,NaN,0.89,2.56,-0.45,NaN,0.29 
2025-01-27 00,1.00,NaN,0.89,2.55,-0.61,NaN,NaN 
2025-01-27 01,0.99,NaN,0.88,2.55,-0.64,NaN,NaN 
2025-01-27 02,NaN,NaN,0.89,2.54,-0.56,NaN,0.29 
2025-01-27 03,0.98,NaN,0.88,2.54,0.13,NaN,NaN 
2025-01-27 04,0.99,NaN,0.87,2.54,0.45,NaN,NaN 
2025-01-27 05,0.99,NaN,0.87,2.53,0.58,NaN,0.27 
2025-01-27 06,1.00,NaN,0.87,2.53,0.63,NaN,0.26 
2025-01-27 07,1.01,NaN,0.87,2.52,0.55,NaN,0.26 
2025-01-27 08,1.01,NaN,0.87,2.52,0.36,NaN,0.25 
2025-01-27 09,0.99,NaN,0.87,2.51,0.17,NaN,0.25 
2025-01-27 10,0.89,NaN,0.87,2.51,-0.03,NaN,NaN 
2025-01-27 11,0.80,NaN,0.87,2.50,-0.20,NaN,0.23 
2025-01-27 12,0.83,NaN,0.86,2.50,-0.27,NaN,NaN 
2025-01-27 13,0.85,NaN,0.86,2.49,-0.15,NaN,NaN 
2025-01-27 14,0.86,NaN,0.86,2.49,0.16,NaN,0.22 
2025-01-27 15,0.84,NaN,0.86,2.48,0.54,NaN,NaN 
2025-01-27 16,0.84,NaN,0.87,2.48,0.79,NaN,0.22 
2025-01-27 17,0.84,NaN,0.87,2.47,0.79,NaN,NaN 
2025-01-27 18,0.85,NaN,0.87,2.47,0.75,NaN,NaN 
2025-01-27 19,0.86,NaN,0.86,2.46,0.62,NaN,NaN 
2025-01-27 20,0.86,NaN,0.85,2.46,0.35,NaN,0.22 
2025-01-27 21,0.86,NaN,0.85,2.46,0.06,NaN,0.21 
2025-01-27 22,NaN,NaN,0.85,2.45,-0.20,NaN,0.20 
2025-01-27 23,0.87,NaN,0.85,2.45,-0.37,NaN,0.19 
2025-01-28 00,0.87,NaN,0.85,2.44,-0.59,NaN,0.18 
2025-01-28 01,0.86,NaN,0.85,2.44,-0.73,NaN,NaN 
2025-01-28 02,0.86,NaN,0.85,2.43,-0.74,NaN,0.16 
2025-01-28 03,0.86,NaN,0.85,2.43,-0.16,NaN,0.15 
2025-01-28 04,0.86,NaN,0.85,2.42,0.28,NaN,0.14 
2025-01-28 05,0.86,NaN,0.85,2.42,0.57,NaN,0.14 
2025-01-28 06,0.87,NaN,0.84,2.41,0.74,NaN,0.13 
2025-01-28 07,0.88,NaN,0.84,2.41,0.72,NaN,0.12 
2025-01-28 08,NaN,NaN,NaN,NaN,NaN,NaN,NaN 
2025-01-28 09,0.90,NaN,0.84,2.40,0.37,NaN,0.13 
2025-01-28 10,0.90,NaN,0.84,2.40,0.14,NaN,0.12 
2025-01-28 11,0.89,NaN,0.84,2.39,-0.10,NaN,0.12 
2025-01-28 12,0.86,NaN,0.84,2.39,-0.26,NaN,0.11 
2025-01-28 13,0.86,NaN,0.84,2.39,-0.33,NaN,0.11 
2025-01-28 14,0.84,NaN,0.84,2.38,-0.16,NaN,0.11 
2025-01-28 15,0.83,NaN,0.84,2.37,0.29,NaN,0.10 
2025-01-28 16,0.83,NaN,0.84,2.37,0.67,NaN,0.10 
2025-01-28 17,0.83,NaN,0.83,2.36,0.86,NaN,0.09 
2025-01-28 18,NaN,NaN,0.83,2.36,0.92,NaN,NaN 
2025-01-28 19,NaN,NaN,0.83,2.35,0.90,NaN,NaN 
2025-01-28 20,NaN,NaN,0.83,2.35,0.68,NaN,0.10 
2025-01-28 21,NaN,NaN,0.83,2.35,0.39,NaN,NaN 
2025-01-28 22,NaN,NaN,0.84,2.34,0.09,NaN,0.09 
2025-01-28 23,NaN,NaN,0.83,2.34,-0.20,NaN,0.08 
2025-01-29 00,0.86,NaN,0.82,2.33,-0.39,NaN,0.07 
2025-01-29 01,0.87,NaN,0.82,2.33,-0.62,NaN,0.06 
2025-01-29 02,NaN,NaN,0.82,2.33,-0.75,NaN,0.05 
2025-01-29 03,NaN,NaN,0.82,2.32,-0.72,NaN,0.04 
2025-01-29 04,NaN,NaN,0.82,2.32,-0.03,NaN,0.04 
2025-01-29 05,NaN,NaN,0.83,2.31,0.39,NaN,0.04 
2025-01-29 06,NaN,NaN,0.82,2.31,0.68,NaN,0.04 
2025-01-29 07,NaN,NaN,0.82,2.30,0.85,NaN,0.03 
2025-01-29 08,NaN,NaN,0.82,2.30,0.80,NaN,0.03 
2025-01-29 09,0.89,NaN,0.82,2.29,0.60,NaN,0.04 
2025-01-29 10,0.90,NaN,0.82,2.29,0.31,NaN,0.05 
2025-01-29 11,0.89,NaN,0.82,2.28,0.02,NaN,0.04 
2025-01-29 12,0.88,NaN,0.82,2.28,-0.22,NaN,0.04 
2025-01-29 13,0.88,NaN,0.83,2.27,-0.36,NaN,0.04 
2025-01-29 14,0.88,NaN,0.83,2.27,-0.42,NaN,0.03 
2025-01-29 15,0.87,NaN,0.83,2.26,0.00,NaN,0.03 
2025-01-29 16,NaN,NaN,0.83,2.26,0.45,NaN,0.03 
2025-01-29 17,NaN,NaN,0.83,2.25,0.82,NaN,0.03 
2025-01-29 18,NaN,NaN,0.83,2.25,0.99,NaN,0.03 
2025-01-29 19,NaN,NaN,0.82,2.25,1.04,NaN,0.05 
2025-01-29 20,NaN,NaN,0.82,2.24,0.98,NaN,0.10 
2025-01-29 21,2.37,NaN,0.84,2.24,0.76,NaN,0.16 
2025-01-29 22,2.90,NaN,0.85,2.23,0.45,NaN,0.29 
2025-01-29 23,3.41,NaN,0.88,2.23,0.17,NaN,0.57 
2025-01-30 00,3.97,NaN,0.90,2.23,-0.12,NaN,1.21 
2025-01-30 01,4.21,NaN,0.92,2.22,-0.30,NaN,2.12 
2025-01-30 02,NaN,NaN,NaN,NaN,NaN,NaN,NaN 
2025-01-30 03,NaN,NaN,NaN,NaN,NaN,NaN,NaN 
2025-01-30 04,NaN,NaN,NaN,NaN,NaN,NaN,NaN 
2025-01-30 05,NaN,NaN,NaN,NaN,NaN,NaN,NaN 
2025-01-30 06,4.24,NaN,0.98,2.23,0.72,NaN,4.18 
2025-01-30 07,4.13,NaN,1.00,2.24,0.89,NaN,4.13 
2025-01-30 08,NaN,NaN,1.00,2.25,0.87,NaN,3.97 
2025-01-30 09,3.86,NaN,1.04,2.27,0.78,NaN,3.76 
2025-01-30 10,3.68,NaN,1.05,2.29,0.60,NaN,3.55 
2025-01-30 11,3.51,NaN,1.05,2.34,0.38,NaN,3.45 
2025-01-30 12,3.31,NaN,1.06,2.39,0.16,NaN,3.45 
2025-01-30 13,3.12,NaN,1.08,2.44,-0.02,NaN,3.37 
2025-01-30 14,3.02,NaN,1.08,2.49,-0.14,NaN,3.19 
2025-01-30 15,2.95,NaN,1.09,2.54,-0.16,NaN,2.96 
2025-01-30 16,NaN,NaN,1.10,2.57,0.20,NaN,2.73 
2025-01-30 17,NaN,NaN,1.12,2.60,0.73,NaN,2.50 
2025-01-30 18,NaN,NaN,1.12,2.63,0.96,NaN,2.30 
2025-01-30 19,NaN,NaN,1.12,2.66,1.04,NaN,2.11 
2025-01-30 20,NaN,NaN,1.13,2.68,1.08,NaN,1.94 
2025-01-30 21,NaN,NaN,1.14,2.71,0.97,NaN,1.80 
2025-01-30 22,NaN,NaN,1.13,2.73,0.77,NaN,1.69 
2025-01-30 23,NaN,NaN,1.13,2.76,0.55,NaN,1.59 
2025-01-31 00,NaN,NaN,1.13,2.78,0.34,NaN,1.52 
2025-01-31 01,NaN,NaN,1.13,2.79,0.13,NaN,1.45 
2025-01-31 02,NaN,NaN,1.13,2.81,-0.04,NaN,1.40 
2025-01-31 03,NaN,NaN,1.12,2.82,-0.18,NaN,1.35 
2025-01-31 04,NaN,NaN,NaN,NaN,NaN,NaN,NaN 
2025-01-31 05,NaN,NaN,NaN,NaN,NaN,NaN,NaN 
2025-01-31 06,NaN,NaN,1.12,2.86,0.57,NaN,1.18 
2025-01-31 07,1.99,NaN,1.13,2.86,0.80,NaN,1.12 
2025-01-31 08,1.96,NaN,1.13,2.87,0.90,NaN,1.07 
2025-01-31 09,1.91,NaN,1.12,2.87,0.90,NaN,1.03 
2025-01-31 10,1.85,NaN,1.12,2.88,0.75,NaN,0.99 
2025-01-31 11,1.77,NaN,1.12,2.88,0.55,NaN,0.96 
2025-01-31 12,1.68,NaN,1.12,2.88,0.33,NaN,0.94 
2025-01-31 13,1.63,NaN,1.11,2.89,0.10,NaN,0.93 
2025-01-31 14,1.63,NaN,1.11,2.89,-0.09,NaN,0.94 
2025-01-31 15,1.63,NaN,1.11,2.89,-0.20,NaN,0.95 
2025-01-31 16,1.63,NaN,1.11,2.89,-0.21,NaN,0.96 
2025-01-31 17,NaN,NaN,1.10,2.89,0.29,NaN,0.94 
2025-01-31 18,1.64,NaN,1.10,2.89,0.76,NaN,0.91 
2025-01-31 19,NaN,NaN,1.10,2.89,0.97,NaN,0.87 
2025-01-31 20,NaN,NaN,1.10,2.89,1.05,NaN,0.83 
2025-01-31 21,NaN,NaN,1.10,2.89,1.08,NaN,0.80 
2025-01-31 22,NaN,NaN,1.10,2.89,0.91,NaN,0.78 
2025-01-31 23,NaN,NaN,1.09,2.89,0.66,NaN,0.76 
2025-02-01 00,NaN,NaN,1.09,2.90,0.40,NaN,0.74 
2025-02-01 01,NaN,NaN,1.08,2.90,0.17,NaN,0.71 
2025-02-01 02,NaN,NaN,1.08,2.90,-0.04,NaN,0.69 
2025-02-01 03,1.63,NaN,1.07,2.90,-0.20,NaN,0.68 
2025-02-01 04,1.62,NaN,1.07,2.90,-0.29,NaN,0.67 
2025-02-01 05,NaN,NaN,1.07,2.90,-0.33,NaN,0.65 
2025-02-01 06,NaN,NaN,1.06,2.90,0.19,NaN,0.64 
2025-02-01 07,1.60,NaN,1.06,2.90,0.69,NaN,NaN 
2025-02-01 08,1.59,NaN,1.05,2.90,0.88,NaN,0.61 
2025-02-01 09,1.52,NaN,1.05,2.90,0.93,NaN,0.60 
2025-02-01 10,1.43,NaN,1.05,2.90,0.90,NaN,0.59 
2025-02-01 11,1.19,NaN,1.04,2.90,0.69,NaN,0.58 
2025-02-01 12,1.21,NaN,1.04,2.90,0.44,NaN,0.57 
2025-02-01 13,1.21,NaN,1.03,2.90,0.18,NaN,0.55 
2025-02-01 14,1.20,NaN,1.03,2.90,-0.04,NaN,0.53 
2025-02-01 15,1.18,NaN,1.02,2.89,-0.21,NaN,0.51 
2025-02-01 16,1.17,NaN,1.02,2.89,-0.29,NaN,0.49 
2025-02-01 17,NaN,NaN,1.02,2.89,-0.17,NaN,0.47 
2025-02-01 18,NaN,NaN,1.01,2.89,0.45,NaN,0.45 
2025-02-01 19,NaN,NaN,1.01,2.89,0.84,NaN,0.44 
2025-02-01 20,NaN,NaN,1.00,2.89,0.96,NaN,0.42 
2025-02-01 21,NaN,NaN,1.00,2.88,1.01,NaN,0.41 
2025-02-01 22,NaN,NaN,1.00,2.88,0.92,NaN,0.41 
2025-02-01 23,NaN,NaN,0.99,2.88,0.70,NaN,0.40 
2025-02-02 00,NaN,NaN,0.99,2.88,0.45,NaN,0.39 
2025-02-02 01,NaN,NaN,0.98,2.88,0.19,NaN,0.37 
2025-02-02 02,NaN,NaN,0.98,2.87,-0.06,NaN,0.36 
2025-02-02 03,NaN,NaN,0.97,2.87,-0.23,NaN,0.34 
2025-02-02 04,NaN,NaN,0.97,2.87,-0.36,NaN,0.33 
2025-02-02 05,NaN,NaN,0.96,2.87,-0.47,NaN,0.32 
2025-02-02 06,NaN,NaN,0.96,2.87,-0.10,NaN,0.31 
2025-02-02 07,1.14,NaN,0.95,2.87,0.47,NaN,0.30 
2025-02-02 08,1.15,NaN,0.95,2.86,0.76,NaN,0.29 
2025-02-02 09,1.15,NaN,0.94,2.86,0.84,NaN,0.29 
2025-02-02 10,1.16,NaN,0.94,2.86,0.85,NaN,0.28 
2025-02-02 11,1.14,NaN,0.94,2.86,0.73,NaN,0.29 
2025-02-02 12,1.14,NaN,0.94,2.86,0.53,NaN,0.28 
2025-02-02 13,1.12,NaN,0.95,2.85,0.26,NaN,0.28 
2025-02-02 14,1.10,NaN,0.95,2.85,-0.01,NaN,0.27 
2025-02-02 15,1.09,NaN,0.95,2.85,-0.22,NaN,0.26 
2025-02-02 16,1.09,NaN,0.95,2.85,-0.36,NaN,0.25 
2025-02-02 17,NaN,NaN,0.94,2.84,-0.45,NaN,0.24 
2025-02-02 18,NaN,NaN,0.93,2.84,-0.02,NaN,0.23 
2025-02-02 19,NaN,NaN,0.92,2.84,0.47,NaN,0.23 
2025-02-02 20,NaN,NaN,0.91,2.83,0.77,NaN,0.22 
2025-02-02 21,NaN,NaN,0.91,2.83,0.86,NaN,0.21 
2025-02-02 22,NaN,NaN,0.90,2.83,0.88,NaN,0.21 
2025-02-02 23,NaN,NaN,0.90,2.82,0.76,NaN,0.21 
2025-02-03 00,NaN,NaN,0.90,2.82,0.52,NaN,0.21 
2025-02-03 01,NaN,NaN,0.90,2.82,0.23,NaN,0.20 
2025-02-03 02,NaN,NaN,0.90,2.82,-0.05,NaN,NaN 
2025-02-03 03,NaN,NaN,0.89,2.81,-0.24,NaN,0.18 
2025-02-03 04,NaN,NaN,0.89,2.81,-0.39,NaN,0.17 
2025-02-03 05,NaN,NaN,0.88,2.81,-0.52,NaN,0.17 
2025-02-03 06,NaN,NaN,0.88,2.80,-0.53,NaN,NaN 
2025-02-03 07,NaN,NaN,0.87,2.80,0.11,NaN,0.16 
2025-02-03 08,1.14,NaN,0.87,2.80,0.58,NaN,0.15 
2025-02-03 09,1.14,NaN,0.87,2.80,0.85,NaN,0.15 
2025-02-03 10,1.12,NaN,0.87,2.79,0.90,NaN,0.15 
2025-02-03 11,1.10,NaN,0.87,2.79,0.84,NaN,0.15 
2025-02-03 12,1.09,NaN,0.87,2.79,0.63,NaN,0.16 
2025-02-03 13,1.06,NaN,0.87,2.78,0.37,NaN,0.16 
2025-02-03 14,1.03,NaN,0.87,2.78,0.11,NaN,0.15 
2025-02-03 15,1.02,NaN,0.87,2.77,-0.15,NaN,0.14 
2025-02-03 16,1.01,NaN,0.87,2.77,-0.29,NaN,0.13 
2025-02-03 17,0.93,NaN,0.87,2.77,-0.42,NaN,0.12 
2025-02-03 18,NaN,NaN,0.87,2.76,-0.49,NaN,0.11 
2025-02-03 19,0.93,NaN,0.87,2.76,-0.02,NaN,0.11 
2025-02-03 20,0.96,NaN,0.86,2.76,0.48,NaN,0.10 
2025-02-03 21,NaN,NaN,0.85,2.75,0.72,NaN,0.09 
2025-02-03 22,0.98,NaN,0.84,2.75,0.77,NaN,0.09 
2025-02-03 23,NaN,NaN,0.84,2.74,0.68,NaN,0.08 
2025-02-04 00,NaN,NaN,0.84,2.74,0.49,NaN,0.09 
2025-02-04 01,NaN,NaN,0.83,2.74,0.28,NaN,0.08 
2025-02-04 02,NaN,NaN,0.83,2.73,0.02,NaN,0.07 
2025-02-04 03,NaN,NaN,0.82,2.73,-0.22,NaN,0.07 
2025-02-04 04,NaN,NaN,0.82,2.72,-0.36,NaN,0.06 
2025-02-04 05,NaN,NaN,0.82,2.72,-0.53,NaN,0.06 
2025-02-04 06,NaN,NaN,0.82,2.72,-0.57,NaN,0.05 
2025-02-04 07,NaN,NaN,0.81,2.71,0.02,NaN,0.05 
2025-02-04 08,1.09,NaN,0.81,2.71,0.36,NaN,0.05 
2025-02-04 09,1.06,NaN,0.81,2.71,0.64,NaN,0.04 
2025-02-04 10,1.03,NaN,0.80,2.70,0.75,NaN,0.04 
2025-02-04 11,NaN,NaN,0.80,2.70,0.76,NaN,0.04 
2025-02-04 12,0.97,NaN,0.80,2.69,0.70,NaN,0.05 
2025-02-04 13,0.94,NaN,0.80,2.69,0.51,NaN,0.05 
2025-02-04 14,0.93,NaN,0.80,2.68,0.21,NaN,0.05 
2025-02-04 15,0.91,NaN,0.80,2.68,-0.07,NaN,0.04 
2025-02-04 16,0.91,NaN,0.80,2.67,-0.24,NaN,0.04 
2025-02-04 17,NaN,NaN,0.80,2.67,-0.40,NaN,0.03 
2025-02-04 18,0.77,NaN,0.79,2.67,-0.50,NaN,0.03 
2025-02-04 19,NaN,NaN,0.79,2.66,-0.45,NaN,0.03 
2025-02-04 20,NaN,NaN,0.79,2.66,-0.01,NaN,0.02 
2025-02-04 21,NaN,NaN,0.79,2.65,0.41,NaN,0.01 
2025-02-04 22,NaN,NaN,0.79,2.65,0.59,NaN,0.01 
2025-02-04 23,NaN,NaN,0.79,2.64,0.59,NaN,0.00 
2025-02-05 00,NaN,NaN,0.79,2.64,0.48,NaN,0.00 
2025-02-05 01,NaN,NaN,0.78,2.64,0.33,NaN,0.00 
2025-02-05 02,NaN,NaN,0.78,2.63,0.14,NaN,0.00 
2025-02-05 03,NaN,NaN,0.78,2.63,-0.07,NaN,-0.01 
2025-02-05 04,NaN,NaN,0.77,2.62,-0.25,NaN,-0.01 
2025-02-05 05,NaN,NaN,0.77,2.62,-0.38,NaN,0.00 
2025-02-05 06,NaN,NaN,0.77,2.61,-0.45,NaN,0.02 
2025-02-05 07,NaN,NaN,0.77,2.61,-0.17,NaN,0.05 
2025-02-05 08,1.08,NaN,0.77,2.60,0.22,NaN,0.09 
2025-02-05 09,1.02,NaN,0.77,2.60,0.49,NaN,0.12 
2025-02-05 10,0.98,NaN,0.76,2.59,0.64,NaN,0.14 
2025-02-05 11,0.96,NaN,0.76,2.59,0.68,NaN,0.15 
2025-02-05 12,0.93,NaN,0.76,2.58,0.67,NaN,0.16 
2025-02-05 13,0.91,NaN,0.76,2.58,0.56,NaN,0.16 
2025-02-05 14,0.89,NaN,0.76,2.58,0.35,NaN,0.15 
2025-02-05 15,0.88,NaN,0.76,2.57,0.09,NaN,0.13 
2025-02-05 16,0.88,NaN,0.75,2.57,-0.14,NaN,0.11 
2025-02-05 17,NaN,NaN,0.75,2.56,-0.31,NaN,0.09 
2025-02-05 18,NaN,NaN,0.75,2.56,-0.45,NaN,0.08 
2025-02-05 19,NaN,NaN,0.75,2.55,-0.50,NaN,0.06 
2025-02-05 20,NaN,NaN,0.75,2.55,-0.48,NaN,NaN 
2025-02-05 21,NaN,NaN,0.75,2.54,-0.11,NaN,0.03 
2025-02-05 22,NaN,NaN,0.74,2.54,0.21,NaN,0.02 
2025-02-05 23,NaN,NaN,0.74,2.53,0.30,NaN,0.01 
2025-02-06 00,NaN,NaN,0.74,2.53,0.29,NaN,0.01 
2025-02-06 01,NaN,NaN,0.74,2.52,0.26,NaN,0.01 
2025-02-06 02,NaN,NaN,0.74,2.52,0.17,NaN,0.01 
2025-02-06 03,NaN,NaN,0.74,2.52,0.05,NaN,0.01 
2025-02-06 04,NaN,NaN,0.73,2.51,-0.11,NaN,0.02 
2025-02-06 05,NaN,NaN,0.73,2.51,-0.24,NaN,0.02 
2025-02-06 06,NaN,NaN,0.73,2.50,-0.33,NaN,0.02 
2025-02-06 07,NaN,NaN,0.73,2.50,-0.30,NaN,0.02 
2025-02-06 08,0.95,NaN,0.73,2.49,0.06,NaN,0.02 
2025-02-06 09,0.93,NaN,0.73,2.49,0.33,NaN,0.02 
2025-02-06 10,0.93,NaN,0.72,2.49,0.46,NaN,0.02 
2025-02-06 11,0.94,NaN,0.72,2.48,0.51,NaN,0.03 
2025-02-06 12,0.99,NaN,0.73,2.48,0.64,NaN,0.04 
2025-02-06 13,1.10,NaN,0.73,2.47,0.66,NaN,0.04 
2025-02-06 14,1.30,NaN,0.73,2.47,0.55,NaN,0.05 
2025-02-06 15,1.75,NaN,0.73,2.47,0.32,NaN,0.07 
2025-02-06 16,2.05,NaN,0.72,2.46,0.09,NaN,0.11 
2025-02-06 17,NaN,NaN,0.71,2.46,-0.16,NaN,0.15 
2025-02-06 18,NaN,NaN,0.70,2.46,-0.29,NaN,0.22 
2025-02-06 19,NaN,NaN,0.70,2.45,-0.39,NaN,0.35 
2025-02-06 20,NaN,NaN,0.69,2.45,-0.48,NaN,0.53 
2025-02-06 21,NaN,NaN,0.69,2.45,-0.52,NaN,0.70 
2025-02-06 22,NaN,NaN,0.68,2.44,-0.43,NaN,0.81 
2025-02-06 23,NaN,NaN,0.68,2.44,-0.06,NaN,0.89 
2025-02-07 00,NaN,NaN,0.68,2.44,0.03,NaN,0.94 
2025-02-07 01,NaN,NaN,0.69,2.43,0.15,NaN,0.96 
2025-02-07 02,NaN,NaN,0.70,2.43,0.22,NaN,0.95 
2025-02-07 03,NaN,NaN,0.75,2.43,0.23,NaN,0.92 
2025-02-07 04,NaN,NaN,0.74,2.43,0.14,NaN,0.89 
2025-02-07 05,NaN,NaN,0.75,2.43,0.00,NaN,0.87 
2025-02-07 06,4.17,NaN,0.75,2.43,-0.09,NaN,0.86 
2025-02-07 07,NaN,NaN,NaN,NaN,NaN,NaN,NaN 
2025-02-07 08,3.40,NaN,0.76,2.44,-0.01,NaN,0.85 
2025-02-07 09,3.12,NaN,0.76,2.44,0.06,NaN,0.86 
2025-02-07 10,2.91,NaN,0.76,2.45,0.10,NaN,0.89 
2025-02-07 11,2.75,NaN,0.76,2.45,0.19,NaN,0.95 
2025-02-07 12,2.60,NaN,0.76,2.46,0.37,NaN,1.00 
2025-02-07 13,2.47,NaN,0.76,2.46,0.57,NaN,1.06 
2025-02-07 14,2.36,NaN,0.76,2.47,0.57,NaN,1.09 
2025-02-07 15,2.26,NaN,0.76,2.47,0.46,NaN,1.11 
2025-02-07 16,2.17,NaN,0.76,2.47,0.32,NaN,1.11 
2025-02-07 17,2.10,NaN,0.76,2.48,0.14,NaN,1.08 
2025-02-07 18,2.04,NaN,0.76,2.48,-0.06,NaN,1.04 
2025-02-07 19,1.98,NaN,0.76,2.48,-0.15,NaN,0.99 
2025-02-07 20,1.93,NaN,0.76,2.49,-0.28,NaN,0.93 
2025-02-07 21,1.87,NaN,0.75,2.49,-0.43,NaN,0.88 
2025-02-07 22,1.82,NaN,0.75,2.49,-0.52,NaN,0.83 
2025-02-07 23,1.78,NaN,0.75,2.49,-0.54,NaN,0.78 
2025-02-08 00,1.76,NaN,0.75,2.50,-0.52,NaN,0.73 
2025-02-08 01,1.75,NaN,0.75,2.50,-0.13,NaN,0.69 
2025-02-08 02,1.73,NaN,0.75,2.50,0.06,NaN,0.65 
2025-02-08 03,1.71,NaN,0.75,2.50,0.17,NaN,0.63 
2025-02-08 04,1.70,NaN,0.75,2.50,0.26,NaN,0.61 
2025-02-08 05,1.69,NaN,0.74,2.50,0.20,NaN,0.60 
2025-02-08 06,NaN,NaN,0.74,2.51,0.16,NaN,0.59 
2025-02-08 07,1.68,NaN,0.74,2.51,0.09,NaN,0.58 
2025-02-08 08,1.66,NaN,0.74,2.51,0.05,NaN,0.56 
2025-02-08 09,1.61,NaN,0.74,2.51,0.01,NaN,0.55 
2025-02-08 10,1.61,NaN,0.74,2.51,0.10,NaN,0.54 
2025-02-08 11,1.60,NaN,0.74,2.51,0.23,NaN,0.53 
2025-02-08 12,1.51,NaN,0.74,2.51,0.28,NaN,0.53 
2025-02-08 13,1.45,NaN,0.74,2.51,0.38,NaN,0.55 
2025-02-08 14,1.40,NaN,0.73,2.51,0.41,NaN,0.61 
2025-02-08 15,1.38,NaN,0.73,2.51,0.57,NaN,0.67 
2025-02-08 16,1.33,NaN,0.73,2.51,0.66,NaN,0.76 
2025-02-08 17,1.34,NaN,0.72,2.51,0.56,NaN,1.00 
2025-02-08 18,1.33,NaN,0.72,2.51,0.37,NaN,1.43 
2025-02-08 19,1.33,NaN,0.72,2.51,0.17,NaN,1.95 
2025-02-08 20,1.34,NaN,0.72,2.51,0.00,NaN,2.37 
2025-02-08 21,1.35,NaN,0.73,2.51,-0.20,NaN,2.84 
2025-02-08 22,1.48,NaN,0.73,2.51,-0.30,NaN,3.31 
2025-02-08 23,1.61,NaN,0.74,2.52,-0.43,NaN,3.64 
2025-02-09 00,1.65,NaN,0.75,2.52,-0.52,NaN,3.90 
2025-02-09 01,1.70,NaN,0.77,2.52,-0.46,NaN,4.10 
2025-02-09 02,1.73,NaN,0.77,2.53,0.06,NaN,4.21 
2025-02-09 03,1.75,NaN,0.77,2.53,0.20,NaN,4.25 
2025-02-09 04,1.82,NaN,0.78,2.54,0.35,NaN,4.24 
2025-02-09 05,1.82,NaN,0.78,2.54,0.48,NaN,4.19 
2025-02-09 06,1.80,NaN,0.78,2.55,0.43,NaN,4.11 
2025-02-09 07,1.78,NaN,0.78,2.56,0.44,NaN,3.98 
2025-02-09 08,1.67,NaN,0.78,2.57,0.32,NaN,3.80 
2025-02-09 09,1.57,NaN,0.78,2.58,0.16,NaN,3.58 
2025-02-09 10,1.50,NaN,0.78,2.59,0.03,NaN,3.34 
2025-02-09 11,1.45,NaN,0.78,2.60,-0.03,NaN,3.09 
2025-02-09 12,1.46,NaN,0.79,2.60,-0.04,NaN,2.85 
2025-02-09 13,1.47,NaN,0.79,2.61,0.10,NaN,2.62 
2025-02-09 14,NaN,NaN,0.78,2.62,0.32,NaN,2.41 
2025-02-09 15,1.53,NaN,0.79,2.62,0.66,NaN,2.22 
2025-02-09 16,NaN,NaN,0.78,2.63,0.84,NaN,2.05 
2025-02-09 17,NaN,NaN,0.78,2.63,0.79,NaN,1.89 
2025-02-09 18,1.65,NaN,0.78,2.64,0.67,NaN,1.75 
2025-02-09 19,NaN,NaN,0.78,2.64,0.47,NaN,1.63 
2025-02-09 20,NaN,NaN,0.78,2.64,0.25,NaN,1.52 
2025-02-09 21,NaN,NaN,0.78,2.65,0.03,NaN,1.43 
2025-02-09 22,NaN,NaN,0.78,2.65,-0.19,NaN,1.35 
2025-02-09 23,NaN,NaN,0.78,2.65,-0.32,NaN,1.30 
2025-02-10 00,NaN,NaN,0.78,2.65,-0.48,NaN,1.26 
2025-02-10 01,NaN,NaN,0.78,2.65,-0.57,NaN,1.26 
2025-02-10 02,NaN,NaN,0.82,2.66,-0.49,NaN,1.36 
2025-02-10 03,NaN,NaN,0.81,2.66,0.21,NaN,1.82 
2025-02-10 04,NaN,NaN,0.81,2.66,0.45,NaN,2.32 
2025-02-10 05,NaN,NaN,0.85,2.66,0.63,NaN,2.70 
2025-02-10 06,NaN,NaN,0.85,2.67,0.67,NaN,2.95 
2025-02-10 07,NaN,NaN,0.86,2.67,0.65,NaN,3.11 
2025-02-10 08,NaN,NaN,0.88,2.68,0.53,NaN,3.26 
2025-02-10 09,NaN,NaN,0.89,2.69,0.29,NaN,3.40 
2025-02-10 10,NaN,NaN,0.90,2.70,0.12,NaN,3.46 
2025-02-10 11,NaN,NaN,0.91,2.72,-0.01,NaN,3.47 
2025-02-10 12,NaN,NaN,0.91,2.74,-0.06,NaN,3.49 
2025-02-10 13,NaN,NaN,0.95,2.75,-0.03,NaN,3.53 
2025-02-10 14,NaN,NaN,0.96,2.77,0.07,NaN,3.50 
2025-02-10 15,NaN,NaN,0.99,2.79,0.42,NaN,3.39 
2025-02-10 16,NaN,NaN,1.00,2.80,0.83,NaN,3.27 
2025-02-10 17,NaN,NaN,1.01,2.82,0.94,NaN,3.18 
2025-02-10 18,3.07,NaN,1.02,2.84,0.97,NaN,3.15 
2025-02-10 19,2.95,NaN,1.02,2.87,0.86,NaN,3.25 
2025-02-10 20,2.85,NaN,1.03,2.89,0.68,NaN,3.40 
2025-02-10 21,2.72,NaN,1.04,2.92,0.49,NaN,3.53 
2025-02-10 22,2.64,NaN,1.05,2.94,0.29,NaN,3.58 
2025-02-10 23,2.55,NaN,1.06,2.96,0.12,NaN,3.53 
2025-02-11 00,2.51,NaN,1.06,2.98,-0.04,NaN,3.41 
2025-02-11 01,2.47,NaN,1.06,3.00,-0.17,NaN,3.26 
2025-02-11 02,2.42,NaN,1.06,3.02,-0.21,NaN,3.09 
2025-02-11 03,2.35,NaN,1.06,3.04,-0.02,NaN,2.94 
2025-02-11 04,2.30,NaN,1.06,3.05,0.39,NaN,2.80 
2025-02-11 05,2.23,NaN,1.06,3.07,0.60,NaN,2.68 
2025-02-11 06,2.20,NaN,1.06,3.08,0.71,NaN,2.57 
2025-02-11 07,2.17,NaN,1.06,3.10,0.79,NaN,2.48 
2025-02-11 08,2.13,NaN,1.06,3.11,0.70,NaN,2.38 
2025-02-11 09,2.09,NaN,1.05,3.12,0.51,NaN,2.28 
2025-02-11 10,2.05,NaN,1.05,3.13,0.31,NaN,2.17 
2025-02-11 11,2.01,NaN,1.05,3.14,0.11,NaN,2.07 
2025-02-11 12,1.97,NaN,1.05,3.15,-0.05,NaN,1.97 
2025-02-11 13,1.92,NaN,1.05,3.15,-0.12,NaN,1.88 
2025-02-11 14,1.89,NaN,1.05,3.16,-0.13,NaN,1.79 
2025-02-11 15,1.85,NaN,1.04,3.17,0.08,NaN,NaN 
2025-02-11 16,NaN,NaN,1.04,3.17,0.58,NaN,1.62 
2025-02-11 17,NaN,NaN,1.04,3.18,0.87,NaN,1.54 
2025-02-11 18,NaN,NaN,1.04,3.18,0.97,NaN,1.48 
2025-02-11 19,NaN,NaN,1.03,3.18,0.93,NaN,1.42 
2025-02-11 20,NaN,NaN,1.03,3.19,0.75,NaN,1.37 
2025-02-11 21,NaN,NaN,1.02,3.19,0.53,NaN,1.33 
2025-02-11 22,NaN,NaN,1.03,3.19,0.30,NaN,1.30 
2025-02-11 23,NaN,NaN,1.03,3.20,0.07,NaN,1.27 
2025-02-12 00,NaN,NaN,1.02,3.20,-0.13,NaN,1.24 
2025-02-12 01,NaN,NaN,1.03,3.20,-0.26,NaN,1.22 
2025-02-12 02,NaN,NaN,1.02,3.20,-0.36,NaN,1.19 
2025-02-12 03,NaN,NaN,1.02,3.21,-0.44,NaN,1.16 
2025-02-12 04,NaN,NaN,1.02,3.21,-0.01,NaN,1.13 
2025-02-12 05,1.74,NaN,1.02,3.21,0.48,NaN,1.09 
2025-02-12 06,1.73,NaN,1.01,3.22,0.74,NaN,1.06 
2025-02-12 07,1.71,NaN,1.01,3.22,0.81,NaN,1.03 
2025-02-12 08,1.67,NaN,1.01,3.22,0.74,NaN,1.01 
2025-02-12 09,1.60,NaN,1.01,3.22,0.58,NaN,0.98 
2025-02-12 10,1.55,NaN,1.00,3.23,0.38,NaN,0.96 
2025-02-12 11,1.50,NaN,1.00,3.23,0.15,NaN,0.93 
2025-02-12 12,1.48,NaN,1.00,3.23,-0.06,NaN,0.90 
2025-02-12 13,1.44,NaN,0.99,3.23,-0.21,NaN,NaN 
2025-02-12 14,1.42,NaN,0.99,3.23,-0.29,NaN,0.85 
2025-02-12 15,1.40,NaN,0.99,3.24,-0.26,NaN,0.82 
2025-02-12 16,1.34,NaN,0.98,3.24,0.29,NaN,0.80 
2025-02-12 17,NaN,NaN,0.98,3.24,0.73,NaN,0.78 
2025-02-12 18,NaN,NaN,0.97,3.24,0.95,NaN,0.76 
2025-02-12 19,NaN,NaN,0.97,3.24,0.99,NaN,0.75 
2025-02-12 20,NaN,NaN,0.97,3.24,0.90,NaN,0.75 
2025-02-12 21,NaN,NaN,0.97,3.24,0.69,NaN,0.75 
2025-02-12 22,NaN,NaN,0.96,3.24,0.45,NaN,0.75 
2025-02-12 23,NaN,NaN,0.96,3.24,0.20,NaN,0.75 
2025-02-13 00,NaN,NaN,0.96,3.24,-0.03,NaN,0.76 
2025-02-13 01,NaN,NaN,0.95,3.24,-0.22,NaN,0.75 
2025-02-13 02,NaN,NaN,0.95,3.24,-0.34,NaN,0.73 
2025-02-13 03,NaN,NaN,0.94,3.24,-0.45,NaN,0.71 
2025-02-13 04,NaN,NaN,0.94,3.24,-0.47,NaN,0.68 
2025-02-13 05,1.32,NaN,0.95,3.24,0.23,NaN,0.66 
2025-02-13 06,NaN,NaN,0.94,3.25,0.63,NaN,0.64 
2025-02-13 07,NaN,NaN,0.94,3.25,0.80,NaN,0.62 
2025-02-13 08,1.42,NaN,0.94,3.25,0.79,NaN,0.61 
2025-02-13 09,1.41,NaN,0.94,3.25,0.67,NaN,0.59 
2025-02-13 10,1.40,NaN,0.94,3.26,0.49,NaN,0.58 
2025-02-13 11,1.38,NaN,0.94,3.26,0.26,NaN,0.57 
2025-02-13 12,1.14,NaN,0.93,3.27,0.03,NaN,0.56 
2025-02-13 13,1.15,NaN,0.94,3.27,-0.17,NaN,0.55 
2025-02-13 14,1.20,NaN,0.94,3.28,-0.27,NaN,0.54 
2025-02-13 15,1.20,NaN,0.95,3.29,-0.30,NaN,0.53 
2025-02-13 16,1.22,NaN,0.95,3.29,-0.01,NaN,0.53 
2025-02-13 17,NaN,NaN,0.95,3.30,0.38,NaN,0.52 
2025-02-13 18,NaN,NaN,0.94,3.31,0.74,NaN,0.51 
2025-02-13 19,NaN,NaN,0.95,3.32,0.90,NaN,0.51 
2025-02-13 20,NaN,NaN,0.95,3.32,0.94,NaN,0.53 
2025-02-13 21,NaN,NaN,0.94,3.33,0.85,NaN,0.56 
2025-02-13 22,NaN,NaN,0.94,3.34,0.63,NaN,0.59 
2025-02-13 23,NaN,NaN,0.94,3.35,0.38,NaN,0.61 
2025-02-14 00,1.21,NaN,0.94,3.35,0.16,NaN,0.62 
2025-02-14 01,1.21,NaN,0.94,3.36,-0.02,NaN,0.60 
2025-02-14 02,1.20,NaN,0.93,3.36,-0.18,NaN,0.58 
2025-02-14 03,1.19,NaN,0.93,3.37,-0.26,NaN,0.55 
2025-02-14 04,1.17,NaN,0.93,3.37,-0.31,NaN,0.53 
2025-02-14 05,1.17,NaN,0.93,3.38,-0.02,NaN,0.50 
2025-02-14 06,1.18,NaN,0.92,3.38,0.51,NaN,0.48 
2025-02-14 07,NaN,NaN,0.92,3.38,0.77,NaN,0.46 
2025-02-14 08,1.32,NaN,0.91,3.38,0.85,NaN,0.44 
2025-02-14 09,1.26,NaN,0.91,3.38,0.81,NaN,0.44 
2025-02-14 10,1.23,NaN,0.91,3.38,0.65,NaN,0.43 
2025-02-14 11,1.20,NaN,0.91,3.38,0.42,NaN,0.42 
2025-02-14 12,1.18,NaN,0.91,3.38,0.18,NaN,0.40 
2025-02-14 13,1.15,NaN,0.92,3.38,-0.02,NaN,0.39 
2025-02-14 14,1.13,NaN,0.92,3.38,-0.19,NaN,0.38 
2025-02-14 15,1.12,NaN,0.93,3.38,-0.27,NaN,0.36 
2025-02-14 16,1.12,NaN,0.93,3.38,-0.26,NaN,0.35 
2025-02-14 17,NaN,NaN,0.92,3.38,0.15,NaN,0.34 
2025-02-14 18,1.12,NaN,0.92,3.37,0.65,NaN,0.33 
2025-02-14 19,1.13,NaN,0.91,3.37,0.87,NaN,0.32 
2025-02-14 20,1.14,NaN,0.91,3.37,0.89,NaN,0.31 
2025-02-14 21,1.14,NaN,0.91,3.37,0.85,NaN,0.31 
2025-02-14 22,1.13,NaN,0.90,3.36,0.67,NaN,0.31 
2025-02-14 23,1.12,NaN,0.90,3.36,0.44,NaN,0.30 
2025-02-15 00,NaN,NaN,0.90,3.36,0.19,NaN,0.29 
2025-02-15 01,NaN,NaN,0.89,3.36,-0.04,NaN,0.28 
2025-02-15 02,1.10,NaN,0.89,3.35,-0.21,NaN,0.27 
2025-02-15 03,1.11,NaN,0.89,3.35,-0.31,NaN,0.26 
2025-02-15 04,1.11,NaN,0.88,3.35,-0.40,NaN,0.25 
2025-02-15 05,1.11,NaN,0.88,3.35,-0.36,NaN,0.24 
2025-02-15 06,1.13,NaN,0.88,3.34,0.34,NaN,0.24 
2025-02-15 07,1.14,NaN,0.87,3.34,0.70,NaN,0.23 
2025-02-15 08,1.14,NaN,0.87,3.34,0.84,NaN,0.22 
2025-02-15 09,1.14,NaN,0.87,3.33,0.86,NaN,0.22 
2025-02-15 10,1.14,NaN,0.88,3.33,0.74,NaN,0.23 
2025-02-15 11,1.12,NaN,0.87,3.32,0.50,NaN,0.23 
2025-02-15 12,1.11,NaN,0.87,3.32,0.25,NaN,0.23 
2025-02-15 13,NaN,NaN,0.87,3.32,0.03,NaN,0.22 
2025-02-15 14,1.27,NaN,0.89,3.31,-0.06,NaN,0.26 
2025-02-15 15,NaN,NaN,0.89,3.31,-0.16,NaN,0.29 
2025-02-15 16,NaN,NaN,0.90,3.31,-0.19,NaN,0.28 
2025-02-15 17,1.80,NaN,0.90,3.31,0.01,NaN,0.27 
2025-02-15 18,NaN,NaN,0.90,3.31,0.43,NaN,0.27 
2025-02-15 19,NaN,NaN,0.90,3.31,0.76,NaN,0.27 
2025-02-15 20,NaN,NaN,0.90,3.31,0.85,NaN,0.26 
2025-02-15 21,NaN,NaN,0.90,3.32,0.87,NaN,0.30 
2025-02-15 22,NaN,NaN,0.90,3.32,0.79,NaN,0.60 
2025-02-15 23,NaN,NaN,0.91,3.32,0.61,NaN,0.85 
2025-02-16 00,NaN,NaN,0.90,3.32,0.38,NaN,0.92 
2025-02-16 01,NaN,NaN,0.90,3.32,0.16,NaN,0.87 
2025-02-16 02,NaN,NaN,0.90,3.32,-0.03,NaN,0.78 
2025-02-16 03,NaN,NaN,0.90,3.32,-0.18,NaN,0.68 
2025-02-16 04,NaN,NaN,0.89,3.32,-0.26,NaN,0.59 
2025-02-16 05,1.29,NaN,0.89,3.32,-0.25,NaN,0.51 
2025-02-16 06,NaN,NaN,0.89,3.32,0.26,NaN,0.44 
2025-02-16 07,1.28,NaN,0.89,3.31,0.64,NaN,0.39 
2025-02-16 08,1.26,NaN,0.89,3.31,0.84,NaN,0.35 
2025-02-16 09,1.26,NaN,0.89,3.31,0.87,NaN,0.32 
2025-02-16 10,1.27,NaN,0.88,3.31,0.80,NaN,0.30 
2025-02-16 11,1.27,NaN,0.88,3.31,0.62,NaN,0.29 
2025-02-16 12,1.25,NaN,0.88,3.30,0.39,NaN,0.27 
2025-02-16 13,1.24,NaN,0.88,3.30,0.17,NaN,0.25 
2025-02-16 14,1.21,NaN,0.88,3.30,-0.04,NaN,0.23 
2025-02-16 15,1.19,NaN,0.88,3.29,-0.20,NaN,0.22 
2025-02-16 16,1.18,NaN,0.88,3.29,-0.29,NaN,0.20 
2025-02-16 17,1.17,NaN,0.88,3.29,-0.28,NaN,0.19 
2025-02-16 18,NaN,NaN,0.87,3.29,0.19,NaN,0.18 
2025-02-16 19,NaN,NaN,0.87,3.28,0.58,NaN,0.17 
2025-02-16 20,NaN,NaN,0.86,3.28,0.73,NaN,0.16 
2025-02-16 21,NaN,NaN,0.86,3.27,0.73,NaN,0.15 
2025-02-16 22,NaN,NaN,0.86,3.27,0.67,NaN,0.15 
2025-02-16 23,NaN,NaN,0.86,3.27,0.51,NaN,0.14 
2025-02-17 00,NaN,NaN,0.86,3.26,0.31,NaN,0.14 
2025-02-17 01,NaN,NaN,0.85,3.26,0.06,NaN,0.13 
2025-02-17 02,NaN,NaN,0.85,3.25,-0.16,NaN,0.12 
2025-02-17 03,NaN,NaN,0.85,3.25,-0.29,NaN,0.12 
2025-02-17 04,NaN,NaN,0.84,3.25,-0.40,NaN,0.12 
2025-02-17 05,NaN,NaN,0.84,3.24,-0.45,NaN,0.11 
2025-02-17 06,NaN,NaN,0.84,3.24,0.00,NaN,0.11 
2025-02-17 07,NaN,NaN,0.84,3.23,0.49,NaN,0.11 
2025-02-17 08,1.07,NaN,0.83,3.23,0.74,NaN,0.10 
2025-02-17 09,1.07,NaN,0.83,3.22,0.78,NaN,0.10 
2025-02-17 10,1.07,NaN,0.83,3.22,0.74,NaN,0.10 
2025-02-17 11,1.07,NaN,0.83,3.21,0.58,NaN,0.11 
2025-02-17 12,1.05,NaN,0.83,3.21,0.38,NaN,0.11 
2025-02-17 13,1.04,NaN,0.83,3.20,0.15,NaN,0.10 
2025-02-17 14,1.03,NaN,0.83,3.20,-0.09,NaN,0.09 
2025-02-17 15,1.03,NaN,0.83,3.19,-0.24,NaN,0.08 
2025-02-17 16,1.03,NaN,0.83,3.19,-0.35,NaN,0.07 
2025-02-17 17,NaN,NaN,0.83,3.18,-0.41,NaN,0.06 
2025-02-17 18,NaN,NaN,0.82,3.18,-0.10,NaN,0.05 
2025-02-17 19,NaN,NaN,0.82,3.17,0.30,NaN,0.05 
2025-02-17 20,NaN,NaN,0.81,3.17,0.57,NaN,0.04 
2025-02-17 21,NaN,NaN,0.82,3.16,0.65,NaN,0.04 
2025-02-17 22,NaN,NaN,0.81,3.16,0.60,NaN,0.04 
2025-02-17 23,NaN,NaN,0.81,3.15,0.47,NaN,0.06 
2025-02-18 00,NaN,NaN,0.80,3.15,0.30,NaN,0.09 
2025-02-18 01,NaN,NaN,0.81,3.14,0.09,NaN,0.12 
2025-02-18 02,NaN,NaN,NaN,NaN,NaN,NaN,NaN 
2025-02-18 03,NaN,NaN,NaN,NaN,NaN,NaN,NaN 
2025-02-18 04,NaN,NaN,NaN,NaN,NaN,NaN,NaN 
2025-02-18 05,NaN,NaN,NaN,NaN,NaN,NaN,NaN 
2025-02-18 06,NaN,NaN,NaN,NaN,NaN,NaN,NaN 
2025-02-18 07,NaN,NaN,0.80,3.12,0.36,NaN,0.23 
2025-02-18 08,NaN,NaN,0.79,3.11,0.64,NaN,0.21 
2025-02-18 09,1.23,NaN,0.79,3.11,0.71,NaN,0.19 
2025-02-18 10,1.21,NaN,0.79,3.10,0.65,NaN,0.17 
2025-02-18 11,1.21,NaN,0.79,3.09,0.55,NaN,0.16 
2025-02-18 12,1.21,NaN,0.79,3.09,0.40,NaN,0.14 
2025-02-18 13,1.23,NaN,0.79,3.08,0.21,NaN,0.12 
2025-02-18 14,1.24,NaN,0.79,3.08,-0.05,NaN,0.11 
2025-02-18 15,1.25,NaN,0.79,3.07,-0.24,NaN,0.09 
2025-02-18 16,1.25,NaN,0.79,3.07,-0.36,NaN,0.07 
2025-02-18 17,NaN,NaN,0.79,3.06,-0.45,NaN,0.06 
2025-02-18 18,NaN,NaN,0.78,3.06,-0.41,NaN,0.05 
2025-02-18 19,NaN,NaN,0.78,3.05,0.10,NaN,0.04 
2025-02-18 20,NaN,NaN,0.77,3.05,0.22,NaN,0.04 
2025-02-18 21,NaN,NaN,0.77,3.04,0.35,NaN,0.03 
2025-02-18 22,NaN,NaN,0.77,3.03,0.51,NaN,0.02 
2025-02-18 23,NaN,NaN,0.77,3.03,0.49,NaN,0.02 
2025-02-19 00,NaN,NaN,0.77,3.02,0.34,NaN,0.01 
2025-02-19 01,1.09,NaN,0.77,3.02,0.13,NaN,0.01 
2025-02-19 02,1.08,NaN,0.76,3.01,-0.08,NaN,0.01 
2025-02-19 03,NaN,NaN,0.75,3.00,-0.23,NaN,0.01 
2025-02-19 04,NaN,NaN,0.75,3.00,-0.33,NaN,0.00 
2025-02-19 05,NaN,NaN,0.75,2.99,-0.38,NaN,0.00 
2025-02-19 06,1.08,NaN,0.75,2.99,-0.32,NaN,0.00 
2025-02-19 07,1.09,NaN,0.75,2.98,0.15,NaN,-0.01 
2025-02-19 08,1.09,NaN,0.75,2.97,0.49,NaN,-0.01 
2025-02-19 09,1.08,NaN,0.74,2.97,0.72,NaN,-0.02 
2025-02-19 10,1.07,NaN,0.75,2.96,0.72,NaN,-0.02 
2025-02-19 11,1.05,NaN,0.75,2.96,0.61,NaN,-0.01 
2025-02-19 12,1.03,NaN,0.74,2.95,0.48,NaN,-0.01 
2025-02-19 13,1.01,NaN,0.74,2.94,0.30,NaN,-0.01 
2025-02-19 14,0.99,NaN,0.74,2.94,0.06,NaN,-0.01 
2025-02-19 15,NaN,NaN,0.74,2.93,-0.12,NaN,-0.02 
2025-02-19 16,0.98,NaN,0.74,2.93,-0.26,NaN,-0.02 
2025-02-19 17,NaN,NaN,0.73,2.92,-0.36,NaN,-0.03 
2025-02-19 18,NaN,NaN,0.73,2.91,-0.39,NaN,-0.03 
2025-02-19 19,NaN,NaN,0.73,2.91,-0.14,NaN,-0.03 
2025-02-19 20,NaN,NaN,0.73,2.90,0.08,NaN,-0.04 
2025-02-19 21,NaN,NaN,0.73,2.90,0.28,NaN,-0.05 
2025-02-19 22,NaN,NaN,0.73,2.89,0.34,NaN,-0.05 
2025-02-19 23,NaN,NaN,0.72,2.89,0.32,NaN,-0.06 
2025-02-20 00,NaN,NaN,0.72,2.88,0.24,NaN,-0.06 
2025-02-20 01,NaN,NaN,0.72,2.87,0.14,NaN,-0.07 
2025-02-20 02,NaN,NaN,0.73,2.87,-0.01,NaN,-0.07 
2025-02-20 03,NaN,NaN,0.72,2.86,-0.18,NaN,-0.08 
2025-02-20 04,NaN,NaN,0.72,2.86,-0.26,NaN,-0.08 
2025-02-20 05,-3.36,NaN,0.72,2.85,-0.30,NaN,-0.08 
2025-02-20 06,NaN,NaN,0.74,2.84,-0.29,NaN,-0.08 
2025-02-20 07,NaN,NaN,0.74,2.84,0.09,NaN,-0.08 
2025-02-20 08,NaN,NaN,0.74,2.83,0.38,NaN,-0.08 
2025-02-20 09,1.69,NaN,0.74,2.83,0.49,NaN,-0.08 
2025-02-20 10,1.92,NaN,0.74,2.82,0.53,NaN,-0.08 
2025-02-20 11,NaN,NaN,0.75,2.81,0.53,NaN,-0.07 
2025-02-20 12,2.36,NaN,0.75,2.81,0.41,NaN,-0.06 
2025-02-20 13,NaN,NaN,0.74,2.80,0.30,NaN,-0.05 
2025-02-20 14,NaN,NaN,0.74,2.80,0.10,NaN,0.06 
2025-02-20 15,NaN,NaN,0.74,2.80,-0.06,NaN,0.46 
2025-02-20 16,2.79,NaN,0.74,2.79,-0.23,NaN,0.98 
2025-02-20 17,NaN,NaN,0.75,2.79,-0.32,NaN,1.27 
2025-02-20 18,NaN,NaN,0.74,2.78,-0.39,NaN,1.37 
2025-02-20 19,NaN,NaN,0.74,2.78,-0.37,NaN,1.35 
2025-02-20 20,NaN,NaN,0.74,2.78,-0.17,NaN,1.27 
2025-02-20 21,NaN,NaN,0.74,2.77,-0.05,NaN,1.18 
2025-02-20 22,NaN,NaN,0.74,2.77,0.13,NaN,1.08 
2025-02-20 23,NaN,NaN,0.74,2.76,0.16,NaN,0.98 
2025-02-21 00,NaN,NaN,0.74,2.76,0.13,NaN,0.89 
2025-02-21 01,NaN,NaN,0.74,2.76,0.10,NaN,0.81 
2025-02-21 02,NaN,NaN,0.74,2.75,0.05,NaN,0.75 
2025-02-21 03,NaN,NaN,0.75,2.75,-0.06,NaN,0.71 
2025-02-21 04,NaN,NaN,0.75,2.75,-0.13,NaN,0.71 
2025-02-21 05,NaN,NaN,0.75,2.74,-0.21,NaN,0.79 
2025-02-21 06,NaN,NaN,0.74,2.74,-0.25,NaN,1.02 
2025-02-21 07,NaN,NaN,0.75,2.74,-0.03,NaN,1.31 
2025-02-21 08,NaN,NaN,0.75,2.73,0.11,NaN,1.49 
2025-02-21 09,NaN,NaN,0.75,2.73,0.28,NaN,1.66 
2025-02-21 10,NaN,NaN,0.75,2.73,0.36,NaN,1.95 
2025-02-21 11,NaN,NaN,0.75,2.72,0.36,NaN,2.29 
2025-02-21 12,NaN,NaN,0.78,2.72,0.39,NaN,2.50 
2025-02-21 13,5.29,NaN,0.78,2.72,0.36,NaN,2.51 
2025-02-21 14,NaN,NaN,0.78,2.72,0.20,NaN,2.40 
2025-02-21 15,NaN,NaN,0.79,2.72,0.07,NaN,2.24 
2025-02-21 16,NaN,NaN,0.79,2.71,-0.05,NaN,2.09 
2025-02-21 17,NaN,NaN,0.81,2.71,-0.11,NaN,1.95 
2025-02-21 18,NaN,NaN,0.81,2.71,-0.24,NaN,1.83 
2025-02-21 19,NaN,NaN,0.82,2.71,-0.30,NaN,1.73 
2025-02-21 20,NaN,NaN,0.82,2.71,-0.32,NaN,1.67 
2025-02-21 21,NaN,NaN,0.82,2.71,-0.26,NaN,1.62 
2025-02-21 22,NaN,NaN,0.83,2.71,-0.19,NaN,1.58 
2025-02-21 23,NaN,NaN,0.83,2.71,-0.03,NaN,1.53 
2025-02-22 00,4.02,NaN,0.83,2.72,0.00,NaN,1.48 
2025-02-22 01,NaN,NaN,0.83,2.72,-0.02,NaN,1.42 
2025-02-22 02,NaN,NaN,0.83,2.72,0.02,NaN,1.36 
2025-02-22 03,NaN,NaN,0.83,2.72,0.08,NaN,1.28 
2025-02-22 04,NaN,NaN,0.82,2.72,0.05,NaN,1.20 
2025-02-22 05,NaN,NaN,0.83,2.72,0.01,NaN,1.12 
2025-02-22 06,NaN,NaN,0.82,2.73,-0.06,NaN,1.05 
2025-02-22 07,2.98,NaN,0.82,2.73,-0.07,NaN,0.97 
2025-02-22 08,2.92,NaN,0.82,2.73,0.12,NaN,0.91 
2025-02-22 09,2.85,NaN,0.82,2.73,0.12,NaN,0.85 
2025-02-22 10,2.76,NaN,0.82,2.73,0.10,NaN,0.80 
2025-02-22 11,2.72,NaN,0.83,2.73,0.20,NaN,0.75 
2025-02-22 12,2.62,NaN,0.83,2.73,0.36,NaN,0.71 
2025-02-22 13,2.55,NaN,0.82,2.73,0.38,NaN,0.68 
2025-02-22 14,2.52,NaN,0.82,2.74,0.28,NaN,0.65 
2025-02-22 15,2.49,NaN,0.82,2.74,0.19,NaN,0.62 
2025-02-22 16,2.42,NaN,0.82,2.74,0.10,NaN,0.60 
2025-02-22 17,NaN,NaN,0.82,2.74,-0.01,NaN,0.58 
2025-02-22 18,NaN,NaN,0.82,2.74,-0.05,NaN,0.57 
2025-02-22 19,NaN,NaN,0.82,2.74,-0.17,NaN,0.57 
2025-02-22 20,NaN,NaN,0.83,2.74,-0.38,NaN,0.57 
2025-02-22 21,NaN,NaN,0.83,2.74,-0.45,NaN,0.59 
2025-02-22 22,NaN,NaN,0.83,2.74,-0.44,NaN,0.60 
2025-02-22 23,NaN,NaN,0.83,2.74,-0.38,NaN,0.60 
2025-02-23 00,NaN,NaN,0.83,2.74,-0.30,NaN,0.62 
2025-02-23 01,NaN,NaN,0.83,2.75,-0.20,NaN,0.68 
2025-02-23 02,NaN,NaN,0.83,2.75,-0.09,NaN,0.80 
2025-02-23 03,NaN,NaN,0.84,2.75,0.11,NaN,0.94 
2025-02-23 04,NaN,NaN,0.84,2.75,0.28,NaN,1.07 
2025-02-23 05,NaN,NaN,0.84,2.75,0.17,NaN,1.15 
2025-02-23 06,NaN,NaN,0.84,2.75,0.06,NaN,1.18 
2025-02-23 07,NaN,NaN,0.84,2.75,-0.01,NaN,1.16 
2025-02-23 08,NaN,NaN,0.84,2.75,0.00,NaN,1.11 
2025-02-23 09,2.23,NaN,0.84,2.75,-0.02,NaN,1.05 
2025-02-23 10,2.16,NaN,0.85,2.75,-0.04,NaN,0.99 
2025-02-23 11,2.12,NaN,0.85,2.76,-0.05,NaN,0.93 
2025-02-23 12,2.09,NaN,0.84,2.76,0.11,NaN,0.87 
2025-02-23 13,2.06,NaN,0.84,2.76,0.30,NaN,0.83 
2025-02-23 14,2.02,NaN,0.85,2.76,0.39,NaN,0.78 
2025-02-23 15,1.99,NaN,0.84,2.76,0.40,NaN,0.74 
2025-02-23 16,1.96,NaN,0.84,2.76,0.31,NaN,0.70 
2025-02-23 17,NaN,NaN,0.85,2.76,0.25,NaN,0.66 
2025-02-23 18,1.90,NaN,0.84,2.76,0.17,NaN,0.63 
2025-02-23 19,NaN,NaN,0.85,2.76,0.02,NaN,0.60 
2025-02-23 20,NaN,NaN,0.85,2.76,-0.18,NaN,0.57 
2025-02-23 21,NaN,NaN,0.85,2.76,-0.34,NaN,0.55 
2025-02-23 22,NaN,NaN,0.85,2.76,-0.47,NaN,0.52 
2025-02-23 23,NaN,NaN,0.85,2.76,-0.52,NaN,0.51 
2025-02-24 00,NaN,NaN,0.85,2.76,-0.51,NaN,0.49 
2025-02-24 01,NaN,NaN,0.85,2.76,-0.29,NaN,0.48 
2025-02-24 02,NaN,NaN,0.85,2.76,-0.14,NaN,0.46 
2025-02-24 03,NaN,NaN,0.85,2.77,0.20,NaN,0.45 
2025-02-24 04,NaN,NaN,0.85,2.77,0.48,NaN,0.43 
2025-02-24 05,NaN,NaN,0.85,2.77,0.49,NaN,0.42 
2025-02-24 06,NaN,NaN,0.85,2.77,0.41,NaN,0.41 
2025-02-24 07,NaN,NaN,0.85,2.77,0.27,NaN,0.39 
2025-02-24 08,1.80,NaN,0.86,2.77,0.12,NaN,0.38 
2025-02-24 09,1.79,NaN,0.85,2.77,0.00,NaN,0.37 
2025-02-24 10,1.78,NaN,0.85,2.77,-0.06,NaN,0.36 
2025-02-24 11,NaN,NaN,NaN,NaN,NaN,NaN,NaN 
2025-02-24 12,1.69,NaN,0.85,2.77,-0.12,NaN,0.34 
2025-02-24 13,1.66,NaN,0.84,2.77,0.15,NaN,0.32 
2025-02-24 14,1.66,NaN,0.85,2.77,0.44,NaN,0.31 
2025-02-24 15,1.65,NaN,0.85,2.77,0.61,NaN,0.30 
2025-02-24 16,1.60,NaN,0.85,2.77,0.56,NaN,0.29 
2025-02-24 17,NaN,NaN,0.85,2.77,0.50,NaN,0.28 
2025-02-24 18,NaN,NaN,0.85,2.77,0.42,NaN,0.27 
2025-02-24 19,NaN,NaN,0.85,2.77,0.26,NaN,0.26 
2025-02-24 20,NaN,NaN,0.84,2.77,0.03,NaN,0.25 
2025-02-24 21,NaN,NaN,0.84,2.77,-0.23,NaN,0.24 
2025-02-24 22,NaN,NaN,0.84,2.77,-0.41,NaN,0.23 
2025-02-24 23,NaN,NaN,0.83,2.77,-0.60,NaN,0.22 
2025-02-25 00,NaN,NaN,0.84,2.77,-0.69,NaN,0.21 
2025-02-25 01,NaN,NaN,0.83,2.77,-0.66,NaN,0.20 
2025-02-25 02,NaN,NaN,0.83,2.77,-0.50,NaN,NaN 
2025-02-25 03,NaN,NaN,0.83,2.77,0.04,NaN,0.18 
2025-02-25 04,NaN,NaN,0.83,2.77,0.38,NaN,0.18 
2025-02-25 05,NaN,NaN,0.83,2.77,0.60,NaN,0.17 
2025-02-25 06,NaN,NaN,0.83,2.77,0.58,NaN,0.16 
2025-02-25 07,NaN,NaN,0.83,2.76,0.48,NaN,0.16 
2025-02-25 08,1.46,NaN,0.83,2.76,0.27,NaN,0.16 
2025-02-25 09,1.43,NaN,0.82,2.76,0.03,NaN,0.15 
2025-02-25 10,1.40,NaN,0.83,2.76,-0.18,NaN,0.14 
2025-02-25 11,1.39,NaN,0.83,2.76,-0.30,NaN,0.14 
2025-02-25 12,1.37,NaN,0.83,2.76,-0.33,NaN,0.13 
2025-02-25 13,1.35,NaN,0.82,2.76,-0.15,NaN,0.13 
2025-02-25 14,1.33,NaN,0.82,2.76,0.15,NaN,0.12 
2025-02-25 15,1.33,NaN,0.83,2.76,0.54,NaN,0.11 
2025-02-25 16,1.32,NaN,0.82,2.76,0.71,NaN,0.11 
2025-02-25 17,NaN,NaN,0.82,2.75,0.76,NaN,0.10 
2025-02-25 18,NaN,NaN,0.82,2.75,0.74,NaN,0.10 
2025-02-25 19,NaN,NaN,0.82,2.75,0.53,NaN,0.10 
2025-02-25 20,NaN,NaN,0.82,2.75,0.26,NaN,0.10 
2025-02-25 21,NaN,NaN,0.82,2.75,-0.03,NaN,0.09 
2025-02-25 22,NaN,NaN,0.82,2.75,-0.27,NaN,0.08 
2025-02-25 23,NaN,NaN,0.82,2.75,-0.46,NaN,0.07 
2025-02-26 00,NaN,NaN,0.82,2.74,-0.66,NaN,0.06 
2025-02-26 01,NaN,NaN,0.81,2.74,-0.76,NaN,0.06 
2025-02-26 02,NaN,NaN,0.82,2.74,-0.72,NaN,0.05 
2025-02-26 03,NaN,NaN,0.81,2.74,-0.08,NaN,0.05 
2025-02-26 04,NaN,NaN,0.81,2.74,0.37,NaN,0.04 
2025-02-26 05,NaN,NaN,0.81,2.74,0.69,NaN,0.04 
2025-02-26 06,NaN,NaN,0.81,2.74,0.79,NaN,0.04 
2025-02-26 07,NaN,NaN,0.81,2.73,0.75,NaN,0.04 
2025-02-26 08,1.31,NaN,0.81,2.73,0.56,NaN,0.04 
2025-02-26 09,1.30,NaN,0.82,2.73,0.26,NaN,0.05 
2025-02-26 10,1.27,NaN,0.81,2.73,0.01,NaN,0.04 
2025-02-26 11,1.27,NaN,0.81,2.73,-0.20,NaN,0.04 
2025-02-26 12,1.25,NaN,0.81,2.72,-0.36,NaN,0.03 
2025-02-26 13,1.23,NaN,0.81,2.72,-0.43,NaN,0.03 
2025-02-26 14,1.22,NaN,0.82,2.72,-0.37,NaN,0.02 
2025-02-26 15,1.22,NaN,0.82,2.72,0.33,NaN,0.02 
2025-02-26 16,1.23,NaN,0.82,2.72,0.76,NaN,0.01 
2025-02-26 17,1.23,NaN,0.82,2.71,0.92,NaN,0.01 
2025-02-26 18,1.23,NaN,0.82,2.71,0.96,NaN,0.00 
2025-02-26 19,1.22,NaN,0.84,2.71,0.89,NaN,0.02 
2025-02-26 20,1.21,NaN,0.84,2.70,0.64,NaN,0.03 
2025-02-26 21,1.20,NaN,0.84,2.70,0.34,NaN,0.03 
2025-02-26 22,1.20,NaN,0.84,2.70,0.04,NaN,0.01 
2025-02-26 23,1.20,NaN,0.84,2.70,-0.21,NaN,NaN 
2025-02-27 00,1.20,NaN,0.84,2.70,-0.40,NaN,-0.02 
2025-02-27 01,1.21,NaN,0.84,2.69,-0.62,NaN,-0.03 
2025-02-27 02,1.21,NaN,0.84,2.69,-0.74,NaN,NaN 
2025-02-27 03,1.21,NaN,0.84,2.69,-0.65,NaN,-0.04 
2025-02-27 04,1.21,NaN,0.84,2.69,0.20,NaN,-0.04 
2025-02-27 05,1.22,NaN,0.84,2.68,0.63,NaN,-0.05 
2025-02-27 06,1.22,NaN,0.84,2.68,0.83,NaN,-0.05 
2025-02-27 07,1.21,NaN,0.84,2.68,0.87,NaN,-0.05 
2025-02-27 08,1.21,NaN,0.84,2.68,0.77,NaN,-0.04 
2025-02-27 09,1.21,NaN,0.84,2.67,0.52,NaN,-0.03 
2025-02-27 10,1.21,NaN,0.84,2.67,0.21,NaN,-0.03 
2025-02-27 11,1.20,NaN,0.84,2.67,-0.07,NaN,-0.04 
2025-02-27 12,1.17,NaN,0.84,2.66,-0.29,NaN,-0.04 
2025-02-27 13,1.18,NaN,0.84,2.66,-0.47,NaN,-0.05 
2025-02-27 14,1.15,NaN,0.84,2.66,-0.55,NaN,NaN 
2025-02-27 15,1.14,NaN,0.84,2.65,-0.09,NaN,-0.07 
2025-02-27 16,1.12,NaN,0.84,2.65,0.50,NaN,-0.07 
2025-02-27 17,1.12,NaN,0.84,2.65,0.86,NaN,-0.07 
2025-02-27 18,1.14,NaN,0.83,2.64,0.99,NaN,-0.08 
2025-02-27 19,1.14,NaN,0.83,2.64,1.02,NaN,-0.07 
2025-02-27 20,1.15,NaN,0.83,2.64,0.89,NaN,NaN 
2025-02-27 21,1.15,NaN,0.83,2.63,0.62,NaN,NaN 
2025-02-27 22,1.15,NaN,0.83,2.63,0.33,NaN,NaN 
2025-02-27 23,1.16,NaN,0.83,2.63,0.02,NaN,-0.06 
2025-02-28 00,1.16,NaN,0.83,2.62,-0.23,NaN,-0.08 
2025-02-28 01,1.15,NaN,0.83,2.62,-0.43,NaN,-0.09 
2025-02-28 02,1.14,NaN,0.82,2.62,-0.63,NaN,-0.10 
2025-02-28 03,1.14,NaN,0.82,2.61,-0.72,NaN,-0.11 
2025-02-28 04,1.13,NaN,0.82,2.61,-0.12,NaN,-0.11 
2025-02-28 05,1.13,NaN,0.82,2.61,0.47,NaN,-0.12 
2025-02-28 06,NaN,NaN,NaN,NaN,NaN,NaN,NaN 
2025-02-28 07,1.14,NaN,0.81,2.60,0.96,NaN,-0.12 
2025-02-28 08,1.14,NaN,0.81,2.60,0.97,NaN,-0.12 
2025-02-28 09,1.14,NaN,0.81,2.60,0.80,NaN,-0.09 
2025-02-28 10,1.14,NaN,0.81,2.59,0.50,NaN,-0.07 
2025-02-28 11,1.13,NaN,0.82,2.59,0.20,NaN,-0.08 
2025-02-28 12,1.11,NaN,0.81,2.59,-0.05,NaN,-0.10 
2025-02-28 13,1.10,NaN,0.81,2.58,-0.35,NaN,-0.11 
2025-02-28 14,1.10,NaN,0.81,2.58,-0.53,NaN,-0.12 
2025-02-28 15,1.08,NaN,0.81,2.58,-0.51,NaN,-0.12 
2025-02-28 16,1.08,NaN,0.81,2.57,0.12,NaN,-0.13 
2025-02-28 17,1.08,NaN,0.81,2.57,0.66,NaN,-0.13 
2025-02-28 18,1.09,NaN,0.81,2.56,0.96,NaN,-0.13 
2025-02-28 19,1.10,NaN,0.80,2.56,1.05,NaN,-0.13 
2025-02-28 20,1.10,NaN,0.80,2.56,1.08,NaN,-0.11 
2025-02-28 21,1.10,NaN,0.80,2.55,0.94,NaN,-0.06 
2025-02-28 22,1.10,NaN,0.80,2.55,0.65,NaN,-0.05 
2025-02-28 23,1.10,NaN,0.80,2.54,0.35,NaN,-0.07 
2025-03-01 00,1.09,NaN,0.80,2.54,0.06,NaN,-0.09 
2025-03-01 01,1.08,NaN,0.80,2.54,-0.21,NaN,-0.10 
2025-03-01 02,1.08,NaN,0.79,2.54,-0.40,NaN,-0.11 
2025-03-01 03,1.09,NaN,0.79,2.53,-0.59,NaN,-0.11 
2025-03-01 04,1.09,NaN,0.79,2.53,-0.58,NaN,-0.11 
2025-03-01 05,1.09,NaN,0.79,2.53,0.24,NaN,-0.10 
2025-03-01 06,1.09,NaN,0.79,2.52,0.70,NaN,-0.09 
2025-03-01 07,1.10,NaN,0.79,2.52,0.93,NaN,-0.08 
2025-03-01 08,1.10,NaN,0.79,2.51,1.01,NaN,-0.08 
2025-03-01 09,1.10,NaN,0.79,2.51,0.98,NaN,-0.05 
2025-03-01 10,1.09,NaN,0.78,2.51,0.75,NaN,-0.01 
2025-03-01 11,1.08,NaN,0.78,2.50,0.44,NaN,-0.01 
2025-03-01 12,1.07,NaN,0.79,2.50,0.13,NaN,-0.03 
2025-03-01 13,1.06,NaN,0.79,2.49,-0.15,NaN,-0.05 
2025-03-01 14,1.05,NaN,0.79,2.49,-0.35,NaN,-0.07 
2025-03-01 15,1.04,NaN,0.79,2.49,-0.53,NaN,-0.09 
2025-03-01 16,1.05,NaN,0.79,2.49,-0.35,NaN,-0.07 
2025-03-01 17,1.04,NaN,0.79,2.49,-0.53,NaN,-0.09 
2025-03-01 18,1.04,NaN,0.78,2.48,-0.58,NaN,-0.1 
2025-03-01 19,1.04,NaN,0.78,2.48,0.24,NaN,-0.1 
2025-03-01 20,1.06,NaN,0.78,2.47,0.77,NaN,-0.11 
2025-03-01 21,1.06,NaN,0.78,2.47,0.99,NaN,-0.11 
2025-03-01 22,1.06,NaN,0.78,2.47,1.07,NaN,-0.11 
2025-03-01 23,1.1,NaN,0.79,2.46,1.07,NaN,-0.07 
2025-03-02 00,1.13,NaN,0.79,2.46,0.86,NaN,-0.03 
2025-03-02 01,1.13,NaN,0.79,2.45,0.56,NaN,-0.03 
2025-03-02 02,1.14,NaN,0.79,2.45,0.26,NaN,-0.04 
2025-03-02 03,1.14,NaN,0.79,2.45,-0.03,NaN,-0.06 
2025-03-02 04,1.14,NaN,0.79,2.44,-0.26,NaN,-0.07 
2025-03-02 05,1.15,NaN,0.79,2.44,-0.44,NaN,-0.06 
2025-03-02 06,1.15,NaN,0.79,2.44,-0.6,NaN,-0.06 
2025-03-02 07,1.15,NaN,0.79,2.43,-0.07,NaN,-0.04 
2025-03-02 08,1.15,NaN,0.79,2.43,0.52,NaN,-0.01 
2025-03-02 09,1.15,NaN,0.79,2.43,0.86,NaN,0.03 
2025-03-02 10,1.14,NaN,0.79,2.42,0.99,NaN,0.07 
2025-03-02 11,1.10,NaN,0.78,2.41,0.66,NaN,0.16 
2025-03-02 12,1.07,NaN,0.78,2.41,0.36,NaN,0.14 
2025-03-02 13,1.04,NaN,0.78,2.40,0.06,NaN,0.11 
2025-03-02 14,1.03,NaN,0.78,2.40,-0.20,NaN,0.07 
2025-03-02 15,1.01,NaN,0.78,2.39,-0.38,NaN,0.04 
2025-03-02 16,1.01,NaN,0.78,2.39,-0.55,NaN,0.01 
2025-03-02 17,1.01,NaN,0.78,2.39,-0.51,NaN,-0.02 
2025-03-02 18,1.02,NaN,0.78,2.38,0.42,NaN,-0.04 
2025-03-02 19,1.02,NaN,0.78,2.38,0.84,NaN,-0.06 
2025-03-02 20,1.03,NaN,0.78,2.37,0.99,NaN,-0.07 
2025-03-02 21,1.08,NaN,0.77,2.37,1.04,NaN,-0.08 
2025-03-02 22,1.09,NaN,0.77,2.37,0.98,NaN,-0.05 
2025-03-02 23,1.29,NaN,0.77,2.36,0.73,NaN,-0.04 
2025-03-03 00,1.95,NaN,0.77,2.36,0.44,NaN,-0.05 
2025-03-03 01,2.72,NaN,0.77,2.36,0.14,NaN,-0.08 
2025-03-03 02,2.48,NaN,0.77,2.35,-0.13,NaN,-0.10 
2025-03-03 03,2.15,NaN,0.77,2.35,-0.33,NaN,-0.12 
2025-03-03 04,1.92,NaN,0.77,2.34,-0.49,NaN,-0.13 
2025-03-03 05,1.79,NaN,0.77,2.34,-0.53,NaN,-0.14 
2025-03-03 06,1.71,NaN,0.77,2.34,0.31,NaN,-0.15 
2025-03-03 07,1.65,NaN,0.77,2.33,0.78,NaN,-0.15 
2025-03-03 08,1.61,NaN,0.77,2.33,0.97,NaN,-0.16 
2025-03-03 09,1.54,NaN,0.77,2.32,1.04,NaN,-0.16 
2025-03-03 10,1.49,NaN,0.78,2.32,1.11,NaN,-0.12 
2025-03-03 11,1.49,NaN,0.78,2.32,0.82,NaN,-0.09 
2025-03-03 12,1.46,NaN,0.80,2.31,0.55,NaN,-0.09 
2025-03-03 13,1.44,NaN,0.80,2.31,0.26,NaN,-0.10 
2025-03-03 14,1.40,NaN,0.81,2.31,-0.01,NaN,-0.12 
2025-03-03 15,1.38,NaN,0.81,2.30,-0.25,NaN,-0.14 
2025-03-03 16,1.36,NaN,0.81,2.30,-0.43,NaN,-0.14 
2025-03-03 17,1.35,NaN,0.81,2.30,-0.58,NaN,-0.14 
2025-03-03 18,1.33,NaN,0.81,2.29,0.00,NaN,-0.14 
2025-03-03 19,1.33,NaN,0.81,2.29,0.54,NaN,-0.14 
2025-03-03 20,1.32,NaN,0.81,2.29,0.81,NaN,-0.13 
2025-03-03 21,1.31,NaN,0.81,2.28,0.89,NaN,-0.13 
2025-03-03 22,1.30,NaN,0.81,2.28,0.86,NaN,-0.10 
2025-03-03 23,1.30,NaN,0.81,2.28,0.73,NaN,-0.04 
2025-03-04 00,1.30,NaN,0.81,2.27,0.49,NaN,0.01 
2025-03-04 01,1.28,NaN,0.80,2.27,0.19,NaN,0.04 
2025-03-04 02,1.27,NaN,0.80,2.27,-0.11,NaN,0.04 
2025-03-04 03,1.27,NaN,0.80,2.27,-0.33,NaN,0.03 
2025-03-04 04,1.25,NaN,0.80,2.26,-0.54,NaN,0.01 
2025-03-04 05,1.26,NaN,0.80,2.26,-0.57,NaN,-0.01 
2025-03-04 06,1.26,NaN,0.80,2.26,0.06,NaN,-0.04 
2025-03-04 07,1.25,NaN,0.80,2.26,0.57,NaN,-0.06 
2025-03-04 08,1.25,NaN,0.80,2.25,0.84,NaN,-0.08 
2025-03-04 09,1.23,NaN,0.80,2.25,0.93,NaN,-0.09 
2025-03-04 10,1.19,NaN,0.80,2.25,0.97,NaN,-0.10 
2025-03-04 11,1.14,NaN,0.80,2.24,0.90,NaN,-0.08 
2025-03-04 12,1.11,NaN,0.80,2.24,0.66,NaN,-0.07 
2025-03-04 13,1.09,NaN,0.80,2.24,0.37,NaN,-0.09 
2025-03-04 14,1.07,NaN,0.80,2.23,0.06,NaN,-0.11 
2025-03-04 15,1.05,NaN,0.80,2.23,-0.21,NaN,-0.12 
2025-03-04 16,1.05,NaN,0.80,2.23,-0.42,NaN,-0.14 
2025-03-04 17,1.04,NaN,0.80,2.22,-0.60,NaN,-0.15 
2025-03-04 18,1.03,NaN,0.80,2.22,-0.59,NaN,-0.16 
2025-03-04 19,1.03,NaN,0.80,2.22,0.04,NaN,-0.16 
2025-03-04 20,1.03,NaN,0.80,2.21,0.46,NaN,-0.17 
2025-03-04 21,1.03,NaN,0.79,2.21,0.74,NaN,-0.18 
2025-03-04 22,1.02,NaN,0.79,2.21,0.82,NaN,-0.18 
2025-03-04 23,1.03,NaN,0.79,2.20,0.70,NaN,-0.18 
2025-03-05 00,1.02,NaN,0.79,2.20,0.49,NaN,-0.17 
2025-03-05 01,1.02,NaN,0.78,2.20,0.24,NaN,-0.17 
2025-03-05 02,1.01,NaN,0.78,2.19,-0.04,NaN,-0.18 
2025-03-05 03,1.01,NaN,0.78,2.19,-0.28,NaN,-0.19 
2025-03-05 04,1.01,NaN,0.78,2.19,-0.48,NaN,-0.20 
2025-03-05 05,1.02,NaN,0.78,2.18,-0.58,NaN,-0.20 
2025-03-05 06,1.02,NaN,0.77,2.18,-0.49,NaN,-0.21 
2025-03-05 07,1.04,NaN,0.77,2.18,0.30,NaN,-0.21 
2025-03-05 08,1.04,NaN,0.78,2.17,0.66,NaN,-0.21 
2025-03-05 09,1.04,NaN,0.77,2.17,0.82,NaN,-0.21 
2025-03-05 10,1.04,NaN,0.77,2.17,0.85,NaN,-0.21 
2025-03-05 11,1.02,NaN,0.77,2.16,0.80,NaN,-0.19 
2025-03-05 12,1.01,NaN,0.78,2.16,0.65,NaN,-0.17 
2025-03-05 13,0.99,NaN,0.77,2.15,0.37,NaN,-0.17 
2025-03-05 14,0.98,NaN,0.78,2.15,0.06,NaN,-0.18 
2025-03-05 15,0.97,NaN,0.78,2.15,-0.22,NaN,-0.19 
2025-03-05 16,0.96,NaN,0.78,2.14,-0.44,NaN,-0.20 
2025-03-05 17,0.96,NaN,0.78,2.14,-0.65,NaN,-0.21 
2025-03-05 18,0.97,NaN,0.77,2.14,-0.73,NaN,-0.21 
2025-03-05 19,0.98,NaN,0.77,2.13,-0.63,NaN,-0.22 
2025-03-05 20,0.98,NaN,0.77,2.13,-0.02,NaN,-0.22 
2025-03-05 21,0.98,NaN,0.76,2.12,0.32,NaN,-0.23 
2025-03-05 22,0.98,NaN,0.76,2.12,0.52,NaN,-0.23 
2025-03-05 23,0.98,NaN,0.76,2.12,0.52,NaN,-0.23 
2025-03-06 00,0.98,NaN,0.76,2.11,0.38,NaN,-0.24 
2025-03-06 01,0.98,NaN,0.76,2.11,0.20,NaN,-0.24 
2025-03-06 02,0.97,NaN,0.76,2.11,0.01,NaN,-0.24 
2025-03-06 03,0.97,NaN,0.75,2.10,-0.20,NaN,-0.24 
2025-03-06 04,0.97,NaN,0.75,2.10,-0.36,NaN,-0.25 
2025-03-06 05,0.97,NaN,0.75,2.10,-0.48,NaN,NaN 
2025-03-06 06,0.98,NaN,0.75,2.09,-0.47,NaN,NaN 
2025-03-06 07,0.99,NaN,0.75,2.09,0.06,NaN,-0.26 
2025-03-06 08,1.00,NaN,0.75,2.08,0.45,NaN,-0.26 
2025-03-06 09,1.00,NaN,0.75,2.08,0.65,NaN,-0.26 
2025-03-06 10,1.00,NaN,0.75,2.08,0.70,NaN,-0.26 
2025-03-06 11,0.98,NaN,0.74,2.07,0.66,NaN,-0.26 
2025-03-06 12,0.98,NaN,0.75,2.07,0.63,NaN,-0.25 
2025-03-06 13,0.96,NaN,0.75,2.06,0.47,NaN,-0.25 
2025-03-06 14,1.00,NaN,0.75,2.06,0.25,NaN,-0.24 
2025-03-06 15,1.01,NaN,0.75,2.06,-0.05,NaN,-0.22 
2025-03-06 16,1.03,NaN,0.75,2.06,-0.30,NaN,-0.20 
2025-03-06 17,1.05,NaN,0.75,2.05,-0.45,NaN,-0.17 
2025-03-06 18,1.06,NaN,0.75,2.05,-0.60,NaN,-0.05 
2025-03-06 19,1.06,NaN,0.75,2.05,-0.61,NaN,0.15 
2025-03-06 20,1.05,NaN,0.75,2.05,-0.53,NaN,0.32 
2025-03-06 21,1.05,NaN,0.75,2.04,-0.13,NaN,0.53 
2025-03-06 22,1.04,NaN,0.74,2.04,0.06,NaN,0.70 
2025-03-06 23,1.04,NaN,0.74,2.04,0.25,NaN,0.74 
2025-03-07 00,1.03,NaN,0.74,2.03,0.31,NaN,0.72 
2025-03-07 01,1.01,NaN,0.74,2.03,0.24,NaN,0.65 
2025-03-07 02,1.01,NaN,0.74,2.03,0.14,NaN,0.57 
2025-03-07 03,1.00,NaN,0.74,2.02,0.04,NaN,0.48 
2025-03-07 04,0.99,NaN,0.74,2.02,-0.14,NaN,0.40 
2025-03-07 05,1.00,NaN,0.74,2.01,-0.25,NaN,0.32 
2025-03-07 06,1.01,NaN,0.74,2.01,-0.27,NaN,0.26 
2025-03-07 07,1.01,NaN,0.74,2.01,-0.11,NaN,0.20 
2025-03-07 08,1.01,NaN,0.74,2.01,0.10,NaN,0.15 
2025-03-07 09,1.02,NaN,0.74,2.00,0.35,NaN,0.11 
2025-03-07 10,1.01,NaN,0.74,2.00,0.47,NaN,0.08 
2025-03-07 11,1.01,NaN,0.74,1.99,0.54,NaN,0.06 
2025-03-07 12,0.99,NaN,0.74,1.99,0.55,NaN,0.05 
2025-03-07 13,0.98,NaN,0.74,1.99,0.47,NaN,0.03 
2025-03-07 14,0.98,NaN,0.74,1.98,0.39,NaN,0.02 
2025-03-07 15,0.99,NaN,0.74,1.98,0.18,NaN,0.01 
2025-03-07 16,1.00,NaN,0.74,1.97,-0.05,NaN,-0.01 
2025-03-07 17,1.01,NaN,0.74,1.97,-0.22,NaN,-0.02 
2025-03-07 18,1.02,NaN,0.74,1.97,-0.37,NaN,-0.04 
2025-03-07 19,1.03,NaN,0.74,1.96,-0.46,NaN,-0.05 
2025-03-07 20,1.04,NaN,0.74,1.96,-0.51,NaN,-0.07 
2025-03-07 21,1.04,NaN,0.74,1.95,-0.50,NaN,-0.08 
2025-03-07 22,1.04,NaN,0.74,1.95,-0.47,NaN,-0.09 
2025-03-07 23,1.04,NaN,0.73,1.95,-0.10,NaN,-0.08 
2025-03-08 00,1.04,NaN,0.74,1.94,0.14,NaN,0.28 
2025-03-08 01,1.05,NaN,0.74,1.94,0.22,NaN,0.93 
2025-03-08 02,1.10,NaN,0.74,1.93,0.15,NaN,1.20 
2025-03-08 03,1.12,NaN,0.74,1.93,0.16,NaN,1.24 
2025-03-08 04,1.14,NaN,0.74,1.93,0.08,NaN,1.19 
2025-03-08 05,1.14,NaN,0.75,1.92,-0.04,NaN,1.08 
2025-03-08 06,1.15,NaN,0.75,1.92,-0.06,NaN,0.95 
2025-03-08 07,1.16,NaN,0.75,1.92,-0.06,NaN,0.83 
2025-03-08 08,1.17,NaN,0.75,1.91,-0.07,NaN,0.70 
2025-03-08 09,1.13,NaN,0.75,1.91,-0.05,NaN,0.59 
2025-03-08 10,1.08,NaN,0.75,1.90,0.10,NaN,0.49 
2025-03-08 11,1.04,NaN,0.75,1.90,0.28,NaN,0.41 
2025-03-08 12,1.02,NaN,0.75,1.90,0.47,NaN,0.34 
2025-03-08 13,1.01,NaN,0.75,1.89,0.56,NaN,0.28 
2025-03-08 14,0.99,NaN,0.75,1.89,0.46,NaN,0.23 
2025-03-08 15,1.00,NaN,0.75,1.89,0.36,NaN,0.20 
2025-03-08 16,1.02,NaN,0.75,1.88,0.18,NaN,0.17 
2025-03-08 17,1.07,NaN,0.75,1.88,0.08,NaN,0.14 
2025-03-08 18,1.17,NaN,0.77,1.88,-0.06,NaN,0.11 
2025-03-08 19,1.32,NaN,0.77,1.87,-0.29,NaN,0.09 
2025-03-08 20,1.53,NaN,0.78,1.87,-0.46,NaN,0.07 
2025-03-08 21,1.59,NaN,0.78,1.87,-0.54,NaN,0.05 
2025-03-08 22,1.69,NaN,0.78,1.86,-0.58,NaN,0.04 
2025-03-08 23,1.78,NaN,0.78,1.86,-0.49,NaN,0.03 
2025-03-09 00,1.83,NaN,0.79,1.86,-0.10,NaN,0.02 
2025-03-09 01,1.85,NaN,0.79,1.85,0.08,NaN,0.02 
2025-03-09 02,1.83,NaN,0.79,1.85,0.14,NaN,0.03 
2025-03-09 03,1.78,NaN,0.80,1.85,0.35,NaN,0.05 
2025-03-09 04,1.72,NaN,0.80,1.84,0.43,NaN,0.08 
2025-03-09 05,1.66,NaN,0.80,1.84,0.32,NaN,0.12 
2025-03-09 06,1.59,NaN,0.80,1.84,0.20,NaN,0.18 
2025-03-09 07,1.55,NaN,0.81,1.83,0.05,NaN,0.25 
2025-03-09 08,1.52,NaN,0.80,1.83,-0.07,NaN,0.31 
2025-03-09 09,1.47,NaN,0.81,1.83,-0.18,NaN,0.36 
2025-03-09 10,1.38,NaN,0.82,1.82,-0.13,NaN,0.40 
2025-03-09 11,1.33,NaN,0.82,1.82,-0.02,NaN,0.47 
2025-03-09 12,1.29,NaN,0.82,1.82,0.22,NaN,0.61 
2025-03-09 13,1.27,NaN,0.83,1.82,0.37,NaN,0.77 
2025-03-09 14,1.24,NaN,0.83,1.81,0.36,NaN,0.85 
2025-03-09 15,1.22,NaN,0.83,1.81,0.51,NaN,0.87 
2025-03-09 16,1.21,NaN,0.83,1.81,0.57,NaN,0.85 
2025-03-09 17,1.22,NaN,0.83,1.80,0.39,NaN,0.82 
2025-03-09 18,1.26,NaN,0.83,1.80,0.20,NaN,0.78 
2025-03-09 19,1.30,NaN,0.83,1.80,-0.04,NaN,0.73 
2025-03-09 20,1.31,NaN,0.83,1.80,-0.29,NaN,0.68 
2025-03-09 21,1.30,NaN,0.83,1.79,-0.51,NaN,0.63 
2025-03-09 22,1.33,NaN,0.83,1.79,-0.69,NaN,0.59 
2025-03-09 23,1.34,NaN,0.83,1.79,-0.74,NaN,0.57 
2025-03-10 00,1.44,NaN,0.83,1.78,-0.73,NaN,0.56 
2025-03-10 01,1.51,NaN,0.83,1.78,-0.66,NaN,0.61 
2025-03-10 02,1.56,NaN,0.84,1.78,-0.17,NaN,0.81 
2025-03-10 03,1.57,NaN,0.84,1.78,0.39,NaN,1.43 
2025-03-10 04,1.56,NaN,0.84,1.77,0.58,NaN,1.98 
2025-03-10 05,1.54,NaN,0.84,1.77,0.55,NaN,2.42 
2025-03-10 06,1.55,NaN,0.84,1.77,0.43,NaN,2.83 
2025-03-10 07,1.56,NaN,0.85,1.77,0.24,NaN,3.09 
2025-03-10 08,1.63,NaN,0.85,1.76,0.10,NaN,3.13 
2025-03-10 09,1.66,NaN,0.85,1.76,-0.06,NaN,3.02 
2025-03-10 10,1.70,NaN,0.85,1.76,-0.22,NaN,2.85 
2025-03-10 11,1.73,NaN,0.86,1.76,-0.29,NaN,2.67 
2025-03-10 12,1.76,NaN,0.86,1.76,-0.27,NaN,2.50 
2025-03-10 13,1.75,NaN,0.86,1.76,0.05,NaN,2.36 
2025-03-10 14,1.72,NaN,0.87,1.76,0.35,NaN,2.24 
2025-03-10 15,1.68,NaN,0.87,1.75,0.60,NaN,2.16 
2025-03-10 16,1.63,NaN,0.87,1.75,0.71,NaN,2.15 
2025-03-10 17,1.57,NaN,0.87,1.75,0.69,NaN,2.22 
2025-03-10 18,1.53,NaN,0.87,1.75,0.55,NaN,2.39 
2025-03-10 19,1.49,NaN,0.87,1.75,0.32,NaN,2.50 
2025-03-10 20,1.46,NaN,0.87,1.75,0.07,NaN,2.51 
2025-03-10 21,1.43,NaN,0.87,1.75,-0.21,NaN,2.43 
2025-03-10 22,1.40,NaN,0.88,1.75,-0.45,NaN,2.31 
2025-03-10 23,1.38,NaN,0.88,1.75,-0.65,NaN,2.16 
2025-03-11 00,1.36,NaN,0.88,1.75,-0.80,NaN,2.01 
2025-03-11 01,1.33,NaN,0.88,1.75,-0.75,NaN,1.89 
2025-03-11 02,1.31,NaN,0.88,1.75,-0.60,NaN,1.80 
2025-03-11 03,1.29,NaN,0.88,1.74,0.28,NaN,1.74 
2025-03-11 04,1.28,NaN,0.88,1.74,0.57,NaN,1.69 
2025-03-11 05,1.27,NaN,0.88,1.74,0.67,NaN,1.65 
2025-03-11 06,1.27,NaN,0.88,1.74,0.61,NaN,1.61 
2025-03-11 07,1.25,NaN,0.88,1.74,0.49,NaN,1.56 
2025-03-11 08,1.24,NaN,0.88,1.74,0.26,NaN,1.52 
2025-03-11 09,1.24,NaN,0.88,1.73,0.00,NaN,1.48 
2025-03-11 10,1.22,NaN,0.88,1.73,-0.22,NaN,1.44 
2025-03-11 11,1.20,NaN,0.88,1.73,-0.43,NaN,1.38 
2025-03-11 12,1.17,NaN,0.88,1.73,-0.52,NaN,1.31 
2025-03-11 13,1.10,NaN,0.88,1.73,-0.48,NaN,1.24 
2025-03-11 14,0.99,NaN,0.89,1.73,-0.03,NaN,1.17 
2025-03-11 15,0.93,NaN,0.89,1.72,0.44,NaN,1.11 
2025-03-11 16,0.96,NaN,0.89,1.72,0.74,NaN,1.05 
2025-03-11 17,0.99,NaN,0.88,1.72,0.86,NaN,1.00 
2025-03-11 18,0.99,NaN,0.88,1.72,0.83,NaN,0.95 
2025-03-11 19,0.98,NaN,0.88,1.71,0.65,NaN,0.91 
2025-03-11 20,0.99,NaN,0.87,1.71,0.36,NaN,0.87 
2025-03-11 21,1.00,NaN,0.87,1.71,0.06,NaN,0.82 
2025-03-11 22,1.01,NaN,0.87,1.71,-0.22,NaN,0.78 
2025-03-11 23,1.00,NaN,0.87,1.70,-0.51,NaN,0.73 
2025-03-12 00,0.99,NaN,0.87,1.70,-0.75,NaN,0.69 
2025-03-12 01,0.98,NaN,0.87,1.70,-0.88,NaN,0.65 
2025-03-12 02,0.98,NaN,0.87,1.70,-0.78,NaN,0.62 
2025-03-12 03,0.98,NaN,0.86,1.70,-0.01,NaN,0.59 
2025-03-12 04,0.98,NaN,0.87,1.69,0.41,NaN,0.56 
2025-03-12 05,0.99,NaN,0.87,1.69,0.70,NaN,0.53 
2025-03-12 06,1.00,NaN,0.87,1.69,0.83,NaN,0.51 
2025-03-12 07,1.02,NaN,0.86,1.69,0.78,NaN,0.49 
2025-03-12 08,1.02,NaN,0.86,1.68,0.53,NaN,0.48 
2025-03-12 09,1.02,NaN,0.87,1.68,-0.08,NaN,0.44 
2025-03-12 10,1.02,NaN,0.87,1.68,-0.08,NaN,0.44 
2025-03-12 11,1.02,NaN,0.87,1.68,-0.33,NaN,0.42 
2025-03-12 12,1.00,NaN,0.87,1.67,-0.55,NaN,0.41 
2025-03-12 13,0.99,NaN,0.87,1.67,-0.65,NaN,0.39 
2025-03-12 14,0.99,NaN,0.87,1.67,-0.59,NaN,0.38 
2025-03-12 15,1.00,NaN,0.87,1.67,0.05,NaN,NaN 
2025-03-12 16,0.99,NaN,0.87,1.66,0.52,NaN,NaN 
2025-03-12 17,0.98,NaN,0.86,1.66,0.83,NaN,0.32 
2025-03-12 18,0.97,NaN,0.86,1.66,0.91,NaN,0.31 
2025-03-12 19,0.97,NaN,0.86,1.65,0.85,NaN,0.31 
2025-03-12 20,0.97,NaN,0.86,1.65,0.62,NaN,0.32 
2025-03-12 21,0.97,NaN,0.86,1.65,0.32,NaN,0.34 
2025-03-12 22,0.97,NaN,0.86,1.65,-0.01,NaN,0.35 
2025-03-12 23,0.96,NaN,0.86,1.64,-0.30,NaN,0.35 
2025-03-13 00,0.96,NaN,0.86,1.64,-0.59,NaN,0.36 
2025-03-13 01,0.96,NaN,0.86,1.64,-0.82,NaN,0.35 
2025-03-13 02,0.96,NaN,0.86,1.64,-0.90,NaN,0.33 
2025-03-13 03,0.95,NaN,0.86,1.63,-0.73,NaN,0.31 
2025-03-13 04,0.96,NaN,0.85,1.63,0.23,NaN,0.28 
2025-03-13 05,0.96,NaN,0.86,1.63,0.64,NaN,0.26 
2025-03-13 06,0.97,NaN,0.85,1.63,0.84,NaN,0.24 
2025-03-13 07,0.97,NaN,0.85,1.62,0.89,NaN,0.22 
2025-03-13 08,0.98,NaN,0.85,1.62,0.75,NaN,0.22 
2025-03-13 09,0.99,NaN,0.85,1.62,0.45,NaN,0.22 
2025-03-13 10,0.98,NaN,0.85,1.62,0.13,NaN,0.21 
2025-03-13 11,0.98,NaN,0.85,1.61,-0.19,NaN,0.20 
2025-03-13 12,0.96,NaN,0.85,1.61,-0.43,NaN,0.18 
2025-03-13 13,0.94,NaN,0.85,1.61,-0.67,NaN,0.16 
2025-03-13 14,0.92,NaN,0.86,1.60,-0.74,NaN,0.15 
2025-03-13 15,0.91,NaN,0.86,1.60,-0.59,NaN,0.14 
2025-03-13 16,0.89,NaN,0.85,1.60,0.30,NaN,0.13 
2025-03-13 17,0.89,NaN,0.86,1.59,0.73,NaN,0.12 
2025-03-13 18,0.89,NaN,0.85,1.59,0.93,NaN,0.11 
2025-03-13 19,0.89,NaN,0.85,1.59,0.97,NaN,0.11 
2025-03-13 20,0.90,NaN,0.85,1.59,0.87,NaN,0.12 
2025-03-13 21,0.88,NaN,0.85,1.58,0.60,NaN,0.12 
2025-03-13 22,0.86,NaN,0.85,1.58,0.28,NaN,0.11 
2025-03-13 23,0.86,NaN,0.85,1.58,-0.04,NaN,0.09 
2025-03-14 00,0.88,NaN,0.84,1.57,-0.32,NaN,0.08 
2025-03-14 01,0.88,NaN,0.84,1.57,-0.60,NaN,0.06 
2025-03-14 02,0.88,NaN,0.84,1.57,-0.81,NaN,0.05 
2025-03-14 03,0.88,NaN,0.84,1.57,-0.79,NaN,0.04 
2025-03-14 04,0.88,NaN,0.84,1.56,0.02,NaN,0.03 
2025-03-14 05,0.89,NaN,0.84,1.56,0.53,NaN,0.02 
2025-03-14 06,0.89,NaN,0.83,1.56,0.83,NaN,0.02 
2025-03-14 07,0.90,NaN,0.83,1.55,0.93,NaN,0.02 
2025-03-14 08,0.90,NaN,0.83,1.55,0.90,NaN,0.02 
2025-03-14 09,0.90,NaN,0.83,1.55,0.68,NaN,NaN 
2025-03-14 10,0.89,NaN,0.84,1.54,0.37,NaN,0.04 
2025-03-14 11,0.89,NaN,0.84,1.54,0.05,NaN,0.03 
2025-03-14 12,0.87,NaN,0.84,1.54,-0.23,NaN,0.02 
2025-03-14 13,0.86,NaN,0.85,1.54,-0.51,NaN,NaN 
2025-03-14 14,0.84,NaN,0.85,1.53,-0.72,NaN,0.00 
2025-03-14 15,0.83,NaN,0.85,1.53,-0.69,NaN,-0.01 
2025-03-14 16,0.83,NaN,0.85,1.53,-0.03,NaN,-0.02 
2025-03-14 17,0.83,NaN,0.84,1.52,0.50,NaN,-0.03 
2025-03-14 18,0.83,NaN,0.84,1.52,0.84,NaN,-0.03 
2025-03-14 19,0.83,NaN,0.84,1.52,0.97,NaN,-0.04 
2025-03-14 20,0.84,NaN,0.84,1.51,0.99,NaN,-0.03 
2025-03-14 21,0.85,NaN,0.83,1.51,0.80,NaN,0.00 
2025-03-14 22,0.85,NaN,0.83,1.51,0.49,NaN,0.00 
2025-03-14 23,0.85,NaN,0.83,1.51,0.18,NaN,-0.01 
2025-03-15 00,0.85,NaN,0.83,1.50,-0.15,NaN,-0.03 
2025-03-15 01,0.84,NaN,0.82,1.50,-0.40,NaN,-0.05 
2025-03-15 02,0.84,NaN,0.82,1.50,-0.66,NaN,-0.07 
2025-03-15 03,0.84,NaN,0.82,1.49,-0.81,NaN,-0.08 
2025-03-15 04,0.83,NaN,0.82,1.49,-0.68,NaN,-0.08 
2025-03-15 05,0.84,NaN,0.82,1.49,0.35,NaN,-0.09 
2025-03-15 06,0.85,NaN,0.82,1.48,0.76,NaN,-0.09 
2025-03-15 07,0.86,NaN,0.81,1.48,0.93,NaN,-0.09 
2025-03-15 08,0.86,NaN,0.81,1.48,0.94,NaN,-0.09 
2025-03-15 09,0.86,NaN,0.81,1.48,0.81,NaN,-0.06 
2025-03-15 10,0.85,NaN,0.81,1.47,0.51,NaN,-0.05 
2025-03-15 11,0.83,NaN,0.81,1.47,0.20,NaN,-0.06 
2025-03-15 12,0.81,NaN,0.81,1.47,-0.13,NaN,-0.07 
2025-03-15 13,0.80,NaN,0.80,1.46,-0.39,NaN,-0.08 
2025-03-15 14,0.79,NaN,0.81,1.46,-0.63,NaN,-0.09 
2025-03-15 15,0.79,NaN,0.81,1.46,-0.75,NaN,-0.10 
2025-03-15 16,0.78,NaN,0.81,1.45,-0.70,NaN,-0.11 
2025-03-15 17,0.79,NaN,0.81,1.45,0.26,NaN,-0.11 
2025-03-15 18,0.78,NaN,0.81,1.45,0.68,NaN,-0.11 
2025-03-15 19,0.78,NaN,0.81,1.44,0.90,NaN,-0.12 
2025-03-15 20,0.79,NaN,0.80,1.44,0.97,NaN,-0.12 
2025-03-15 21,0.82,NaN,0.80,1.44,0.89,NaN,-0.10 
2025-03-15 22,0.84,NaN,0.80,1.43,0.62,NaN,-0.08 
2025-03-15 23,0.85,NaN,0.80,1.43,0.30,NaN,-0.09 
2025-03-16 00,0.85,NaN,0.79,1.43,-0.03,NaN,-0.11 
2025-03-16 01,0.85,NaN,0.79,1.42,-0.07,NaN,-0.12 
2025-03-16 02,0.85,NaN,0.79,1.42,-0.57,NaN,-0.14 
2025-03-16 03,0.85,NaN,0.79,1.42,-0.75,NaN,-0.15 
2025-03-16 04,0.85,NaN,0.79,1.42,-0.67,NaN,-0.15 
2025-03-16 05,0.86,NaN,0.79,1.41,0.13,NaN,-0.16 
2025-03-16 06,0.86,NaN,0.79,1.41,0.60,NaN,-0.16 
2025-03-16 07,0.88,NaN,0.79,1.41,0.88,NaN,-0.16 
2025-03-16 08,0.88,NaN,0.79,1.40,0.96,NaN,-0.16 
2025-03-16 09,0.87,NaN,0.79,1.40,0.90,NaN,-0.14 
2025-03-16 10,0.86,NaN,0.79,1.40,0.64,NaN,-0.11 
2025-03-16 11,0.84,NaN,0.79,1.39,0.34,NaN,-0.11 
2025-03-16 12,0.82,NaN,0.78,1.39,0.01,NaN,-0.13 
2025-03-16 13,0.80,NaN,0.78,1.39,-0.27,NaN,-0.14 
2025-03-16 14,0.79,NaN,0.79,1.38,-0.55,NaN,-0.15 
2025-03-16 15,0.77,NaN,0.78,1.38,-0.77,NaN,-0.16 
2025-03-16 16,0.76,NaN,0.78,1.38,-0.78,NaN,-0.17 
2025-03-16 17,0.76,NaN,0.78,1.37,-0.02,NaN,-0.17 
2025-03-16 18,0.76,NaN,0.78,1.37,0.47,NaN,-0.18 
2025-03-16 19,0.77,NaN,0.78,1.37,0.81,NaN,-0.18 
2025-03-16 20,0.78,NaN,0.78,1.36,0.92,NaN,-0.18 
2025-03-16 21,0.78,NaN,0.78,1.36,0.90,NaN,-0.18 
2025-03-16 22,0.78,NaN,0.78,1.35,0.71,NaN,-0.15 
2025-03-16 23,0.79,NaN,0.78,1.35,0.42,NaN,-0.15 
2025-03-17 00,0.78,NaN,0.77,1.34,0.09,NaN,-0.17 
2025-03-17 01,0.77,NaN,0.77,1.34,-0.22,NaN,-0.18 
2025-03-17 02,0.77,NaN,0.77,1.34,-0.50,NaN,-0.19 
2025-03-17 03,0.77,NaN,0.77,1.33,-0.70,NaN,NaN 
2025-03-17 04,0.77,NaN,0.77,1.33,-0.66,NaN,-0.21 
2025-03-17 05,0.78,NaN,0.77,1.33,0.01,NaN,-0.21 
2025-03-17 06,0.88,NaN,0.79,0.96,0.96,NaN,-0.16 
2025-03-17 07,NaN,NaN,NaN,NaN,NaN,NaN,NaN 
2025-03-17 08,0.80,NaN,0.76,1.31,0.96,NaN,-0.22 
2025-03-17 09,0.80,NaN,0.76,1.30,0.97,NaN,-0.20 
2025-03-17 10,0.80,NaN,0.76,1.30,0.79,NaN,-0.16 
2025-03-17 11,0.79,NaN,0.76,1.30,0.48,NaN,-0.16 
2025-03-17 12,0.77,NaN,0.76,1.29,0.18,NaN,-0.17 
2025-03-17 13,0.76,NaN,0.76,1.29,-0.15,NaN,-0.19 
2025-03-17 14,0.75,NaN,0.76,1.28,-0.42,NaN,NaN 
2025-03-17 15,0.73,NaN,0.76,1.28,-0.67,NaN,-0.21 
2025-03-17 16,0.73,NaN,0.76,1.28,-0.78,NaN,-0.22 
2025-03-17 17,0.73,NaN,0.75,1.27,-0.68,NaN,-0.23 
2025-03-17 18,0.71,NaN,0.75,1.26,0.24,NaN,-0.23 
2025-03-17 19,0.71,NaN,0.75,1.26,0.65,NaN,-0.23 
2025-03-17 20,0.72,NaN,0.75,1.25,0.87,NaN,-0.24 
2025-03-17 21,0.73,NaN,0.75,1.25,0.90,NaN,-0.24 
2025-03-17 22,0.74,NaN,0.75,1.24,0.80,NaN,-0.21 
2025-03-17 23,0.74,NaN,0.74,1.23,0.54,NaN,-0.20 
2025-03-18 00,0.78,NaN,0.74,1.23,0.23,NaN,-0.21 
2025-03-18 01,0.80,NaN,0.74,1.23,-0.06,NaN,-0.22 
2025-03-18 02,0.80,NaN,0.74,1.22,-0.34,NaN,-0.23 
2025-03-18 03,0.77,NaN,0.74,1.22,-0.56,NaN,-0.24 
2025-03-18 04,0.76,NaN,0.74,1.22,-0.62,NaN,-0.24 
2025-03-18 05,0.76,NaN,0.74,1.21,-0.19,NaN,-0.24 
2025-03-18 06,0.76,NaN,0.73,1.21,0.30,NaN,-0.24 
2025-03-18 07,0.77,NaN,0.73,1.20,0.71,NaN,-0.24 
2025-03-18 08,0.78,NaN,0.74,1.19,0.91,NaN,-0.24 
2025-03-18 09,0.77,NaN,0.73,1.19,0.96,NaN,-0.23 
2025-03-18 10,0.76,NaN,0.73,1.18,0.86,NaN,-0.19 
2025-03-18 11,NaN,NaN,NaN,NaN,NaN,NaN,NaN 
2025-03-18 12,0.73,NaN,0.73,1.18,0.24,NaN,-0.17 
2025-03-18 13,0.70,NaN,0.73,1.17,-0.09,NaN,-0.18 
2025-03-18 14,0.71,NaN,0.73,1.17,-0.37,NaN,-0.19 
2025-03-18 15,0.72,NaN,0.73,1.17,-0.63,NaN,-0.20 
2025-03-18 16,0.73,NaN,0.73,1.16,-0.79,NaN,-0.20 
2025-03-18 17,0.73,NaN,0.73,1.16,-0.68,NaN,-0.20 
2025-03-18 18,0.74,NaN,0.73,1.16,-0.01,NaN,-0.21 
2025-03-18 19,0.76,NaN,0.72,1.15,0.42,NaN,-0.21 
2025-03-18 20,0.77,NaN,0.72,1.15,0.72,NaN,-0.21 
2025-03-18 21,0.77,NaN,0.72,1.14,0.83,NaN,-0.22 
2025-03-18 22,0.77,NaN,0.72,1.14,0.74,NaN,-0.21 
2025-03-18 23,0.78,NaN,0.72,1.13,0.54,NaN,-0.20 
2025-03-19 00,0.77,NaN,0.72,1.13,0.25,NaN,-0.20 
2025-03-19 01,0.76,NaN,0.72,1.13,-0.03,NaN,-0.21 
2025-03-19 02,0.76,NaN,0.72,1.12,-0.29,NaN,-0.22 
2025-03-19 03,0.76,NaN,0.72,1.12,-0.51,NaN,-0.23 
2025-03-19 04,0.76,NaN,0.71,1.12,-0.58,NaN,-0.24 
2025-03-19 05,0.76,NaN,0.71,1.11,-0.43,NaN,-0.24 
2025-03-19 06,0.77,NaN,0.71,1.11,0.19,NaN,-0.24 
2025-03-19 07,0.77,NaN,0.71,1.11,0.58,NaN,-0.25 
2025-03-19 08,0.79,NaN,0.71,1.10,0.82,NaN,-0.25 
2025-03-19 09,0.79,NaN,0.71,1.10,0.91,NaN,-0.25 
2025-03-19 10,0.79,NaN,0.71,1.09,0.88,NaN,-0.22 
2025-03-19 11,0.77,NaN,0.71,1.09,0.69,NaN,-0.20 
2025-03-19 12,0.76,NaN,0.71,1.09,0.37,NaN,-0.21 
2025-03-19 13,0.75,NaN,0.71,1.09,0.04,NaN,-0.22 
2025-03-19 14,0.73,NaN,0.71,1.08,-0.25,NaN,-0.23 
2025-03-19 15,0.73,NaN,0.71,1.08,-0.53,NaN,-0.25 
2025-03-19 16,0.73,NaN,0.70,1.08,-0.71,NaN,-0.26 
2025-03-19 17,0.73,NaN,0.70,1.07,-0.66,NaN,-0.26 
2025-03-19 18,0.74,NaN,0.70,1.07,-0.49,NaN,-0.27 
2025-03-19 19,0.75,NaN,0.70,1.07,0.17,NaN,-0.27 
2025-03-19 20,0.76,NaN,0.70,1.06,0.49,NaN,-0.27 
2025-03-19 21,0.77,NaN,0.70,1.06,0.65,NaN,-0.27 
2025-03-19 22,0.78,NaN,0.70,1.05,0.68,NaN,-0.27 
2025-03-19 23,0.78,NaN,0.69,1.05,0.55,NaN,-0.27 
2025-03-20 00,0.77,NaN,0.69,1.05,0.31,NaN,-0.26 
2025-03-20 01,0.77,NaN,0.69,1.04,0.05,NaN,-0.26 
2025-03-20 02,0.76,NaN,0.69,1.04,-0.21,NaN,-0.26 
2025-03-20 03,0.76,NaN,0.69,1.04,-0.42,NaN,-0.25 
2025-03-20 04,0.76,NaN,0.69,1.04,-0.53,NaN,-0.24 
2025-03-20 05,0.76,NaN,0.69,1.03,-0.43,NaN,-0.24 
2025-03-20 06,0.77,NaN,0.69,1.03,0.04,NaN,-0.24 
2025-03-20 07,0.78,NaN,0.69,1.02,0.38,NaN,-0.24 
2025-03-20 08,0.79,NaN,0.69,1.02,0.66,NaN,-0.24 
2025-03-20 09,0.76,NaN,0.68,1.02,0.77,NaN,-0.25 
2025-03-20 10,0.74,NaN,0.68,1.01,0.74,NaN,-0.24 
2025-03-20 11,0.74,NaN,0.68,1.01,0.62,NaN,-0.23 
2025-03-20 12,0.74,NaN,0.69,1.01,0.39,NaN,-0.23 
2025-03-20 13,0.74,NaN,0.68,1.01,0.02,NaN,-0.24 
2025-03-20 14,0.73,NaN,0.68,1.00,-0.27,NaN,-0.24 
2025-03-20 15,0.74,NaN,0.68,1.00,-0.53,NaN,-0.25 
2025-03-20 16,0.75,NaN,0.68,0.99,-0.70,NaN,-0.26 
2025-03-20 17,0.75,NaN,0.68,0.99,-0.70,NaN,-0.26 
2025-03-20 18,0.76,NaN,0.68,0.99,-0.54,NaN,-0.26 
2025-03-20 19,0.76,NaN,0.68,0.98,-0.15,NaN,-0.26 
2025-03-20 20,0.76,NaN,0.67,0.98,0.09,NaN,-0.26 
2025-03-20 21,0.76,NaN,0.68,0.98,0.35,NaN,-0.25 
2025-03-20 22,0.76,NaN,0.67,0.98,0.49,NaN,-0.24 
2025-03-20 23,0.76,NaN,0.67,0.97,0.53,NaN,-0.21 
2025-03-21 00,0.76,NaN,0.67,0.97,0.37,NaN,-0.18 
2025-03-21 01,0.75,NaN,0.67,0.97,0.10,NaN,-0.16 
2025-03-21 02,0.75,NaN,0.66,0.96,-0.08,NaN,-0.16 
2025-03-21 03,0.75,NaN,0.66,0.96,-0.23,NaN,-0.17 
2025-03-21 04,0.75,NaN,0.66,0.96,-0.39,NaN,-0.18 
2025-03-21 05,0.76,NaN,0.66,0.95,-0.35,NaN,-0.20 
2025-03-21 06,0.78,NaN,0.67,0.95,-0.05,NaN,-0.21 
2025-03-21 07,0.79,NaN,0.67,0.95,0.20,NaN,-0.22 
2025-03-21 08,0.80,NaN,0.67,0.94,0.49,NaN,-0.23 
2025-03-21 09,0.80,NaN,0.67,0.94,0.68,NaN,-0.24 
2025-03-21 10,0.82,NaN,0.68,0.94,0.74,NaN,-0.24 
2025-03-21 11,0.82,NaN,0.68,0.93,0.69,NaN,-0.24 
2025-03-21 12,0.82,NaN,0.68,0.93,0.49,NaN,-0.23 
2025-03-21 13,0.82,NaN,0.68,0.93,0.24,NaN,-0.22 
2025-03-21 14,0.82,NaN,0.68,0.93,-0.06,NaN,-0.22 
2025-03-21 15,0.83,NaN,0.68,0.93,-0.31,NaN,-0.22 
2025-03-21 16,0.82,NaN,0.69,0.92,-0.51,NaN,-0.22 
2025-03-21 17,0.82,NaN,0.68,0.92,-0.55,NaN,-0.22 
2025-03-21 18,0.82,NaN,0.69,0.92,-0.50,NaN,-0.21 
2025-03-21 19,0.83,NaN,0.70,0.92,-0.35,NaN,-0.18 
2025-03-21 20,0.83,NaN,0.69,0.91,-0.13,NaN,NaN 
2025-03-21 21,0.82,NaN,0.69,0.91,0.09,NaN,-0.03 
2025-03-21 22,0.80,NaN,0.69,0.91,0.30,NaN,0.01 
2025-03-21 23,0.79,NaN,0.68,0.90,0.42,NaN,0.03 
2025-03-22 00,0.77,NaN,0.69,0.90,0.45,NaN,0.02 
2025-03-22 01,0.77,NaN,0.69,0.90,0.26,NaN,0.01 
2025-03-22 02,0.76,NaN,0.69,0.90,0.08,NaN,0.00 
2025-03-22 03,0.76,NaN,0.69,0.89,-0.06,NaN,0.00 
2025-03-22 04,0.76,NaN,0.69,0.89,-0.15,NaN,-0.01 
2025-03-22 05,0.76,NaN,0.68,0.89,-0.15,NaN,-0.01 
2025-03-22 06,0.77,NaN,0.69,0.89,-0.15,NaN,-0.01 
2025-03-22 07,0.78,NaN,0.69,0.88,0.01,NaN,-0.02 
2025-03-22 08,0.79,NaN,0.69,0.88,0.29,NaN,-0.01 
2025-03-22 09,0.78,NaN,0.69,0.88,0.48,NaN,0.00 
2025-03-22 10,0.77,NaN,0.69,0.87,0.55,NaN,0.01 
2025-03-22 11,0.75,NaN,0.68,0.87,0.56,NaN,0.01 
2025-03-22 12,0.72,NaN,0.69,0.87,0.43,NaN,0.02 
2025-03-22 13,0.70,NaN,0.69,0.87,0.25,NaN,0.01 
2025-03-22 14,0.70,NaN,0.69,0.86,0.10,NaN,0.00 
2025-03-22 15,0.69,NaN,0.69,0.86,-0.15,NaN,-0.01 
2025-03-22 16,0.69,NaN,0.68,0.86,-0.32,NaN,NaN 
2025-03-22 17,0.68,NaN,0.69,0.86,-0.46,NaN,-0.04 
2025-03-22 18,0.69,NaN,0.68,0.85,-0.55,NaN,NaN 
2025-03-22 19,0.69,NaN,0.68,0.85,-0.54,NaN,NaN 
2025-03-22 20,0.69,NaN,0.68,0.85,-0.43,NaN,-0.08 
2025-03-22 21,0.71,NaN,0.68,0.84,-0.31,NaN,NaN 
2025-03-22 22,0.71,NaN,0.68,0.84,-0.03,NaN,-0.11 
2025-03-22 23,0.71,NaN,0.68,0.84,0.11,NaN,-0.13 
2025-03-23 00,0.70,NaN,0.68,0.84,0.19,NaN,-0.14 
2025-03-23 01,0.70,NaN,0.68,0.83,0.19,NaN,-0.15 
2025-03-23 02,0.69,NaN,0.68,0.83,0.14,NaN,-0.17 
2025-03-23 03,0.69,NaN,0.68,0.83,0.07,NaN,-0.17 
2025-03-23 04,0.69,NaN,0.68,0.83,-0.04,NaN,-0.18 
2025-03-23 05,0.70,NaN,0.68,0.82,-0.02,NaN,-0.19 
2025-03-23 06,0.70,NaN,0.68,0.82,-0.05,NaN,-0.19 
2025-03-23 07,0.72,NaN,0.68,0.82,-0.03,NaN,-0.20 
2025-03-23 08,0.72,NaN,0.68,0.81,0.01,NaN,-0.21 
2025-03-23 09,0.73,NaN,0.68,0.81,0.09,NaN,-0.21 
2025-03-23 10,0.72,NaN,0.68,0.81,0.26,NaN,-0.22 
2025-03-23 11,0.70,NaN,0.68,0.81,0.47,NaN,-0.22 
2025-03-23 12,0.69,NaN,0.68,0.80,0.46,NaN,-0.22 
2025-03-23 13,0.68,NaN,0.68,0.80,0.35,NaN,-0.23 
2025-03-23 14,0.67,NaN,0.68,0.80,0.24,NaN,-0.23 
2025-03-23 15,0.67,NaN,0.68,0.79,0.06,NaN,-0.23 
2025-03-23 16,0.66,NaN,0.68,0.79,-0.08,NaN,-0.24 
2025-03-23 17,0.67,NaN,0.68,0.79,-0.19,NaN,-0.25 
2025-03-23 18,0.68,NaN,0.68,0.79,-0.33,NaN,-0.25 
2025-03-23 19,0.69,NaN,0.68,0.78,-0.45,NaN,-0.26 
2025-03-23 20,0.69,NaN,0.68,0.78,-0.54,NaN,-0.26 
2025-03-23 21,0.69,NaN,0.68,0.78,-0.56,NaN,-0.27 
2025-03-23 22,0.70,NaN,0.68,0.77,-0.46,NaN,-0.27 
2025-03-23 23,0.70,NaN,0.68,0.77,-0.12,NaN,-0.28 
2025-03-24 00,0.70,NaN,0.68,0.77,0.08,NaN,-0.28 
2025-03-24 01,0.69,NaN,0.68,0.77,0.18,NaN,-0.28 
2025-03-24 02,0.68,NaN,0.68,0.76,0.23,NaN,-0.29 
2025-03-24 03,0.68,NaN,0.68,0.76,0.23,NaN,-0.29 
2025-03-24 04,0.69,NaN,0.68,0.76,0.20,NaN,-0.29 
2025-03-24 05,0.68,NaN,0.68,0.76,0.12,NaN,-0.30 
2025-03-24 06,0.70,NaN,0.68,0.75,0.01,NaN,-0.30 
2025-03-24 07,0.71,NaN,0.68,0.75,-0.10,NaN,-0.30 
2025-03-24 08,0.76,NaN,0.68,0.75,-0.13,NaN,-0.30 
2025-03-24 09,0.90,NaN,0.68,0.74,-0.17,NaN,-0.30 
2025-03-24 10,0.83,NaN,0.68,0.74,-0.11,NaN,-0.30 
2025-03-24 11,0.78,NaN,0.68,0.74,0.04,NaN,-0.30 
2025-03-24 12,0.63,NaN,0.68,0.74,0.26,NaN,-0.31 
2025-03-24 13,0.54,NaN,0.68,0.73,0.47,NaN,-0.31 
2025-03-24 14,0.54,NaN,0.68,0.73,0.54,NaN,-0.31 
2025-03-24 15,0.57,NaN,0.68,0.73,0.40,NaN,-0.31 
2025-03-24 16,0.60,NaN,0.68,0.72,0.23,NaN,-0.30 
2025-03-24 17,0.62,NaN,0.68,0.72,0.08,NaN,-0.30 
2025-03-24 18,0.63,NaN,0.68,0.72,-0.04,NaN,-0.31 
2025-03-24 19,0.65,NaN,0.68,0.71,-0.22,NaN,NaN 
2025-03-24 20,0.66,NaN,0.68,0.71,-0.44,NaN,-0.31 
2025-03-24 21,0.67,NaN,0.68,0.71,-0.65,NaN,-0.31 
2025-03-24 22,0.68,NaN,0.68,0.71,-0.75,NaN,-0.31 
2025-03-24 23,0.68,NaN,0.68,0.70,-0.67,NaN,-0.31 
2025-03-25 00,0.67,NaN,0.68,0.70,-0.51,NaN,-0.32 
2025-03-25 01,0.66,NaN,0.68,0.70,-0.04,NaN,-0.32 
2025-03-25 02,0.66,NaN,0.67,0.70,0.16,NaN,NaN 
2025-03-25 03,0.65,NaN,0.68,0.69,0.36,NaN,NaN 
2025-03-25 04,0.65,NaN,0.68,0.69,0.47,NaN,-0.32 
2025-03-25 05,0.66,NaN,0.68,0.69,0.47,NaN,NaN 
2025-03-25 06,0.66,NaN,0.68,0.68,0.29,NaN,NaN 
2025-03-25 07,0.67,NaN,0.67,0.68,0.03,NaN,NaN 
2025-03-25 08,0.67,NaN,0.68,0.68,-0.15,NaN,NaN 
2025-03-25 09,0.67,NaN,0.68,0.68,-0.29,NaN,NaN 
2025-03-25 10,0.67,NaN,0.68,0.67,-0.40,NaN,-0.33 
2025-03-25 11,0.66,NaN,0.68,0.67,-0.35,NaN,-0.33 
2025-03-25 12,0.65,NaN,0.68,0.67,-0.01,NaN,NaN 
2025-03-25 13,0.65,NaN,0.68,0.67,0.25,NaN,-0.34 
2025-03-25 14,0.65,NaN,0.68,0.67,0.49,NaN,NaN 
2025-03-25 15,0.66,NaN,0.68,0.66,0.61,NaN,-0.34 
2025-03-25 16,0.67,NaN,0.68,0.66,0.57,NaN,-0.34 
2025-03-25 17,0.66,NaN,0.69,0.66,0.52,NaN,-0.34 
2025-03-25 18,0.67,NaN,0.68,0.65,0.29,NaN,-0.33 
2025-03-25 19,0.69,NaN,0.68,0.65,-0.03,NaN,-0.34 
2025-03-25 20,0.70,NaN,0.68,0.65,-0.30,NaN,-0.34 
2025-03-25 21,0.70,NaN,0.68,0.65,-0.61,NaN,-0.35 
2025-03-25 22,0.70,NaN,0.68,0.65,-0.84,NaN,-0.35 
2025-03-25 23,0.69,NaN,0.67,0.64,-0.86,NaN,-0.35 
2025-03-26 00,0.69,NaN,0.67,0.64,-0.82,NaN,-0.35 
2025-03-26 01,0.69,NaN,0.67,0.64,-0.68,NaN,-0.36 
2025-03-26 02,0.68,NaN,0.67,0.63,0.02,NaN,-0.36 
2025-03-26 03,0.69,NaN,0.67,0.63,0.34,NaN,-0.36 
2025-03-26 04,0.68,NaN,0.67,0.63,0.63,NaN,-0.36 
2025-03-26 05,0.69,NaN,0.67,0.63,0.75,NaN,-0.37 
2025-03-26 06,0.69,NaN,0.67,0.63,0.64,NaN,-0.36 
2025-03-26 07,0.70,NaN,0.67,0.62,0.32,NaN,NaN 
2025-03-26 08,0.71,NaN,0.67,0.62,0.01,NaN,-0.35 
2025-03-26 09,0.71,NaN,0.67,0.62,-0.22,NaN,-0.36 
2025-03-26 10,0.70,NaN,0.67,0.62,-0.45,NaN,-0.36 
2025-03-26 11,0.69,NaN,0.67,0.61,-0.60,NaN,-0.37 
2025-03-26 12,0.66,NaN,0.67,0.61,-0.56,NaN,NaN 
2025-03-26 13,0.63,NaN,0.67,0.61,-0.12,NaN,-0.37 
2025-03-26 14,0.62,NaN,0.66,0.61,0.31,NaN,-0.37 
2025-03-26 15,0.61,NaN,0.66,0.60,0.64,NaN,-0.37 
2025-03-26 16,0.62,NaN,0.67,0.60,0.80,NaN,-0.37 
2025-03-26 17,0.63,NaN,0.67,0.60,0.84,NaN,-0.37 
2025-03-26 18,0.58,NaN,0.67,0.60,0.68,NaN,-0.35 
2025-03-26 19,0.56,NaN,0.66,0.59,0.37,NaN,-0.33 
2025-03-26 20,0.60,NaN,0.66,0.59,0.02,NaN,-0.34 
2025-03-26 21,0.63,NaN,0.66,0.59,-0.27,NaN,-0.36 
2025-03-26 22,0.66,NaN,0.66,0.59,-0.60,NaN,-0.37 
2025-03-26 23,0.66,NaN,0.66,0.58,-0.87,NaN,-0.38 
2025-03-27 00,0.66,NaN,0.66,0.58,-1.01,NaN,-0.38 
2025-03-27 01,0.65,NaN,0.66,0.58,-0.94,NaN,-0.39 
2025-03-27 02,0.65,NaN,0.66,0.58,-0.73,NaN,-0.39 
2025-03-27 03,0.65,NaN,0.65,0.57,0.20,NaN,-0.39 
2025-03-27 04,0.65,NaN,0.66,0.57,0.58,NaN,-0.39 
2025-03-27 05,0.66,NaN,0.65,0.57,0.82,NaN,-0.39 
2025-03-27 06,0.66,NaN,0.65,0.57,0.82,NaN,-0.39 
2025-03-27 07,0.69,NaN,0.65,0.56,0.65,NaN,-0.37 
2025-03-27 08,0.71,NaN,0.65,0.56,0.34,NaN,-0.36 
2025-03-27 09,0.72,NaN,0.66,0.56,0.00,NaN,-0.37 
2025-03-27 10,0.73,NaN,0.65,0.56,-0.31,NaN,-0.38 
2025-03-27 11,0.72,NaN,0.66,0.56,-0.62,NaN,-0.39 
2025-03-27 12,0.70,NaN,0.66,0.55,-0.84,NaN,-0.39 
2025-03-27 13,0.69,NaN,0.66,0.55,-0.81,NaN,-0.39 
2025-03-27 14,0.67,NaN,0.66,0.55,-0.13,NaN,NaN 
2025-03-27 15,0.66,NaN,0.66,0.55,0.34,NaN,-0.40 
2025-03-27 16,0.66,NaN,0.66,0.54,0.75,NaN,-0.40 
2025-03-27 17,0.66,NaN,0.66,0.54,0.92,NaN,-0.40 
2025-03-27 18,0.66,NaN,0.66,0.54,0.97,NaN,-0.39 
2025-03-27 19,0.66,NaN,0.66,0.53,0.85,NaN,-0.34 
2025-03-27 20,0.66,NaN,0.65,0.53,0.48,NaN,-0.31 
2025-03-27 21,0.67,NaN,0.65,0.53,0.10,NaN,-0.34 
2025-03-27 22,0.67,NaN,0.65,0.53,-0.23,NaN,-0.36 
2025-03-27 23,0.67,NaN,0.65,0.53,-0.56,NaN,-0.38 
2025-03-28 00,0.67,NaN,0.65,0.53,-0.86,NaN,-0.40 
2025-03-28 01,0.66,NaN,0.65,0.52,-1.04,NaN,-0.40 
2025-03-28 02,0.65,NaN,0.65,0.52,-0.92,NaN,-0.41 
2025-03-28 03,0.65,NaN,0.65,0.52,-0.08,NaN,-0.41 
2025-03-28 04,0.65,NaN,0.65,0.52,0.44,NaN,-0.41 
2025-03-28 05,0.66,NaN,0.65,0.52,0.81,NaN,-0.41 
2025-03-28 06,0.67,NaN,0.65,0.51,0.94,NaN,-0.42 
2025-03-28 07,0.68,NaN,0.65,0.51,0.95,NaN,-0.40 
2025-03-28 08,0.68,NaN,0.65,0.51,0.76,NaN,-0.35 
2025-03-28 09,0.69,NaN,0.65,0.51,0.35,NaN,NaN 
2025-03-28 10,0.68,NaN,0.65,0.50,-0.02,NaN,-0.36 
2025-03-28 11,0.68,NaN,0.65,0.50,-0.32,NaN,-0.38 
2025-03-28 12,0.67,NaN,0.64,0.50,-0.63,NaN,-0.40 
2025-03-28 13,0.65,NaN,0.64,0.50,-0.85,NaN,-0.41 
2025-03-28 14,0.64,NaN,0.64,0.50,-0.79,NaN,-0.41 
2025-03-28 15,0.63,NaN,0.64,0.49,-0.05,NaN,-0.42 
2025-03-28 16,0.63,NaN,0.64,0.49,0.51,NaN,-0.38 
2025-03-28 17,0.65,NaN,0.64,0.49,0.87,NaN,-0.40 
2025-03-28 18,0.66,NaN,0.65,0.49,1.01,NaN,-0.40 
2025-03-28 19,0.68,NaN,0.65,0.49,1.07,NaN,-0.37 
2025-03-28 20,0.78,NaN,0.65,0.48,0.91,NaN,-0.27 
2025-03-28 21,0.95,NaN,0.66,0.48,0.57,NaN,-0.24 
2025-03-28 22,1.02,NaN,0.67,0.48,0.22,NaN,-0.26 
2025-03-28 23,1.24,NaN,0.67,0.48,-0.11,NaN,-0.30 
2025-03-29 00,1.91,NaN,0.68,0.48,-0.42,NaN,-0.31 
2025-03-29 01,1.76,NaN,0.69,0.48,-0.71,NaN,-0.31 
2025-03-29 02,1.73,NaN,0.70,0.48,-0.87,NaN,-0.25 
2025-03-29 03,1.71,NaN,0.77,0.48,-0.69,NaN,0.05 
2025-03-29 04,1.66,NaN,0.80,0.48,0.34,NaN,0.66 
2025-03-29 05,1.60,NaN,0.84,0.48,0.81,NaN,1.10 
2025-03-29 06,1.58,NaN,0.87,0.48,1.00,NaN,1.25 
2025-03-29 07,1.67,NaN,0.90,0.48,1.07,NaN,1.28 
2025-03-29 08,1.76,NaN,0.92,0.48,1.04,NaN,1.26 
2025-03-29 09,1.75,NaN,0.93,0.49,0.76,NaN,1.23 
2025-03-29 10,1.68,NaN,0.94,0.49,0.45,NaN,1.27 
2025-03-29 11,1.59,NaN,0.94,0.50,0.12,NaN,1.35 
2025-03-29 12,1.49,NaN,0.95,0.52,-0.21,NaN,1.37 
2025-03-29 13,1.40,NaN,0.94,0.56,-0.48,NaN,1.31 
2025-03-29 14,1.32,NaN,0.95,0.59,-0.71,NaN,1.21 
2025-03-29 15,1.27,NaN,0.95,0.63,-0.68,NaN,1.10 
2025-03-29 16,1.23,NaN,0.95,0.67,0.28,NaN,0.96 
2025-03-29 17,1.19,NaN,0.95,0.70,0.76,NaN,0.84 
2025-03-29 18,1.17,NaN,0.95,0.72,0.99,NaN,0.71 
2025-03-29 19,1.14,NaN,0.95,0.75,1.07,NaN,0.61 
2025-03-29 20,1.14,NaN,0.96,0.77,1.11,NaN,0.53 
2025-03-29 21,1.13,NaN,0.96,0.79,0.92,NaN,0.46 
2025-03-29 22,1.13,NaN,0.96,0.80,0.60,NaN,0.39 
2025-03-29 23,1.12,NaN,0.96,0.82,0.27,NaN,0.32 
2025-03-30 00,1.11,NaN,0.96,0.83,-0.06,NaN,0.25 
2025-03-30 01,1.12,NaN,0.97,0.84,-0.32,NaN,0.19 
2025-03-30 02,1.12,NaN,0.98,0.84,-0.59,NaN,0.14 
2025-03-30 03,1.13,NaN,0.98,0.84,-0.66,NaN,0.11 
2025-03-30 04,1.17,NaN,0.98,0.84,0.08,NaN,0.07 
2025-03-30 05,1.22,NaN,0.98,0.84,0.62,NaN,0.04 
2025-03-30 06,1.26,NaN,0.98,0.84,0.93,NaN,0.01 
2025-03-30 07,1.27,NaN,0.98,0.84,1.07,NaN,-0.01 
2025-03-30 08,1.23,NaN,0.98,0.84,1.11,NaN,0.02 
2025-03-30 09,1.17,NaN,0.98,0.84,1.01,NaN,0.05 
2025-03-30 10,1.10,NaN,0.98,0.84,0.69,NaN,0.04 
2025-03-30 11,1.07,NaN,0.98,0.84,0.37,NaN,0.00 
2025-03-30 12,1.05,NaN,0.98,0.84,0.03,NaN,-0.04 
2025-03-30 13,1.03,NaN,0.98,0.84,-0.25,NaN,-0.07 
2025-03-30 14,1.01,NaN,0.98,0.84,-0.52,NaN,-0.10 
2025-03-30 15,0.99,NaN,0.98,0.84,-0.73,NaN,-0.12 
2025-03-30 16,0.99,NaN,0.98,0.84,-0.63,NaN,-0.13 
2025-03-30 17,0.98,NaN,0.98,0.84,0.35,NaN,-0.15 
2025-03-30 18,0.99,NaN,0.98,0.83,0.81,NaN,-0.16 
2025-03-30 19,0.99,NaN,0.98,0.83,1.02,NaN,-0.17 
2025-03-30 20,0.99,NaN,0.98,0.83,1.09,NaN,-0.16 
2025-03-30 21,0.99,NaN,0.98,0.83,1.08,NaN,-0.09 
2025-03-30 22,0.98,NaN,0.98,0.83,0.82,NaN,-0.06 
2025-03-30 23,0.96,NaN,0.97,0.83,0.50,NaN,-0.08 
2025-03-31 00,0.96,NaN,0.97,0.83,0.18,NaN,-0.12 
2025-03-31 01,0.95,NaN,0.97,0.83,-0.14,NaN,-0.16 
2025-03-31 02,0.93,NaN,0.97,0.83,-0.39,NaN,-0.18 
2025-03-31 03,0.92,NaN,0.97,0.83,-0.61,NaN,-0.20 
2025-03-31 04,0.92,NaN,0.97,0.83,-0.52,NaN,-0.21 
2025-03-31 05,0.92,NaN,0.96,0.82,0.40,NaN,-0.22 
2025-03-31 06,0.92,NaN,0.96,0.82,0.83,NaN,-0.23 
2025-03-31 07,0.93,NaN,0.96,0.82,1.02,NaN,-0.23 
2025-03-31 08,0.93,NaN,0.96,0.81,1.10,NaN,-0.21 
2025-03-31 09,0.93,NaN,0.96,0.81,1.11,NaN,-0.13 
2025-03-31 10,0.92,NaN,0.96,0.81,0.91,NaN,-0.10 
2025-03-31 11,0.92,NaN,0.96,0.81,0.58,NaN,-0.12 
2025-03-31 12,0.90,NaN,0.96,0.81,0.25,NaN,-0.17 
2025-03-31 13,0.88,NaN,0.96,0.81,-0.07,NaN,-0.20 
2025-03-31 14,0.86,NaN,0.96,0.81,-0.33,NaN,NaN 
2025-03-31 15,0.85,NaN,0.96,0.81,-0.60,NaN,NaN 
2025-03-31 16,0.85,NaN,0.96,0.81,-0.76,NaN,-0.27 
2025-03-31 17,0.84,NaN,0.95,0.81,-0.13,NaN,-0.28 
2025-03-31 18,0.84,NaN,0.95,0.81,0.47,NaN,-0.28 
2025-03-31 19,0.83,NaN,0.95,0.81,0.84,NaN,-0.29 
2025-03-31 20,0.76,NaN,0.95,0.80,1.00,NaN,-0.29 
2025-03-31 21,0.68,NaN,0.95,0.80,1.05,NaN,-0.27 
2025-03-31 22,0.72,NaN,0.94,0.80,0.97,NaN,-0.20 
2025-03-31 23,0.75,NaN,0.94,0.80,0.66,NaN,-0.18 
2025-04-01 00,0.76,NaN,0.94,0.80,0.34,NaN,-0.22 
2025-04-01 01,0.76,NaN,0.94,0.80,0.01,NaN,-0.25 
2025-04-01 02,0.76,NaN,0.94,0.80,-0.26,NaN,-0.28 
2025-04-01 03,0.75,NaN,0.93,0.80,-0.51,NaN,-0.30 
2025-04-01 04,0.75,NaN,0.93,0.79,-0.57,NaN,NaN 
2025-04-01 05,0.76,NaN,0.93,0.79,0.12,NaN,-0.32 
2025-04-01 06,0.76,NaN,0.92,0.79,0.62,NaN,-0.33 
2025-04-01 07,0.77,NaN,0.92,0.79,0.92,NaN,-0.33 
2025-04-01 08,0.78,NaN,0.92,0.78,1.04,NaN,-0.33 
2025-04-01 09,0.78,NaN,0.92,0.78,1.10,NaN,-0.29 
2025-04-01 10,0.78,NaN,0.92,0.78,1.05,NaN,-0.20 
2025-04-01 11,0.76,NaN,0.92,0.78,0.76,NaN,-0.19 
2025-04-01 12,0.75,NaN,0.92,0.78,0.44,NaN,-0.23 
2025-04-01 13,0.73,NaN,0.92,0.78,0.10,NaN,-0.27 
2025-04-01 14,0.72,NaN,0.92,0.78,-0.21,NaN,-0.30 
2025-04-01 15,0.70,NaN,0.92,0.78,-0.46,NaN,-0.32 
2025-04-01 16,0.69,NaN,0.92,0.78,-0.71,NaN,-0.33 
2025-04-01 17,0.69,NaN,0.92,0.78,-0.72,NaN,NaN 
2025-04-01 18,0.70,NaN,0.92,0.78,0.03,NaN,-0.35 
2025-04-01 19,0.71,NaN,0.92,0.77,0.51,NaN,-0.35 
2025-04-01 20,0.72,NaN,0.91,0.77,0.82,NaN,-0.35 
2025-04-01 21,0.72,NaN,0.91,0.77,0.93,NaN,-0.36 
2025-04-01 22,0.73,NaN,0.91,0.76,0.93,NaN,-0.34 
2025-04-01 23,0.73,NaN,0.91,0.76,0.72,NaN,-0.29 
2025-04-02 00,0.73,NaN,0.90,0.76,0.41,NaN,-0.30 
2025-04-02 01,0.72,NaN,0.90,0.76,0.08,NaN,-0.32 
2025-04-02 02,0.72,NaN,0.90,0.76,-0.22,NaN,-0.34 
2025-04-02 03,0.72,NaN,0.90,0.76,-0.48,NaN,-0.36 
2025-04-02 04,0.72,NaN,0.89,0.76,-0.63,NaN,-0.37 
2025-04-02 05,0.73,NaN,0.89,0.75,-0.53,NaN,-0.38 
2025-04-02 06,0.73,NaN,0.89,0.75,0.30,NaN,-0.38 
2025-04-02 07,0.74,NaN,0.89,0.75,0.73,NaN,-0.38 
2025-04-02 08,0.75,NaN,0.89,0.74,0.93,NaN,-0.39 
2025-04-02 09,0.73,NaN,0.89,0.74,1.01,NaN,NaN 
2025-04-02 10,0.66,NaN,0.89,0.74,1.02,NaN,-0.33 
2025-04-02 11,0.66,NaN,0.89,0.74,0.85,NaN,-0.27 
2025-04-02 12,0.67,NaN,0.89,0.74,0.53,NaN,-0.28 
2025-04-02 13,0.67,NaN,0.88,0.74,0.20,NaN,-0.32 
2025-04-02 14,0.67,NaN,0.88,0.74,-0.13,NaN,-0.35 
2025-04-02 15,0.66,NaN,0.88,0.74,-0.40,NaN,-0.37 
2025-04-02 16,0.65,NaN,0.88,0.74,-0.68,NaN,-0.38 
2025-04-02 17,0.66,NaN,0.88,0.73,-0.83,NaN,-0.39 
2025-04-02 18,0.66,NaN,0.87,0.73,-0.72,NaN,-0.39 
2025-04-02 19,0.66,NaN,0.87,0.73,0.03,NaN,-0.40 
2025-04-02 20,0.69,NaN,0.87,0.72,0.44,NaN,-0.40 
2025-04-02 21,0.70,NaN,0.87,0.72,0.71,NaN,-0.40 
2025-04-02 22,0.72,NaN,0.87,0.72,0.80,NaN,-0.40 
2025-04-02 23,0.72,NaN,0.87,0.72,0.73,NaN,-0.39 
2025-04-03 00,0.73,NaN,0.86,0.71,0.47,NaN,-0.37 
2025-04-03 01,0.72,NaN,0.86,0.71,0.15,NaN,-0.37 
2025-04-03 02,0.72,NaN,0.86,0.71,-0.15,NaN,-0.39 
2025-04-03 03,0.72,NaN,0.86,0.71,-0.37,NaN,-0.40 
2025-04-03 04,0.73,NaN,0.85,0.71,-0.56,NaN,-0.40 
2025-04-03 05,0.73,NaN,0.85,0.70,-0.53,NaN,-0.40 
2025-04-03 06,0.74,NaN,0.85,0.70,0.02,NaN,-0.39 
2025-04-03 07,0.76,NaN,0.85,0.70,0.44,NaN,-0.38 
2025-04-03 08,0.74,NaN,0.85,0.70,0.75,NaN,-0.36 
2025-04-03 09,0.74,NaN,0.84,0.69,0.89,NaN,-0.34 
2025-04-03 10,0.73,NaN,0.84,0.69,0.93,NaN,-0.31 
2025-04-03 11,0.73,NaN,0.84,0.69,0.83,NaN,-0.26 
2025-04-03 12,0.71,NaN,0.84,0.69,0.57,NaN,-0.24 
2025-04-03 13,0.69,NaN,0.84,0.69,0.25,NaN,-0.24 
2025-04-03 14,0.68,NaN,0.84,0.69,-0.09,NaN,-0.25 
2025-04-03 15,0.66,NaN,0.83,0.69,-0.36,NaN,-0.25 
2025-04-03 16,0.66,NaN,0.83,0.68,-0.66,NaN,-0.25 
2025-04-03 17,0.66,NaN,0.83,0.68,-0.87,NaN,-0.25 
2025-04-03 18,0.67,NaN,0.83,0.68,-0.86,NaN,-0.24 
2025-04-03 19,0.67,NaN,0.83,0.68,-0.72,NaN,-0.24 
2025-04-03 20,0.69,NaN,0.82,0.68,0.03,NaN,-0.24 
2025-04-03 21,0.70,NaN,0.82,0.67,0.31,NaN,-0.24 
2025-04-03 22,0.72,NaN,0.82,0.67,0.47,NaN,-0.25 
2025-04-03 23,0.76,NaN,0.82,0.67,0.57,NaN,-0.26 
2025-04-04 00,0.78,NaN,0.82,0.67,0.47,NaN,-0.27 
2025-04-04 01,0.80,NaN,0.82,0.66,0.22,NaN,NaN 
2025-04-04 02,0.83,NaN,0.82,0.66,-0.04,NaN,-0.30 
2025-04-04 03,0.83,NaN,0.81,0.66,-0.28,NaN,-0.31 
2025-04-04 04,0.82,NaN,0.81,0.66,-0.48,NaN,-0.33 
2025-04-04 05,0.81,NaN,0.81,0.66,-0.47,NaN,-0.34 
2025-04-04 06,0.80,NaN,0.81,0.66,-0.10,NaN,-0.35 
2025-04-04 07,0.80,NaN,0.81,0.65,0.21,NaN,-0.36 
2025-04-04 08,0.80,NaN,0.81,0.65,0.45,NaN,NaN 
2025-04-04 09,0.80,NaN,0.80,0.65,0.63,NaN,-0.37 
2025-04-04 10,0.71,NaN,0.80,0.65,0.77,NaN,-0.38 
2025-04-04 11,0.69,NaN,0.80,0.64,0.80,NaN,-0.37 
2025-04-04 12,0.70,NaN,0.80,0.64,0.63,NaN,-0.35 
2025-04-04 13,0.70,NaN,0.80,0.64,0.36,NaN,-0.35 
2025-04-04 14,0.70,NaN,0.80,0.64,0.02,NaN,-0.36 
2025-04-04 15,0.69,NaN,0.80,0.64,-0.24,NaN,-0.37 
2025-04-04 16,0.69,NaN,0.79,0.63,-0.48,NaN,-0.38 
2025-04-04 17,0.71,NaN,0.79,0.63,-0.70,NaN,-0.38 
2025-04-04 18,0.72,NaN,0.79,0.63,-0.81,NaN,-0.38 
2025-04-04 19,0.72,NaN,0.78,0.63,-0.81,NaN,-0.38 
2025-04-04 20,0.72,NaN,0.78,0.62,-0.69,NaN,-0.38 
2025-04-04 21,0.73,NaN,0.78,0.62,-0.04,NaN,-0.38 
2025-04-04 22,0.73,NaN,0.78,0.62,0.21,NaN,-0.38 
2025-04-04 23,0.73,NaN,0.78,0.62,0.33,NaN,-0.37 
2025-04-05 00,0.73,NaN,0.77,0.61,0.33,NaN,-0.36 
2025-04-05 01,0.72,NaN,0.77,0.61,0.22,NaN,-0.35 
2025-04-05 02,0.72,NaN,0.77,0.61,0.09,NaN,-0.31 
2025-04-05 03,0.72,NaN,0.77,0.60,-0.06,NaN,-0.24 
2025-04-05 04,0.72,NaN,0.77,0.60,-0.24,NaN,-0.11 
2025-04-05 05,0.72,NaN,0.77,0.60,-0.34,NaN,0.03 
2025-04-05 06,0.73,NaN,0.76,0.60,-0.32,NaN,0.12 
2025-04-05 07,0.74,NaN,0.76,0.60,-0.11,NaN,0.16 
2025-04-05 08,0.75,NaN,0.76,0.59,0.10,NaN,NaN 
2025-04-05 09,0.76,NaN,0.76,0.59,0.30,NaN,0.12 
2025-04-05 10,0.76,NaN,0.76,0.59,0.47,NaN,0.08 
2025-04-05 11,0.77,NaN,0.76,0.58,0.60,NaN,0.04 
2025-04-05 12,0.80,NaN,0.76,0.58,0.54,NaN,0.00 
2025-04-05 13,0.79,NaN,0.76,0.58,0.36,NaN,-0.04 
2025-04-05 14,0.77,NaN,0.76,0.58,0.13,NaN,-0.08 
2025-04-05 15,0.76,NaN,0.76,0.58,-0.06,NaN,-0.11 
2025-04-05 16,0.75,NaN,0.76,0.57,-0.20,NaN,-0.14 
2025-04-05 17,0.74,NaN,0.76,0.57,-0.34,NaN,-0.17 
2025-04-05 18,0.74,NaN,0.76,0.57,-0.58,NaN,-0.19 
2025-04-05 19,0.74,NaN,0.76,0.57,-0.75,NaN,-0.20 
2025-04-05 20,0.74,NaN,0.75,0.56,-0.75,NaN,-0.21 
2025-04-05 21,0.74,NaN,0.75,0.56,-0.66,NaN,-0.22 
2025-04-05 22,0.74,NaN,0.75,0.56,-0.11,NaN,-0.23 
2025-04-05 23,0.74,NaN,0.74,0.56,0.13,NaN,-0.24 
2025-04-06 00,0.73,NaN,0.74,0.56,0.18,NaN,-0.26 
2025-04-06 01,0.72,NaN,0.74,0.56,0.20,NaN,NaN 
2025-04-06 02,0.72,NaN,0.74,0.55,0.27,NaN,-0.28 
2025-04-06 03,0.71,NaN,0.74,0.55,0.28,NaN,-0.28 
2025-04-06 04,0.72,NaN,0.74,0.55,0.13,NaN,NaN 
2025-04-06 05,0.73,NaN,0.74,0.55,-0.06,NaN,-0.29 
2025-04-06 06,0.73,NaN,0.74,0.55,-0.21,NaN,NaN 
2025-04-06 07,0.71,NaN,0.74,0.55,-0.24,NaN,-0.30 
2025-04-06 08,0.64,NaN,0.73,0.55,-0.19,NaN,-0.30 
2025-04-06 09,0.66,NaN,0.74,0.54,-0.06,NaN,NaN 
2025-04-06 10,0.69,NaN,0.74,0.54,0.19,NaN,NaN 
2025-04-06 11,0.70,NaN,0.74,0.54,0.34,NaN,-0.32 
2025-04-06 12,0.70,NaN,0.74,0.54,0.42,NaN,-0.33 
2025-04-06 13,0.68,NaN,0.73,0.54,0.43,NaN,-0.33 
2025-04-06 14,0.67,NaN,0.74,0.54,0.35,NaN,NaN 
2025-04-06 15,0.66,NaN,0.74,0.53,0.20,NaN,-0.34 
2025-04-06 16,0.66,NaN,0.73,0.53,0.16,NaN,-0.34 
2025-04-06 17,0.66,NaN,0.73,0.53,0.00,NaN,-0.34 
2025-04-06 18,0.66,NaN,0.73,0.53,-0.26,NaN,-0.35 
2025-04-06 19,0.66,NaN,0.73,0.53,-0.51,NaN,-0.35 
2025-04-06 20,0.67,NaN,0.72,0.53,-0.71,NaN,-0.36 
2025-04-06 21,0.68,NaN,0.72,0.53,-0.83,NaN,-0.36 
2025-04-06 22,0.69,NaN,0.72,0.52,-0.75,NaN,-0.37 
2025-04-06 23,0.69,NaN,0.72,0.52,-0.57,NaN,-0.37 
2025-04-07 00,0.69,NaN,0.72,0.52,0.01,NaN,-0.37 
2025-04-07 01,0.69,NaN,0.71,0.52,0.09,NaN,NaN 
2025-04-07 02,0.69,NaN,0.71,0.52,0.23,NaN,NaN 
2025-04-07 03,0.69,NaN,0.71,0.52,0.35,NaN,-0.38 
2025-04-07 04,0.69,NaN,0.71,0.51,0.44,NaN,NaN 
2025-04-07 05,0.69,NaN,0.71,0.51,0.34,NaN,NaN 
2025-04-07 06,0.70,NaN,0.71,0.51,0.02,NaN,-0.39 
2025-04-07 07,0.71,NaN,0.71,0.51,-0.21,NaN,-0.39 
2025-04-07 08,0.72,NaN,0.71,0.51,-0.33,NaN,-0.40 
2025-04-07 09,0.72,NaN,0.71,0.50,-0.38,NaN,-0.40 
2025-04-07 10,0.71,NaN,0.71,0.50,-0.29,NaN,NaN 
2025-04-07 11,0.70,NaN,0.71,0.50,-0.01,NaN,-0.40 
2025-04-07 12,0.70,NaN,0.71,0.50,0.16,NaN,-0.41 
2025-04-07 13,0.68,NaN,0.71,0.50,0.31,NaN,-0.41 
2025-04-07 14,0.66,NaN,0.71,0.50,0.43,NaN,-0.41 
2025-04-07 15,0.66,NaN,0.70,0.49,0.47,NaN,-0.41 
2025-04-07 16,0.66,NaN,0.70,0.49,0.50,NaN,-0.41 
2025-04-07 17,0.66,NaN,0.70,0.49,0.40,NaN,-0.41 
2025-04-07 18,0.66,NaN,0.70,0.49,0.11,NaN,-0.41 
2025-04-07 19,0.67,NaN,0.70,0.49,-0.20,NaN,-0.41 
2025-04-07 20,0.68,NaN,0.70,0.49,-0.47,NaN,-0.41 
2025-04-07 21,0.69,NaN,0.70,0.48,-0.70,NaN,-0.42 
2025-04-07 22,0.62,NaN,0.70,0.48,-0.85,NaN,-0.42 
2025-04-07 23,0.62,NaN,0.70,0.48,-0.78,NaN,-0.42 
2025-04-08 00,0.64,NaN,0.69,0.48,-0.66,NaN,-0.42 
2025-04-08 01,0.65,NaN,0.69,0.48,-0.03,NaN,-0.43 
2025-04-08 02,0.66,NaN,0.69,0.47,0.25,NaN,-0.43 
2025-04-08 03,0.66,NaN,0.69,0.47,0.44,NaN,-0.43 
2025-04-08 04,0.66,NaN,0.69,0.47,0.60,NaN,-0.44 
2025-04-08 05,0.66,NaN,0.69,0.47,0.64,NaN,-0.44 
2025-04-08 06,0.67,NaN,0.69,0.47,0.42,NaN,-0.43 
2025-04-08 07,0.68,NaN,0.69,0.46,0.09,NaN,-0.43 
2025-04-08 08,0.69,NaN,0.69,0.46,-0.20,NaN,-0.43 
2025-04-08 09,0.69,NaN,0.69,0.46,-0.38,NaN,-0.44 
2025-04-08 10,0.69,NaN,0.69,0.46,-0.49,NaN,NaN 
2025-04-08 11,0.68,NaN,0.69,0.46,-0.49,NaN,-0.44 
2025-04-08 12,0.67,NaN,0.69,0.45,-0.42,NaN,-0.44 
2025-04-08 13,0.66,NaN,0.68,0.45,0.07,NaN,-0.44 
2025-04-08 14,0.64,NaN,0.68,0.45,0.37,NaN,-0.44 
2025-04-08 15,0.63,NaN,0.68,0.45,0.55,NaN,-0.44 
2025-04-08 16,0.63,NaN,0.68,0.45,0.69,NaN,-0.44 
2025-04-08 17,0.63,NaN,0.68,0.44,0.72,NaN,-0.44 
2025-04-08 18,0.63,NaN,0.68,0.44,0.54,NaN,-0.43 
2025-04-08 19,0.63,NaN,0.68,0.44,0.22,NaN,-0.42 
2025-04-08 20,0.65,NaN,0.68,0.44,-0.12,NaN,-0.43 
2025-04-08 21,0.66,NaN,0.67,0.44,-0.40,NaN,NaN 
2025-04-08 22,0.66,NaN,0.67,0.43,-0.68,NaN,-0.44 
2025-04-08 23,0.66,NaN,0.67,0.43,-0.84,NaN,-0.45 
2025-04-09 00,0.66,NaN,0.67,0.43,-0.80,NaN,-0.45 
2025-04-09 01,0.65,NaN,0.67,0.43,-0.67,NaN,-0.46 
2025-04-09 02,0.64,NaN,0.67,0.42,0.10,NaN,-0.46 
2025-04-09 03,0.64,NaN,0.66,0.42,0.44,NaN,NaN 
2025-04-09 04,0.65,NaN,0.66,0.42,0.64,NaN,-0.46 
2025-04-09 05,0.65,NaN,0.66,0.42,0.75,NaN,-0.47 
2025-04-09 06,0.66,NaN,0.66,0.42,0.69,NaN,-0.46 
2025-04-09 07,0.66,NaN,0.66,0.41,0.42,NaN,-0.44 
2025-04-09 08,0.68,NaN,0.66,0.41,0.07,NaN,-0.44 
2025-04-09 09,0.64,NaN,0.66,0.41,-0.23,NaN,-0.45 
2025-04-09 10,0.59,NaN,0.66,0.41,-0.51,NaN,-0.46 
2025-04-09 11,0.63,NaN,0.66,0.41,-0.68,NaN,-0.46 
2025-04-09 12,0.67,NaN,0.66,0.41,-0.69,NaN,-0.47 
2025-04-09 13,0.69,NaN,0.66,0.40,-0.59,NaN,NaN 
2025-04-09 14,0.69,NaN,0.66,0.40,0.11,NaN,NaN 
2025-04-09 15,0.69,NaN,0.66,0.40,0.40,NaN,NaN 
2025-04-09 16,0.69,NaN,0.66,0.39,0.64,NaN,NaN 
2025-04-09 17,0.69,NaN,0.66,0.39,0.79,NaN,-0.47 
2025-04-09 18,0.70,NaN,0.66,0.39,0.79,NaN,-0.47 
2025-04-09 19,0.69,NaN,0.65,0.39,0.57,NaN,-0.44 
2025-04-09 20,0.68,NaN,0.65,0.38,0.21,NaN,-0.43 
2025-04-09 21,0.67,NaN,0.65,0.38,-0.18,NaN,-0.45 
2025-04-09 22,0.66,NaN,0.65,0.38,-0.46,NaN,-0.46 
2025-04-09 23,0.66,NaN,0.65,0.38,-0.76,NaN,NaN 
2025-04-10 00,0.65,NaN,0.64,0.38,-0.92,NaN,NaN 
2025-04-10 01,0.65,NaN,0.64,0.37,-0.84,NaN,-0.48 
2025-04-10 02,0.65,NaN,0.64,0.37,-0.70,NaN,NaN 
2025-04-10 03,0.64,NaN,0.64,0.37,0.22,NaN,-0.49 
2025-04-10 04,0.65,NaN,0.64,0.37,0.58,NaN,-0.49 
2025-04-10 05,0.66,NaN,0.64,0.36,0.79,NaN,NaN 
2025-04-10 06,0.66,NaN,0.64,0.36,0.84,NaN,NaN 
2025-04-10 07,0.67,NaN,0.64,0.36,0.71,NaN,-0.46 
2025-04-10 08,0.68,NaN,0.64,0.36,0.35,NaN,-0.44 
2025-04-10 09,0.69,NaN,0.64,0.35,-0.02,NaN,NaN 
2025-04-10 10,0.68,NaN,0.64,0.35,-0.29,NaN,-0.47 
2025-04-10 11,0.67,NaN,0.64,0.35,-0.60,NaN,-0.48 
2025-04-10 12,0.66,NaN,0.64,0.35,-0.82,NaN,-0.49 
2025-04-10 13,0.63,NaN,0.64,0.35,-0.83,NaN,-0.49 
2025-04-10 14,0.62,NaN,0.64,0.35,-0.71,NaN,NaN 
2025-04-10 15,0.61,NaN,0.64,0.34,0.17,NaN,NaN 
2025-04-10 16,0.61,NaN,0.63,0.34,0.57,NaN,-0.49 
2025-04-10 17,0.56,NaN,0.63,0.34,0.80,NaN,-0.49 
2025-04-10 18,0.56,NaN,0.63,0.34,0.84,NaN,-0.49 
2025-04-10 19,0.59,NaN,0.63,0.33,0.77,NaN,-0.46 
2025-04-10 20,0.62,NaN,0.63,0.33,0.49,NaN,-0.44 
2025-04-10 21,0.63,NaN,0.63,0.33,0.12,NaN,-0.45 
2025-04-10 22,0.64,NaN,0.63,0.33,-0.22,NaN,NaN 
2025-04-10 23,0.65,NaN,0.62,0.32,-0.54,NaN,-0.48 
2025-04-11 00,0.64,NaN,0.62,0.32,-0.82,NaN,-0.49 
2025-04-11 01,0.63,NaN,0.62,0.32,-0.95,NaN,-0.50 
2025-04-11 02,0.63,NaN,0.62,0.32,-0.83,NaN,-0.50 
2025-04-11 03,0.63,NaN,0.62,0.32,0.07,NaN,-0.50 
2025-04-11 04,0.63,NaN,0.61,0.31,0.48,NaN,-0.50 
2025-04-11 05,0.64,NaN,0.61,0.31,0.79,NaN,-0.51 
2025-04-11 06,0.65,NaN,0.61,0.31,0.88,NaN,-0.51 
2025-04-11 07,0.66,NaN,0.61,0.31,0.89,NaN,-0.49 
2025-04-11 08,0.67,NaN,0.61,0.31,0.64,NaN,-0.44 
2025-04-11 09,0.68,NaN,0.61,0.30,0.25,NaN,-0.44 
2025-04-11 10,0.67,NaN,0.61,0.30,-0.13,NaN,-0.46 
2025-04-11 11,0.66,NaN,0.61,0.30,-0.41,NaN,-0.48 
2025-04-11 12,0.65,NaN,0.61,0.30,-0.73,NaN,NaN 
2025-04-11 13,0.64,NaN,0.61,0.30,-0.92,NaN,-0.50 
2025-04-11 14,0.62,NaN,0.60,0.30,-0.86,NaN,-0.51 
2025-04-11 15,0.60,NaN,0.60,0.29,-0.13,NaN,NaN 
2025-04-11 16,0.59,NaN,0.60,0.29,0.38,NaN,-0.51 
2025-04-11 17,0.59,NaN,0.60,0.29,0.74,NaN,-0.51 
2025-04-11 18,0.60,NaN,0.60,0.29,0.88,NaN,-0.51 
2025-04-11 19,0.61,NaN,0.59,0.28,0.90,NaN,-0.50 
2025-04-11 20,0.62,NaN,0.59,0.28,0.75,NaN,-0.45 
2025-04-11 21,0.63,NaN,0.59,0.28,0.41,NaN,-0.43 
2025-04-11 22,0.64,NaN,0.58,0.28,0.02,NaN,-0.46 
2025-04-11 23,0.64,NaN,0.58,0.28,-0.28,NaN,-0.48 
2025-04-12 00,0.64,NaN,0.58,0.28,-0.59,NaN,-0.50 
2025-04-12 01,0.64,NaN,0.58,0.28,-0.85,NaN,-0.51 
2025-04-12 02,0.64,NaN,0.58,0.27,-0.88,NaN,-0.51 
2025-04-12 03,0.64,NaN,0.58,0.27,-0.42,NaN,-0.52 
2025-04-12 04,0.65,NaN,0.58,0.27,0.34,NaN,-0.52 
2025-04-12 05,0.66,NaN,0.58,0.27,0.75,NaN,-0.52 
2025-04-12 06,0.67,NaN,0.58,0.26,0.91,NaN,-0.52 
2025-04-12 07,0.60,NaN,0.58,0.26,0.93,NaN,-0.52 
2025-04-12 08,0.55,NaN,0.58,0.26,0.79,NaN,-0.45 
2025-04-12 09,0.58,NaN,0.58,0.26,0.46,NaN,-0.44 
2025-04-12 10,0.61,NaN,0.58,0.26,0.07,NaN,-0.46 
2025-04-12 11,0.62,NaN,0.58,0.26,-0.25,NaN,-0.49 
2025-04-12 12,0.63,NaN,0.58,0.26,-0.57,NaN,-0.51 
2025-04-12 13,0.63,NaN,0.58,0.25,-0.86,NaN,-0.52 
2025-04-12 14,0.63,NaN,0.58,0.25,-0.99,NaN,-0.51 
2025-04-12 15,0.64,NaN,0.58,0.25,-0.87,NaN,-0.52 
2025-04-12 16,0.66,NaN,0.58,0.25,0.10,NaN,-0.52 
2025-04-12 17,0.66,NaN,0.58,0.25,0.59,NaN,-0.53 
2025-04-12 18,0.68,NaN,0.57,0.24,0.81,NaN,-0.53 
2025-04-12 19,0.69,NaN,0.57,0.24,0.88,NaN,-0.53 
2025-04-12 20,0.70,NaN,0.57,0.24,0.89,NaN,-0.50 
2025-04-12 21,0.71,NaN,0.57,0.24,0.65,NaN,-0.45 
2025-04-12 22,0.71,NaN,0.57,0.24,0.25,NaN,-0.45 
2025-04-12 23,0.70,NaN,0.57,0.24,-0.11,NaN,NaN 
2025-04-13 00,0.69,NaN,0.57,0.24,-0.40,NaN,-0.50 
2025-04-13 01,0.69,NaN,0.57,0.24,-0.70,NaN,-0.51 
2025-04-13 02,0.69,NaN,0.57,0.24,-0.79,NaN,-0.52 
2025-04-13 03,0.70,NaN,0.57,0.24,-0.70,NaN,-0.53 
2025-04-13 04,0.73,NaN,0.57,0.24,0.10,NaN,-0.53 
2025-04-13 05,0.73,NaN,0.56,0.23,0.59,NaN,-0.53 
2025-04-13 06,0.73,NaN,0.56,0.23,0.84,NaN,-0.53 
2025-04-13 07,0.74,NaN,0.56,0.23,0.93,NaN,-0.53 
2025-04-13 08,0.74,NaN,0.56,0.23,0.94,NaN,-0.50 
2025-04-13 09,0.73,NaN,0.56,0.23,0.66,NaN,NaN 
2025-04-13 10,0.73,NaN,0.56,0.23,0.26,NaN,-0.43 
2025-04-13 11,0.71,NaN,0.56,0.23,-0.11,NaN,-0.47 
2025-04-13 12,0.71,NaN,0.56,0.23,-0.40,NaN,-0.49 
2025-04-13 13,0.69,NaN,0.56,0.23,-0.71,NaN,-0.51 
2025-04-13 14,0.69,NaN,0.56,0.23,-0.95,NaN,-0.52 
2025-04-13 15,0.68,NaN,0.56,0.22,-0.91,NaN,-0.53 
2025-04-13 16,0.66,NaN,0.56,0.22,-0.77,NaN,-0.53 
2025-04-13 17,0.59,NaN,0.56,0.22,0.34,NaN,-0.53 
2025-04-13 18,0.60,NaN,0.55,0.22,0.71,NaN,-0.53 
2025-04-13 19,0.62,NaN,0.55,0.22,0.86,NaN,-0.53 
2025-04-13 20,0.64,NaN,0.54,0.22,0.89,NaN,-0.53 
2025-04-13 21,0.66,NaN,0.54,0.21,0.75,NaN,-0.47 
2025-04-13 22,0.66,NaN,0.54,0.21,0.43,NaN,-0.46 
2025-04-13 23,0.67,NaN,0.54,0.21,0.06,NaN,-0.48 
2025-04-14 00,0.68,NaN,0.53,0.21,-0.27,NaN,-0.51 
2025-04-14 01,0.67,NaN,0.53,0.21,-0.57,NaN,-0.52 
2025-04-14 02,0.66,NaN,0.53,0.21,-0.81,NaN,-0.53 
2025-04-14 03,0.65,NaN,0.53,0.21,-0.78,NaN,-0.54 
2025-04-14 04,0.65,NaN,0.53,0.21,-0.05,NaN,-0.54 
2025-04-14 05,0.66,NaN,0.53,0.21,0.43,NaN,-0.55 
2025-04-14 06,0.67,NaN,0.53,0.21,0.78,NaN,NaN 
2025-04-14 07,0.68,NaN,0.53,0.21,0.91,NaN,-0.55 
2025-04-14 08,0.68,NaN,0.53,0.20,0.93,NaN,-0.53 
2025-04-14 09,0.68,NaN,0.53,0.20,0.77,NaN,-0.46 
2025-04-14 10,0.67,NaN,0.53,0.20,0.41,NaN,NaN 
2025-04-14 11,0.66,NaN,0.53,0.20,0.03,NaN,-0.48 
2025-04-14 12,0.64,NaN,0.53,0.20,-0.29,NaN,-0.51 
2025-04-14 13,0.63,NaN,0.53,0.20,-0.61,NaN,NaN 
2025-04-14 14,0.61,NaN,0.53,0.20,-0.90,NaN,-0.54 
2025-04-14 15,0.60,NaN,0.53,0.20,-1.01,NaN,-0.54 
2025-04-14 16,0.60,NaN,0.52,0.20,-0.89,NaN,-0.55 
2025-04-14 17,0.59,NaN,0.52,0.20,0.10,NaN,-0.55 
2025-04-14 18,0.60,NaN,0.52,0.19,0.53,NaN,-0.55 
2025-04-14 19,0.62,NaN,0.51,0.19,0.79,NaN,-0.55 
2025-04-14 20,0.63,NaN,0.51,0.19,0.87,NaN,-0.55 
2025-04-14 21,0.63,NaN,0.51,0.19,0.86,NaN,-0.53 
2025-04-14 22,0.56,NaN,0.51,0.19,0.59,NaN,NaN 
2025-04-14 23,0.56,NaN,0.51,0.19,0.21,NaN,-0.49 
2025-04-15 00,0.58,NaN,0.51,0.19,-0.15,NaN,-0.51 
2025-04-15 01,0.60,NaN,0.50,0.18,-0.42,NaN,-0.53 
2025-04-15 02,0.61,NaN,0.50,0.18,-0.69,NaN,-0.55 
2025-04-15 03,0.61,NaN,0.50,0.18,-0.72,NaN,-0.55 
2025-04-15 04,0.62,NaN,0.50,0.18,-0.51,NaN,NaN 
2025-04-15 05,0.63,NaN,0.50,0.18,0.30,NaN,-0.56 
2025-04-15 06,0.63,NaN,0.50,0.18,0.72,NaN,-0.56 
2025-04-15 07,0.63,NaN,0.50,0.18,0.89,NaN,-0.56 
2025-04-15 08,0.64,NaN,0.50,0.17,0.93,NaN,NaN 
2025-04-15 09,0.63,NaN,0.50,0.17,0.88,NaN,-0.50 
2025-04-15 10,0.63,NaN,0.50,0.17,0.58,NaN,NaN 
2025-04-15 11,0.62,NaN,0.49,0.17,0.19,NaN,-0.48 
2025-04-15 12,0.60,NaN,0.49,0.17,-0.17,NaN,-0.51 
2025-04-15 13,0.59,NaN,0.49,0.17,-0.46,NaN,-0.54 
2025-04-15 14,0.57,NaN,0.49,0.17,-0.77,NaN,-0.55 
2025-04-15 15,0.56,NaN,0.49,0.17,-0.99,NaN,-0.56 
2025-04-15 16,0.56,NaN,0.49,0.17,-0.92,NaN,-0.56 
2025-04-15 17,0.56,NaN,0.49,0.16,-0.08,NaN,-0.56 
2025-04-15 18,0.57,NaN,0.48,0.16,0.37,NaN,-0.57 
2025-04-15 19,0.58,NaN,0.48,0.16,0.68,NaN,NaN 
2025-04-15 20,0.60,NaN,0.48,0.16,0.81,NaN,-0.56 
2025-04-15 21,0.60,NaN,0.47,0.16,0.86,NaN,-0.55 
2025-04-15 22,0.61,NaN,0.47,0.15,0.70,NaN,-0.52 
2025-04-15 23,0.61,NaN,0.47,0.15,0.37,NaN,NaN 
2025-04-16 00,0.61,NaN,0.47,0.15,-0.01,NaN,-0.51 
2025-04-16 01,0.61,NaN,0.47,0.15,-0.29,NaN,-0.54 
2025-04-16 02,0.61,NaN,0.47,0.15,-0.57,NaN,-0.55 
2025-04-16 03,0.61,NaN,0.47,0.15,-0.69,NaN,-0.56 
2025-04-16 04,0.62,NaN,0.47,0.15,-0.61,NaN,NaN 
2025-04-16 05,0.63,NaN,0.47,0.15,0.15,NaN,NaN 
2025-04-16 06,0.64,NaN,0.46,0.15,0.61,NaN,-0.57 
2025-04-16 07,0.61,NaN,0.46,0.14,0.83,NaN,-0.57 
2025-04-16 08,0.53,NaN,0.46,0.14,0.89,NaN,NaN 
2025-04-16 09,0.54,NaN,0.46,0.14,0.90,NaN,NaN 
2025-04-16 10,0.56,NaN,0.46,0.14,0.71,NaN,NaN 
2025-04-16 11,0.59,NaN,0.47,0.14,0.35,NaN,-0.49 
2025-04-16 12,0.60,NaN,0.47,0.14,-0.04,NaN,NaN 
2025-04-16 13,0.59,NaN,0.46,0.14,-0.34,NaN,-0.54 
2025-04-16 14,0.58,NaN,0.46,0.14,-0.66,NaN,-0.56 
2025-04-16 15,0.57,NaN,0.47,0.13,-0.91,NaN,NaN 
2025-04-16 16,0.57,NaN,0.46,0.13,-0.98,NaN,-0.58 
2025-04-16 17,0.56,NaN,0.46,0.13,-0.85,NaN,-0.58 
2025-04-16 18,0.57,NaN,0.46,0.13,0.08,NaN,-0.59 
2025-04-16 19,0.58,NaN,0.45,0.13,0.42,NaN,NaN 
2025-04-16 20,0.59,NaN,0.45,0.12,0.64,NaN,-0.59 
2025-04-16 21,0.59,NaN,0.45,0.12,0.71,NaN,-0.59 
2025-04-16 22,0.59,NaN,0.45,0.12,0.65,NaN,-0.58 
2025-04-16 23,0.59,NaN,0.44,0.12,0.39,NaN,-0.56 
2025-04-17 00,0.59,NaN,0.44,0.12,0.07,NaN,-0.56 
2025-04-17 01,0.59,NaN,0.44,0.11,-0.23,NaN,-0.56 
2025-04-17 02,0.59,NaN,0.44,0.11,-0.53,NaN,-0.57 
2025-04-17 03,0.59,NaN,0.44,0.11,-0.66,NaN,-0.58 
2025-04-17 04,0.59,NaN,0.44,0.11,-0.60,NaN,-0.58 
2025-04-17 05,0.60,NaN,0.44,0.11,-0.06,NaN,NaN 
2025-04-17 06,0.61,NaN,0.44,0.11,0.39,NaN,-0.58 
2025-04-17 07,0.63,NaN,0.44,0.10,0.67,NaN,-0.58 
2025-04-17 08,0.63,NaN,0.44,0.10,0.81,NaN,-0.58 
2025-04-17 09,0.60,NaN,0.44,0.10,0.87,NaN,-0.58 
2025-04-17 10,0.52,NaN,0.44,0.10,0.75,NaN,-0.54 
2025-04-17 11,0.54,NaN,0.44,0.10,0.41,NaN,-0.51 
2025-04-17 12,0.56,NaN,0.44,0.10,0.03,NaN,-0.53 
2025-04-17 13,NaN,NaN,NaN,NaN,NaN,NaN,NaN 
2025-04-17 14,0.55,NaN,0.44,0.10,-0.61,NaN,-0.57 
2025-04-17 15,0.55,NaN,0.43,0.09,-0.86,NaN,-0.58 
2025-04-17 16,0.55,NaN,0.43,0.09,-0.99,NaN,NaN 
2025-04-17 17,0.55,NaN,0.43,0.09,-0.89,NaN,-0.58 
2025-04-17 18,0.55,NaN,0.43,0.09,-0.15,NaN,-0.59 
2025-04-17 19,0.56,NaN,0.43,0.09,0.22,NaN,-0.59 
2025-04-17 20,0.56,NaN,0.42,0.08,0.51,NaN,-0.59 
2025-04-17 21,0.57,NaN,0.42,0.08,0.61,NaN,-0.59 
2025-04-17 22,0.58,NaN,0.42,0.08,0.56,NaN,-0.59 
2025-04-17 23,0.57,NaN,0.42,0.08,0.40,NaN,-0.58 
2025-04-18 00,0.58,NaN,0.41,0.08,0.18,NaN,-0.58 
2025-04-18 01,0.57,NaN,0.41,0.08,-0.12,NaN,NaN 
2025-04-18 02,0.57,NaN,0.41,0.07,-0.35,NaN,-0.58 
2025-04-18 03,0.57,NaN,0.41,0.07,-0.56,NaN,NaN 
2025-04-18 04,0.58,NaN,0.41,0.07,-0.56,NaN,NaN 
2025-04-18 05,0.59,NaN,0.41,0.07,-0.50,NaN,-0.59 
2025-04-18 06,0.60,NaN,0.41,0.07,0.21,NaN,NaN 
2025-04-18 07,NaN,NaN,NaN,NaN,NaN,NaN,NaN 
2025-04-18 08,0.52,NaN,0.40,0.07,0.70,NaN,NaN 
2025-04-18 09,0.55,NaN,0.41,0.06,0.77,NaN,NaN 
2025-04-18 10,0.56,NaN,0.41,0.06,0.75,NaN,-0.58 
2025-04-18 11,0.58,NaN,0.41,0.06,0.50,NaN,-0.56 
2025-04-18 12,0.58,NaN,0.41,0.06,0.15,NaN,-0.56 
2025-04-18 13,0.56,NaN,0.41,0.06,-0.18,NaN,-0.57 
2025-04-18 14,0.55,NaN,0.41,0.06,-0.49,NaN,-0.58 
2025-04-18 15,0.54,NaN,0.40,0.06,-0.79,NaN,-0.59 
2025-04-18 16,0.53,NaN,0.40,0.06,-0.92,NaN,-0.59 
2025-04-18 17,0.53,NaN,0.40,0.06,-0.85,NaN,NaN 
2025-04-18 18,0.53,NaN,0.40,0.06,-0.76,NaN,-0.60 
2025-04-18 19,0.53,NaN,0.40,0.05,0.00,NaN,-0.60 
2025-04-18 20,0.54,NaN,0.39,0.05,0.29,NaN,-0.60 
2025-04-18 21,0.55,NaN,0.39,0.05,0.44,NaN,-0.60 
2025-04-18 22,0.56,NaN,0.39,0.05,0.44,NaN,-0.60 
2025-04-18 23,0.56,NaN,0.39,0.05,0.36,NaN,-0.60 
2025-04-19 00,0.55,NaN,0.38,0.05,0.19,NaN,-0.59 
2025-04-19 01,0.55,NaN,0.38,0.05,-0.03,NaN,-0.59 
2025-04-19 02,0.55,NaN,0.38,0.05,-0.20,NaN,-0.59 
2025-04-19 03,0.55,NaN,0.38,0.04,-0.38,NaN,-0.59 
2025-04-19 04,0.56,NaN,0.38,0.04,-0.52,NaN,-0.60 
2025-04-19 05,0.56,NaN,0.38,0.04,-0.47,NaN,-0.60 
2025-04-19 06,0.58,NaN,0.38,0.04,0.05,NaN,-0.60 
2025-04-19 07,0.55,NaN,0.38,0.04,0.33,NaN,-0.60 
2025-04-19 08,0.48,NaN,0.38,0.04,0.55,NaN,-0.60 
2025-04-19 09,0.50,NaN,0.38,0.04,0.66,NaN,-0.60 
2025-04-19 10,0.51,NaN,0.38,0.04,0.66,NaN,-0.60 
2025-04-19 11,0.52,NaN,0.38,0.03,0.53,NaN,NaN 
2025-04-19 12,0.52,NaN,0.37,0.03,0.29,NaN,NaN 
2025-04-19 13,0.51,NaN,0.37,0.03,-0.04,NaN,-0.59 
2025-04-19 14,0.50,NaN,0.38,0.03,-0.30,NaN,-0.60 
2025-04-19 15,0.49,NaN,0.38,0.03,-0.55,NaN,-0.60 
2025-04-19 16,0.48,NaN,0.37,0.03,-0.73,NaN,-0.60 
2025-04-19 17,0.48,NaN,0.37,0.03,-0.71,NaN,-0.60 
2025-04-19 18,0.49,NaN,0.37,0.02,-0.67,NaN,-0.61 
2025-04-19 19,0.50,NaN,0.36,0.02,-0.60,NaN,-0.61 
2025-04-19 20,0.51,NaN,0.36,0.02,0.08,NaN,-0.61 
2025-04-19 21,0.52,NaN,0.36,0.02,0.25,NaN,-0.61 
2025-04-19 22,0.53,NaN,0.36,0.02,0.31,NaN,-0.61 
2025-04-19 23,0.53,NaN,0.35,0.02,0.34,NaN,-0.61 
2025-04-20 00,0.52,NaN,0.35,0.01,0.31,NaN,-0.61 
2025-04-20 01,0.52,NaN,0.35,0.01,0.17,NaN,NaN 
2025-04-20 02,0.52,NaN,0.35,0.01,-0.05,NaN,NaN 
2025-04-20 03,0.52,NaN,0.34,0.01,-0.21,NaN,-0.61 
2025-04-20 04,0.53,NaN,0.34,0.01,-0.31,NaN,NaN 
2025-04-20 05,0.54,NaN,0.34,0.01,-0.30,NaN,NaN 
2025-04-20 06,0.55,NaN,0.34,0.01,-0.08,NaN,NaN 
2025-04-20 07,0.52,NaN,0.34,0.01,0.14,NaN,-0.61 
2025-04-20 08,0.48,NaN,0.34,0.00,0.30,NaN,NaN 
2025-04-20 09,0.48,NaN,0.34,0.00,0.46,NaN,-0.62 
2025-04-20 10,0.50,NaN,0.34,0.00,0.56,NaN,NaN 
2025-04-20 11,0.50,NaN,0.34,0.00,0.55,NaN,NaN 
2025-04-20 12,0.50,NaN,0.34,0.00,0.44,NaN,-0.61 
2025-04-20 13,0.49,NaN,0.34,0.00,0.21,NaN,-0.61 
2025-04-20 14,0.48,NaN,0.34,0.00,-0.07,NaN,-0.61 
2025-04-20 15,0.48,NaN,0.34,-0.01,-0.25,NaN,-0.61 
2025-04-20 16,0.48,NaN,0.34,-0.01,-0.52,NaN,-0.61 
2025-04-20 17,0.48,NaN,0.34,-0.01,-0.61,NaN,-0.62 
2025-04-20 18,0.49,NaN,0.33,-0.01,-0.58,NaN,-0.62 
2025-04-20 19,0.50,NaN,0.33,-0.01,-0.56,NaN,-0.62 
2025-04-20 20,0.52,NaN,0.32,-0.01,-0.51,NaN,-0.62 
2025-04-20 21,0.53,NaN,0.32,-0.01,-0.07,NaN,-0.62 
2025-04-20 22,0.53,NaN,0.32,-0.01,0.08,NaN,-0.62 
2025-04-20 23,0.53,NaN,0.32,-0.02,0.24,NaN,-0.62 
2025-04-21 00,0.53,NaN,0.31,-0.02,0.29,NaN,-0.62 
2025-04-21 01,0.52,NaN,0.31,-0.02,0.25,NaN,-0.62 
2025-04-21 02,0.52,NaN,0.31,-0.02,0.18,NaN,-0.62 
2025-04-21 03,0.52,NaN,0.31,-0.02,-0.01,NaN,-0.62 
2025-04-21 04,0.52,NaN,0.31,-0.02,-0.19,NaN,-0.62 
2025-04-21 05,0.53,NaN,0.31,-0.02,-0.22,NaN,NaN 
2025-04-21 06,0.54,NaN,0.31,-0.02,-0.12,NaN,NaN 
2025-04-21 07,0.51,NaN,0.31,-0.02,0.01,NaN,-0.62 
2025-04-21 08,0.46,NaN,0.31,-0.03,0.07,NaN,-0.63 
2025-04-21 09,0.47,NaN,0.31,-0.03,0.16,NaN,-0.63 
2025-04-21 10,0.48,NaN,0.31,-0.03,0.29,NaN,-0.63 
2025-04-21 11,0.49,NaN,0.31,-0.03,0.42,NaN,NaN 
2025-04-21 12,0.48,NaN,0.31,-0.03,0.51,NaN,NaN 
2025-04-21 13,0.47,NaN,0.31,-0.03,0.45,NaN,NaN 
2025-04-21 14,0.46,NaN,0.31,-0.03,0.21,NaN,-0.62 
2025-04-21 15,0.45,NaN,0.31,-0.03,-0.07,NaN,-0.62 
2025-04-21 16,0.45,NaN,0.30,-0.03,-0.22,NaN,-0.62 
2025-04-21 17,0.45,NaN,0.30,-0.04,-0.26,NaN,-0.63 
2025-04-21 18,0.46,NaN,0.30,-0.04,-0.35,NaN,-0.63 
2025-04-21 19,0.47,NaN,0.30,-0.04,-0.54,NaN,-0.62 
2025-04-21 20,0.48,NaN,0.29,-0.04,-0.57,NaN,-0.63 
2025-04-21 21,0.50,NaN,0.29,-0.04,-0.53,NaN,-0.63 
2025-04-21 22,0.50,NaN,0.29,-0.04,-0.48,NaN,-0.63 
2025-04-21 23,0.50,NaN,0.29,-0.04,0.02,NaN,-0.63 
2025-04-22 00,0.50,NaN,0.29,-0.05,0.19,NaN,-0.63 
2025-04-22 01,0.50,NaN,0.28,-0.05,0.28,NaN,-0.63 
2025-04-22 02,0.50,NaN,0.28,-0.05,0.35,NaN,-0.63 
2025-04-22 03,0.50,NaN,0.28,-0.05,0.27,NaN,-0.63 
2025-04-22 04,0.51,NaN,0.28,-0.05,0.07,NaN,-0.63 
2025-04-22 05,0.52,NaN,0.28,-0.05,-0.04,NaN,-0.63 
2025-04-22 06,0.50,NaN,0.28,-0.05,-0.09,NaN,-0.63 
2025-04-22 07,0.44,NaN,0.28,-0.05,-0.20,NaN,-0.63 
2025-04-22 08,0.47,NaN,0.28,-0.05,-0.26,NaN,-0.63 
2025-04-22 09,0.49,NaN,0.28,-0.05,-0.25,NaN,-0.63 
2025-04-22 10,0.50,NaN,0.28,-0.06,-0.06,NaN,-0.63 
2025-04-22 11,0.50,NaN,0.28,-0.06,0.18,NaN,-0.64 
2025-04-22 12,0.48,NaN,0.28,-0.06,0.39,NaN,NaN 
2025-04-22 13,0.47,NaN,0.28,-0.06,0.51,NaN,NaN 
2025-04-22 14,0.45,NaN,0.28,-0.06,0.44,NaN,-0.64 
2025-04-22 15,0.45,NaN,0.28,-0.06,0.27,NaN,-0.64 
2025-04-22 16,0.44,NaN,0.28,-0.06,0.12,NaN,-0.63 
2025-04-22 17,0.45,NaN,0.27,-0.06,-0.05,NaN,NaN 
2025-04-22 18,0.46,NaN,0.27,-0.07,-0.23,NaN,NaN 
2025-04-22 19,0.47,NaN,0.27,-0.07,-0.44,NaN,-0.64 
2025-04-22 20,0.47,NaN,0.27,-0.07,-0.60,NaN,-0.64 
2025-04-22 21,0.47,NaN,0.26,-0.07,-0.65,NaN,-0.64 
2025-04-22 22,0.48,NaN,0.26,-0.07,-0.62,NaN,-0.64 
2025-04-22 23,0.48,NaN,0.26,-0.07,-0.57,NaN,-0.64 
2025-04-23 00,0.48,NaN,0.26,-0.07,-0.08,NaN,-0.64 
2025-04-23 01,0.47,NaN,0.25,-0.08,0.24,NaN,NaN 
2025-04-23 02,0.47,NaN,0.25,-0.08,0.44,NaN,-0.64 
2025-04-23 03,0.47,NaN,0.25,-0.08,0.51,NaN,-0.64 
2025-04-23 04,0.40,NaN,0.25,-0.08,0.42,NaN,NaN 
2025-04-23 05,0.43,NaN,0.25,-0.08,0.25,NaN,NaN 
2025-04-23 06,0.46,NaN,0.25,-0.08,0.08,NaN,NaN 
2025-04-23 07,0.47,NaN,0.25,-0.08,-0.12,NaN,-0.64 
2025-04-23 08,0.48,NaN,0.25,-0.08,-0.32,NaN,NaN 
2025-04-23 09,0.49,NaN,0.25,-0.08,-0.49,NaN,NaN 
2025-04-23 10,0.48,NaN,0.25,-0.08,-0.55,NaN,NaN 
2025-04-23 11,0.47,NaN,0.25,-0.08,-0.50,NaN,NaN 
2025-04-23 12,0.46,NaN,0.25,-0.08,0.14,NaN,NaN 
2025-04-23 13,0.45,NaN,0.25,-0.09,0.45,NaN,NaN 
2025-04-23 14,0.44,NaN,0.25,-0.09,0.54,NaN,NaN 
2025-04-23 15,0.43,NaN,0.25,-0.09,0.54,NaN,NaN 
2025-04-23 16,0.43,NaN,0.25,-0.09,0.50,NaN,-0.64 
2025-04-23 17,0.43,NaN,0.25,-0.09,0.34,NaN,NaN 
2025-04-23 18,0.44,NaN,0.24,-0.09,0.11,NaN,NaN 
2025-04-23 19,NaN,NaN,NaN,NaN,NaN,NaN,NaN 
2025-04-23 20,0.46,NaN,0.24,-0.10,-0.47,NaN,NaN 
2025-04-23 21,0.47,NaN,0.24,-0.10,-0.75,NaN,NaN 
2025-04-23 22,0.47,NaN,0.24,-0.10,-0.87,NaN,NaN 
2025-04-23 23,0.47,NaN,0.23,-0.10,-0.84,NaN,-0.64 
2025-04-24 00,0.45,NaN,0.23,-0.10,-0.76,NaN,-0.64 
2025-04-24 01,0.40,NaN,0.23,-0.10,0.00,NaN,NaN 
2025-04-24 02,0.41,NaN,0.23,-0.10,0.31,NaN,-0.64 
2025-04-24 03,0.43,NaN,0.23,-0.10,0.58,NaN,-0.64 
2025-04-24 04,0.44,NaN,0.22,-0.10,0.68,NaN,-0.64 
2025-04-24 05,0.45,NaN,0.22,-0.10,0.66,NaN,-0.64 
2025-04-24 06,0.47,NaN,0.22,-0.11,0.46,NaN,-0.63 
2025-04-24 07,0.47,NaN,0.22,-0.11,0.07,NaN,-0.63 
2025-04-24 08,0.49,NaN,0.23,-0.11,-0.23,NaN,NaN 
2025-04-24 09,0.48,NaN,0.23,-0.11,-0.48,NaN,NaN 
2025-04-24 10,0.48,NaN,0.23,-0.11,-0.71,NaN,-0.64 
2025-04-24 11,0.47,NaN,0.23,-0.11,-0.78,NaN,NaN 
2025-04-24 12,0.45,NaN,0.23,-0.11,-0.71,NaN,-0.65 
2025-04-24 13,0.44,NaN,0.23,-0.11,0.04,NaN,-0.65 
2025-04-24 14,0.43,NaN,0.24,-0.11,0.44,NaN,-0.65 
2025-04-24 15,0.43,NaN,0.23,-0.11,0.71,NaN,-0.65 
2025-04-24 16,0.43,NaN,0.23,-0.11,0.78,NaN,NaN 
2025-04-24 17,0.43,NaN,0.23,-0.12,0.76,NaN,NaN 
2025-04-24 18,0.43,NaN,0.23,-0.12,0.55,NaN,-0.61 
2025-04-24 19,0.45,NaN,0.22,-0.12,0.19,NaN,-0.60 
2025-04-24 20,0.46,NaN,0.22,-0.12,-0.12,NaN,-0.61 
2025-04-24 21,0.47,NaN,0.22,-0.12,-0.41,NaN,-0.63 
2025-04-24 22,0.41,NaN,0.22,-0.12,-0.73,NaN,-0.64 
2025-04-24 23,0.41,NaN,0.21,-0.12,-0.95,NaN,-0.65 
2025-04-25 00,0.43,NaN,0.21,-0.12,-0.90,NaN,-0.65 
2025-04-25 01,0.44,NaN,0.21,-0.12,-0.81,NaN,-0.65 
2025-04-25 02,0.44,NaN,0.21,-0.13,0.17,NaN,-0.65 
2025-04-25 03,0.44,NaN,0.20,-0.13,0.55,NaN,-0.65 
2025-04-25 04,0.45,NaN,0.20,-0.13,0.74,NaN,-0.65 
2025-04-25 05,0.46,NaN,0.20,-0.13,0.84,NaN,NaN 
2025-04-25 06,0.47,NaN,0.20,-0.13,0.80,NaN,-0.64 
2025-04-25 07,0.47,NaN,0.21,-0.13,0.52,NaN,-0.59 
2025-04-25 08,0.48,NaN,0.21,-0.13,0.12,NaN,-0.59 
2025-04-25 09,0.48,NaN,0.21,-0.13,-0.22,NaN,-0.62 
2025-04-25 10,0.47,NaN,0.21,-0.13,-0.55,NaN,NaN 
2025-04-25 11,0.47,NaN,0.21,-0.13,-0.85,NaN,-0.64 
2025-04-25 12,0.46,NaN,0.22,-0.14,-0.93,NaN,-0.65 
2025-04-25 13,0.44,NaN,0.22,-0.14,-0.84,NaN,-0.65 
2025-04-25 14,0.43,NaN,0.21,-0.14,0.08,NaN,-0.66 
2025-04-25 15,0.42,NaN,0.21,-0.14,0.53,NaN,-0.66 
2025-04-25 16,0.42,NaN,0.21,-0.14,0.80,NaN,-0.66 
2025-04-25 17,0.42,NaN,0.21,-0.14,0.90,NaN,-0.66 
2025-04-25 18,0.43,NaN,0.21,-0.14,0.91,NaN,-0.64 
2025-04-25 19,0.46,NaN,0.20,-0.15,0.71,NaN,-0.55 
2025-04-25 20,0.48,NaN,0.20,-0.15,0.34,NaN,-0.55 
2025-04-25 21,0.50,NaN,0.20,-0.15,-0.02,NaN,-0.59 
2025-04-25 22,0.46,NaN,0.20,-0.15,-0.33,NaN,-0.62 
2025-04-25 23,0.40,NaN,0.20,-0.15,-0.66,NaN,-0.64 
2025-04-26 00,0.39,NaN,0.20,-0.15,-0.90,NaN,-0.65 
2025-04-26 01,0.40,NaN,0.19,-0.15,-0.85,NaN,-0.65 
2025-04-26 02,0.40,NaN,0.19,-0.15,-0.14,NaN,-0.66 
2025-04-26 03,0.41,NaN,0.19,-0.15,0.35,NaN,-0.66 
2025-04-26 04,0.41,NaN,0.19,-0.15,0.71,NaN,-0.66 
2025-04-26 05,0.42,NaN,0.19,-0.16,0.89,NaN,NaN 
2025-04-26 06,0.43,NaN,0.19,-0.16,0.97,NaN,-0.66 
2025-04-26 07,0.43,NaN,0.19,-0.16,0.91,NaN,-0.58 
2025-04-26 08,0.45,NaN,0.19,-0.16,0.56,NaN,-0.49 
2025-04-26 09,0.47,NaN,0.19,-0.16,0.17,NaN,-0.54 
2025-04-26 10,0.49,NaN,0.19,-0.16,-0.20,NaN,-0.59 
2025-04-26 11,0.51,NaN,0.19,-0.16,-0.52,NaN,NaN 
2025-04-26 12,0.52,NaN,0.19,-0.16,-0.82,NaN,-0.64 
2025-04-26 13,0.53,NaN,0.20,-0.16,-0.95,NaN,-0.65 
2025-04-26 14,0.59,NaN,0.20,-0.16,-0.86,NaN,-0.66 
2025-04-26 15,0.64,NaN,0.20,-0.16,0.13,NaN,-0.66 
2025-04-26 16,0.62,NaN,0.19,-0.16,0.60,NaN,-0.66 
2025-04-26 17,0.58,NaN,0.20,-0.17,0.87,NaN,-0.66 
2025-04-26 18,0.58,NaN,0.20,-0.17,0.95,NaN,-0.66 
2025-04-26 19,0.62,NaN,0.20,-0.17,0.98,NaN,-0.63 
2025-04-26 20,0.63,NaN,0.20,-0.17,0.75,NaN,-0.49 
2025-04-26 21,0.64,NaN,0.19,-0.17,0.35,NaN,-0.49 
2025-04-26 22,0.64,NaN,0.19,-0.17,0.00,NaN,-0.55 
2025-04-26 23,0.64,NaN,0.19,-0.17,-0.32,NaN,-0.60 
2025-04-27 00,0.63,NaN,0.19,-0.17,-0.63,NaN,-0.62 
2025-04-27 01,0.63,NaN,0.18,-0.17,-0.85,NaN,-0.62 
2025-04-27 02,0.62,NaN,0.18,-0.17,-0.79,NaN,-0.61 
2025-04-27 03,0.62,NaN,0.18,-0.17,0.07,NaN,-0.60 
2025-04-27 04,0.63,NaN,0.18,-0.17,0.59,NaN,NaN 
2025-04-27 05,0.63,NaN,0.18,-0.18,0.86,NaN,-0.57 
2025-04-27 06,0.65,NaN,0.18,-0.18,0.98,NaN,-0.54 
2025-04-27 07,0.61,NaN,0.18,-0.18,1.03,NaN,-0.46 
2025-04-27 08,0.57,NaN,0.18,-0.18,0.86,NaN,-0.31 
2025-04-27 09,0.60,NaN,0.18,-0.18,0.48,NaN,-0.25 
2025-04-27 10,0.63,NaN,0.18,-0.18,0.11,NaN,-0.26 
2025-04-27 11,0.65,NaN,0.18,-0.18,-0.22,NaN,-0.28 
2025-04-27 12,0.64,NaN,0.18,-0.17,-0.56,NaN,-0.29 
2025-04-27 13,0.63,NaN,0.19,-0.17,-0.85,NaN,-0.30 
2025-04-27 14,0.63,NaN,0.19,-0.18,-0.99,NaN,NaN 
2025-04-27 15,0.62,NaN,0.19,-0.18,-0.88,NaN,-0.28 
2025-04-27 16,0.62,NaN,0.19,-0.18,0.20,NaN,-0.26 
2025-04-27 17,0.63,NaN,0.19,-0.18,0.71,NaN,-0.23 
2025-04-27 18,0.66,NaN,0.22,-0.18,0.91,NaN,-0.19 
2025-04-27 19,0.69,NaN,0.21,-0.18,0.99,NaN,-0.12 
2025-04-27 20,0.71,NaN,0.21,-0.18,0.98,NaN,0.03 
2025-04-27 21,0.67,NaN,0.21,-0.18,0.68,NaN,0.18 
2025-04-27 22,0.66,NaN,0.20,-0.18,0.30,NaN,0.28 
2025-04-27 23,0.69,NaN,0.20,-0.18,-0.04,NaN,0.33 
2025-04-28 00,0.71,NaN,0.20,-0.18,-0.34,NaN,0.33 
2025-04-28 01,0.70,NaN,0.19,-0.18,-0.65,NaN,0.31 
2025-04-28 02,0.69,NaN,0.19,-0.18,-0.79,NaN,0.26 
2025-04-28 03,0.68,NaN,0.18,-0.18,-0.69,NaN,0.21 
2025-04-28 04,0.69,NaN,0.18,-0.18,0.34,NaN,0.17 
2025-04-28 05,0.69,NaN,0.18,-0.18,0.76,NaN,NaN 
2025-04-28 06,0.69,NaN,0.18,-0.18,0.94,NaN,0.10 
2025-04-28 07,0.70,NaN,0.18,-0.18,1.02,NaN,0.09 
2025-04-28 08,0.71,NaN,0.18,-0.18,1.03,NaN,0.09 
2025-04-28 09,0.71,NaN,0.18,-0.18,0.73,NaN,NaN 
2025-04-28 10,0.69,NaN,0.18,-0.18,0.37,NaN,0.01 
2025-04-28 11,0.69,NaN,0.18,-0.18,0.00,NaN,-0.05 
2025-04-28 12,0.68,NaN,0.18,-0.18,-0.32,NaN,-0.12 
2025-04-28 13,0.69,NaN,0.19,-0.18,-0.65,NaN,-0.17 
2025-04-28 14,0.69,NaN,0.19,-0.18,-0.92,NaN,-0.22 
2025-04-28 15,0.69,NaN,0.19,-0.18,-1.04,NaN,-0.26 
2025-04-28 16,0.61,NaN,0.19,-0.18,-0.93,NaN,-0.29 
2025-04-28 17,0.58,NaN,0.18,-0.18,0.27,NaN,-0.32 
2025-04-28 18,0.59,NaN,0.18,-0.18,0.73,NaN,NaN 
2025-04-28 19,0.59,NaN,0.18,-0.18,0.90,NaN,-0.37 
2025-04-28 20,0.57,NaN,0.18,-0.18,0.97,NaN,-0.36 
2025-04-28 21,0.56,NaN,0.18,-0.18,0.89,NaN,-0.30 
2025-04-28 22,0.56,NaN,0.18,-0.18,0.56,NaN,-0.29 
2025-04-28 23,0.56,NaN,0.18,-0.18,0.21,NaN,-0.33 
2025-04-29 00,0.55,NaN,0.18,-0.18,-0.14,NaN,-0.37 
2025-04-29 01,0.54,NaN,0.17,-0.18,-0.43,NaN,-0.41 
2025-04-29 02,0.53,NaN,0.17,-0.18,-0.70,NaN,NaN 
2025-04-29 03,0.53,NaN,0.17,-0.18,-0.69,NaN,-0.45 
2025-04-29 04,0.54,NaN,0.17,-0.18,0.07,NaN,NaN 
2025-04-29 05,0.54,NaN,0.17,-0.18,0.59,NaN,-0.47 
2025-04-29 06,0.55,NaN,0.17,-0.18,0.87,NaN,-0.48 
2025-04-29 07,0.54,NaN,0.17,-0.18,0.98,NaN,-0.49 
2025-04-29 08,0.49,NaN,0.17,-0.18,1.04,NaN,-0.43 
2025-04-29 09,0.49,NaN,0.17,-0.17,0.98,NaN,-0.33 
2025-04-29 10,0.50,NaN,0.17,-0.17,0.65,NaN,NaN 
2025-04-29 11,0.51,NaN,0.17,-0.17,0.28,NaN,NaN 
2025-04-29 12,0.51,NaN,0.18,-0.17,-0.07,NaN,NaN 
2025-04-29 13,0.50,NaN,0.19,-0.17,-0.38,NaN,-0.47 
2025-04-29 14,0.50,NaN,0.19,-0.17,-0.70,NaN,-0.51 
2025-04-29 15,0.49,NaN,0.19,-0.17,-0.97,NaN,-0.52 
2025-04-29 16,0.50,NaN,0.20,-0.17,-0.99,NaN,-0.53 
2025-04-29 17,0.50,NaN,0.21,-0.17,-0.88,NaN,NaN 
2025-04-29 18,0.50,NaN,0.20,-0.17,0.35,NaN,NaN 
2025-04-29 19,0.52,NaN,0.18,-0.17,0.71,NaN,-0.55 
2025-04-29 20,0.53,NaN,0.18,-0.17,0.86,NaN,-0.55 
2025-04-29 21,0.54,NaN,0.17,-0.17,0.91,NaN,-0.54 
2025-04-29 22,0.55,NaN,0.17,-0.17,0.74,NaN,-0.48 
2025-04-29 23,0.55,NaN,0.16,-0.17,0.38,NaN,-0.45 
2025-04-30 00,0.54,NaN,0.16,-0.16,0.02,NaN,-0.49 
2025-04-30 01,0.54,NaN,0.17,-0.16,-0.28,NaN,-0.52 
2025-04-30 02,0.54,NaN,0.16,-0.16,-0.57,NaN,-0.55 
2025-04-30 03,0.52,NaN,0.15,-0.16,-0.69,NaN,NaN 
2025-04-30 04,0.44,NaN,0.15,-0.16,-0.62,NaN,-0.57 
2025-04-30 05,0.45,NaN,0.16,-0.16,0.23,NaN,-0.58 
2025-04-30 06,0.49,NaN,0.15,-0.16,0.70,NaN,-0.58 
2025-04-30 07,0.51,NaN,0.17,-0.16,0.90,NaN,-0.59 
2025-04-30 08,0.52,NaN,0.16,-0.16,0.99,NaN,-0.59 
2025-04-30 09,0.53,NaN,0.17,-0.16,1.02,NaN,NaN 
2025-04-30 10,0.53,NaN,0.16,-0.16,0.84,NaN,-0.41 
2025-04-30 11,0.71,NaN,0.16,-0.16,0.47,NaN,NaN 
2025-04-30 12,0.71,NaN,0.16,-0.16,0.11,NaN,-0.49 
2025-04-30 13,0.65,NaN,0.16,-0.16,-0.21,NaN,-0.54 
2025-04-30 14,0.60,NaN,0.17,-0.16,-0.54,NaN,-0.57 
2025-04-30 15,0.58,NaN,0.17,-0.16,-0.84,NaN,-0.59 
2025-04-30 16,0.56,NaN,0.17,-0.16,-1.05,NaN,-0.60 
2025-04-30 17,0.53,NaN,0.16,-0.16,-1.00,NaN,-0.60 
2025-04-30 18,0.47,NaN,0.16,-0.16,-0.12,NaN,NaN 
2025-04-30 19,0.43,NaN,0.15,-0.16,0.36,NaN,-0.61 
2025-04-30 20,0.45,NaN,0.14,-0.16,0.66,NaN,-0.61 
2025-04-30 21,0.47,NaN,0.14,-0.16,0.80,NaN,-0.61 
2025-04-30 22,0.49,NaN,0.14,-0.17,0.78,NaN,NaN 
2025-04-30 23,0.49,NaN,0.13,-0.17,0.56,NaN,-0.56 
2025-05-01 00,0.50,NaN,0.13,-0.17,0.18,NaN,-0.56 
2025-05-01 01,0.49,NaN,0.13,-0.17,-0.11,NaN,-0.58 
2025-05-01 02,0.49,NaN,0.13,-0.17,-0.50,NaN,NaN 
2025-05-01 03,0.48,NaN,0.13,-0.17,-0.69,NaN,-0.61 
2025-05-01 04,0.49,NaN,0.12,-0.17,-0.42,NaN,-0.61 
2025-05-01 05,0.50,NaN,0.12,-0.17,-0.03,NaN,NaN 
2025-05-01 06,0.50,NaN,0.12,-0.17,0.42,NaN,NaN 
2025-05-01 07,0.50,NaN,0.12,-0.17,0.73,NaN,-0.62 
2025-05-01 08,0.51,NaN,0.12,-0.17,0.88,NaN,NaN 
2025-05-01 09,0.47,NaN,0.12,-0.17,0.95,NaN,NaN 
2025-05-01 10,0.44,NaN,0.12,-0.17,0.92,NaN,NaN 
2025-05-01 11,0.44,NaN,0.12,-0.17,0.63,NaN,NaN 
2025-05-01 12,0.45,NaN,0.12,-0.17,0.26,NaN,NaN 
2025-05-01 13,0.44,NaN,0.12,-0.17,-0.08,NaN,-0.55 
2025-05-01 14,0.43,NaN,0.13,-0.17,-0.42,NaN,-0.58 
2025-05-01 15,0.44,NaN,0.13,-0.17,-0.75,NaN,-0.60 
2025-05-01 16,0.43,NaN,0.13,-0.18,-1.01,NaN,-0.61 
2025-05-01 17,0.43,NaN,0.12,-0.18,-1.01,NaN,-0.61 
2025-05-01 18,0.44,NaN,0.13,-0.18,-0.55,NaN,-0.61 
2025-05-01 19,0.45,NaN,0.13,-0.18,-0.03,NaN,-0.61 
2025-05-01 20,0.46,NaN,0.12,-0.18,0.38,NaN,-0.61 
2025-05-01 21,0.47,NaN,0.12,-0.18,0.59,NaN,-0.62 
2025-05-01 22,0.47,NaN,0.11,-0.18,0.66,NaN,-0.62 
2025-05-01 23,0.47,NaN,0.11,-0.18,0.58,NaN,-0.61 
2025-05-02 00,0.47,NaN,0.11,-0.18,0.30,NaN,-0.60 
2025-05-02 01,0.46,NaN,0.11,-0.18,-0.01,NaN,-0.60 
2025-05-02 02,0.45,NaN,0.11,-0.18,-0.29,NaN,-0.60 
2025-05-02 03,0.45,NaN,0.11,-0.18,-0.53,NaN,-0.61 
2025-05-02 04,0.46,NaN,0.11,-0.19,-0.60,NaN,-0.61 
2025-05-02 05,0.47,NaN,0.11,-0.19,-0.35,NaN,-0.62 
2025-05-02 06,0.48,NaN,0.11,-0.19,0.12,NaN,-0.62 
2025-05-02 07,0.50,NaN,0.11,-0.19,0.48,NaN,-0.63 
2025-05-02 08,0.53,NaN,0.10,-0.19,0.69,NaN,-0.63 
2025-05-02 09,0.47,NaN,0.10,-0.19,0.81,NaN,-0.63 
2025-05-02 10,0.43,NaN,0.10,-0.19,0.83,NaN,NaN 
2025-05-02 11,0.43,NaN,0.10,-0.19,0.70,NaN,-0.55 
2025-05-02 12,0.43,NaN,0.10,-0.19,0.40,NaN,-0.54 
2025-05-02 13,0.43,NaN,0.10,-0.19,0.06,NaN,-0.57 
2025-05-02 14,0.43,NaN,0.10,-0.19,-0.26,NaN,-0.59 
2025-05-02 15,0.44,NaN,0.10,-0.19,-0.59,NaN,NaN 
2025-05-02 16,0.45,NaN,0.10,-0.20,-0.86,NaN,-0.62 
2025-05-02 17,0.45,NaN,0.09,-0.20,-1.04,NaN,-0.63 
2025-05-02 18,0.47,NaN,0.10,-0.20,-0.86,NaN,-0.63 
2025-05-02 19,0.47,NaN,0.09,-0.20,-0.55,NaN,-0.63 
2025-05-02 20,0.48,NaN,0.09,-0.20,-0.05,NaN,-0.63 
2025-05-02 21,0.50,NaN,0.10,-0.20,0.33,NaN,-0.63 
2025-05-02 22,0.50,NaN,0.10,-0.20,0.48,NaN,-0.63 
2025-05-02 23,0.50,NaN,0.09,-0.20,0.56,NaN,-0.63 
2025-05-03 00,0.50,NaN,0.09,-0.20,0.43,NaN,NaN 
2025-05-03 01,0.50,NaN,0.09,-0.20,0.16,NaN,-0.61 
2025-05-03 02,0.50,NaN,0.10,-0.20,-0.13,NaN,NaN 
2025-05-03 03,0.51,NaN,0.10,-0.21,-0.30,NaN,-0.60 
2025-05-03 04,0.53,NaN,0.10,-0.21,-0.46,NaN,NaN 
2025-05-03 05,0.54,NaN,0.09,-0.21,-0.43,NaN,NaN 
2025-05-03 06,0.56,NaN,0.10,-0.21,-0.15,NaN,NaN 
2025-05-03 07,0.53,NaN,0.10,-0.21,0.11,NaN,-0.57 
2025-05-03 08,0.48,NaN,0.10,-0.21,0.37,NaN,-0.56 
2025-05-03 09,0.48,NaN,0.11,-0.21,0.62,NaN,NaN 
2025-05-03 10,0.49,NaN,0.11,-0.21,0.69,NaN,NaN 
2025-05-03 11,0.50,NaN,0.11,-0.21,0.62,NaN,-0.40 
2025-05-03 12,0.50,NaN,0.10,-0.21,0.46,NaN,NaN 
2025-05-03 13,0.50,NaN,0.10,-0.21,0.18,NaN,-0.32 
2025-05-03 14,0.49,NaN,0.10,-0.21,-0.14,NaN,-0.33 
2025-05-03 15,0.48,NaN,0.10,-0.21,-0.42,NaN,NaN 
2025-05-03 16,0.49,NaN,0.10,-0.21,-0.69,NaN,NaN 
2025-05-03 17,0.49,NaN,0.11,-0.21,-0.86,NaN,-0.38 
2025-05-03 18,0.50,NaN,0.11,-0.22,-0.88,NaN,-0.41 
2025-05-03 19,0.51,NaN,0.10,-0.22,-0.72,NaN,-0.43 
2025-05-03 20,0.52,NaN,0.10,-0.22,-0.47,NaN,-0.45 
2025-05-03 21,0.53,NaN,0.10,-0.22,0.07,NaN,-0.46 
2025-05-03 22,0.53,NaN,0.10,-0.22,0.32,NaN,-0.48 
2025-05-03 23,0.55,NaN,0.11,-0.22,0.41,NaN,-0.50 
2025-05-04 00,0.56,NaN,0.10,-0.22,0.42,NaN,-0.51 
2025-05-04 01,0.59,NaN,0.10,-0.22,0.31,NaN,-0.52 
2025-05-04 02,0.64,NaN,0.10,-0.22,0.13,NaN,-0.53 
2025-05-04 03,0.67,NaN,0.11,-0.22,-0.03,NaN,-0.53 
2025-05-04 04,0.67,NaN,0.11,-0.22,-0.20,NaN,-0.54 
2025-05-04 05,0.69,NaN,0.11,-0.22,-0.36,NaN,-0.54 
2025-05-04 06,0.65,NaN,0.12,-0.22,-0.27,NaN,-0.55 
2025-05-04 07,0.58,NaN,0.13,-0.22,-0.14,NaN,-0.55 
2025-05-04 08,0.59,NaN,0.12,-0.22,0.09,NaN,-0.54 
2025-05-04 09,0.60,NaN,0.12,-0.22,0.42,NaN,-0.54 
2025-05-04 10,0.60,NaN,0.12,-0.22,0.52,NaN,-0.53 
2025-05-04 11,0.60,NaN,0.12,-0.22,0.54,NaN,-0.53 
2025-05-04 12,0.60,NaN,0.12,-0.22,0.48,NaN,-0.52 
2025-05-04 13,0.59,NaN,0.12,-0.22,0.26,NaN,-0.49 
2025-05-04 14,0.58,NaN,0.12,-0.22,0.06,NaN,-0.49 
2025-05-04 15,0.59,NaN,0.12,-0.21,-0.07,NaN,-0.49 
2025-05-04 16,0.60,NaN,0.12,-0.21,-0.28,NaN,-0.49 
2025-05-04 17,0.68,NaN,0.14,-0.21,-0.54,NaN,-0.50 
2025-05-04 18,0.87,NaN,0.18,-0.21,-0.76,NaN,-0.51 
2025-05-04 19,0.95,NaN,0.15,-0.21,-0.89,NaN,-0.52 
2025-05-04 20,1.20,NaN,0.15,-0.20,-0.80,NaN,-0.53 
2025-05-04 21,1.50,NaN,0.15,-0.20,-0.50,NaN,-0.54 
2025-05-04 22,1.58,NaN,0.15,-0.20,0.03,NaN,-0.54 
2025-05-04 23,1.53,NaN,0.15,-0.20,0.27,NaN,-0.55 
2025-05-05 00,1.34,NaN,0.15,-0.20,0.33,NaN,-0.55 
2025-05-05 01,1.23,NaN,0.16,-0.19,0.33,NaN,-0.56 
2025-05-05 02,1.13,NaN,0.16,-0.19,0.34,NaN,-0.56 
2025-05-05 03,1.07,NaN,0.16,-0.18,0.27,NaN,-0.56 
2025-05-05 04,1.02,NaN,0.16,-0.18,0.09,NaN,-0.57 
2025-05-05 05,0.99,NaN,0.16,-0.17,-0.15,NaN,-0.57 
2025-05-05 06,0.96,NaN,0.16,-0.15,-0.25,NaN,-0.57 
2025-05-05 07,0.93,NaN,0.16,-0.13,-0.32,NaN,-0.57 
2025-05-05 08,0.91,NaN,0.16,-0.11,-0.37,NaN,-0.57 
2025-05-05 09,0.89,NaN,0.16,-0.09,-0.10,NaN,-0.57 
2025-05-05 10,0.87,NaN,0.16,-0.07,0.20,NaN,-0.56 
2025-05-05 11,0.85,NaN,0.16,-0.05,0.33,NaN,NaN 
2025-05-05 12,0.81,NaN,0.16,-0.03,0.41,NaN,-0.52 
2025-05-05 13,0.79,NaN,0.16,-0.01,0.33,NaN,-0.50 
2025-05-05 14,0.77,NaN,0.16,0.00,0.17,NaN,-0.49 
2025-05-05 15,0.76,NaN,0.16,0.02,0.17,NaN,-0.49 
2025-05-05 16,0.75,NaN,0.16,0.03,0.14,NaN,-0.50 
2025-05-05 17,0.75,NaN,0.16,0.04,-0.10,NaN,-0.51 
2025-05-05 18,0.76,NaN,0.16,0.05,-0.36,NaN,-0.52 
2025-05-05 19,0.76,NaN,0.15,0.05,-0.67,NaN,-0.52 
2025-05-05 20,0.75,NaN,0.15,0.06,-0.88,NaN,-0.53 
2025-05-05 21,0.75,NaN,0.15,0.06,-0.82,NaN,-0.53 
2025-05-05 22,0.74,NaN,0.15,0.07,-0.49,NaN,-0.54 
2025-05-05 23,0.73,NaN,0.14,0.07,0.06,NaN,-0.54 
2025-05-06 00,0.73,NaN,0.14,0.08,0.27,NaN,-0.55 
2025-05-06 01,0.73,NaN,0.14,0.08,0.37,NaN,-0.56 
2025-05-06 02,0.72,NaN,0.14,0.08,0.38,NaN,-0.56 
2025-05-06 03,0.71,NaN,0.14,0.08,0.43,NaN,-0.56 
2025-05-06 04,0.70,NaN,0.13,0.08,0.45,NaN,-0.57 
2025-05-06 05,0.70,NaN,0.13,0.09,0.19,NaN,-0.57 
2025-05-06 06,0.71,NaN,0.13,0.08,-0.09,NaN,-0.57 
2025-05-06 07,0.71,NaN,0.13,0.08,-0.28,NaN,NaN 
2025-05-06 08,0.72,NaN,0.13,0.08,-0.49,NaN,-0.58 
2025-05-06 09,0.71,NaN,0.13,0.08,-0.55,NaN,-0.59 
2025-05-06 10,0.71,NaN,0.13,0.08,-0.35,NaN,-0.59 
2025-05-06 11,0.75,NaN,0.13,0.08,0.02,NaN,-0.59 
2025-05-06 12,0.73,NaN,0.13,0.08,0.22,NaN,-0.59 
2025-05-06 13,0.72,NaN,0.13,0.08,0.33,NaN,-0.59 
2025-05-06 14,0.70,NaN,0.13,0.08,0.29,NaN,-0.57 
2025-05-06 15,0.71,NaN,0.13,0.08,0.29,NaN,-0.57 
2025-05-06 16,0.89,NaN,0.13,0.08,0.36,NaN,-0.57 
2025-05-06 17,1.02,NaN,0.13,0.08,0.28,NaN,-0.58 
2025-05-06 18,1.01,NaN,0.13,0.08,-0.03,NaN,-0.58 
2025-05-06 19,0.97,NaN,0.13,0.07,-0.32,NaN,-0.59 
2025-05-06 20,0.92,NaN,0.13,0.07,-0.65,NaN,-0.59 
2025-05-06 21,0.89,NaN,0.13,0.07,-0.88,NaN,-0.60 
2025-05-06 22,0.86,NaN,0.13,0.07,-0.82,NaN,NaN 
2025-05-06 23,0.83,NaN,0.13,0.07,-0.50,NaN,-0.59 
2025-05-07 00,0.80,NaN,0.13,0.07,0.13,NaN,-0.56 
2025-05-07 01,0.78,NaN,0.13,0.07,0.30,NaN,-0.49 
2025-05-07 02,0.76,NaN,0.13,0.07,0.47,NaN,-0.41 
2025-05-07 03,0.75,NaN,0.12,0.08,0.56,NaN,-0.33 
2025-05-07 04,0.74,NaN,0.12,0.08,0.61,NaN,-0.29 
2025-05-07 05,0.74,NaN,0.12,0.08,0.60,NaN,-0.26 
2025-05-07 06,0.73,NaN,0.12,0.08,0.33,NaN,-0.25 
2025-05-07 07,0.74,NaN,0.12,0.08,-0.04,NaN,-0.26 
2025-05-07 08,0.74,NaN,0.12,0.08,-0.33,NaN,-0.28 
2025-05-07 09,0.74,NaN,0.13,0.08,-0.60,NaN,-0.31 
2025-05-07 10,0.73,NaN,0.13,0.08,-0.65,NaN,-0.33 
2025-05-07 11,0.72,NaN,0.13,0.08,-0.44,NaN,-0.35 
2025-05-07 12,0.71,NaN,0.13,0.08,-0.04,NaN,-0.38 
2025-05-07 13,0.69,NaN,0.13,0.08,0.20,NaN,-0.40 
2025-05-07 14,0.69,NaN,0.12,0.08,0.33,NaN,-0.42 
2025-05-07 15,0.68,NaN,0.12,0.08,0.34,NaN,-0.44 
2025-05-07 16,0.67,NaN,0.12,0.08,0.49,NaN,-0.45 
2025-05-07 17,0.69,NaN,0.12,0.08,0.61,NaN,-0.47 
2025-05-07 18,0.78,NaN,0.12,0.08,0.46,NaN,-0.48 
2025-05-07 19,0.80,NaN,0.12,0.08,0.04,NaN,-0.47 
2025-05-07 20,0.83,NaN,0.12,0.08,-0.26,NaN,NaN 
2025-05-07 21,0.83,NaN,0.11,0.08,-0.61,NaN,-0.46 
2025-05-07 22,0.82,NaN,0.11,0.08,-0.83,NaN,-0.45 
2025-05-07 23,0.80,NaN,0.11,0.08,-0.70,NaN,NaN 
2025-05-08 00,0.79,NaN,0.11,0.08,-0.19,NaN,-0.44 
2025-05-08 01,0.76,NaN,0.11,0.08,0.16,NaN,-0.44 
2025-05-08 02,0.76,NaN,0.10,0.08,0.45,NaN,NaN 
2025-05-08 03,0.75,NaN,0.10,0.08,0.62,NaN,-0.44 
2025-05-08 04,0.76,NaN,0.10,0.08,0.68,NaN,-0.44 
2025-05-08 05,0.78,NaN,0.10,0.08,0.70,NaN,-0.42 
2025-05-08 06,0.79,NaN,0.10,0.09,0.54,NaN,NaN 
2025-05-08 07,0.79,NaN,0.10,0.09,0.21,NaN,NaN 
2025-05-08 08,0.78,NaN,0.10,0.09,-0.15,NaN,NaN 
2025-05-08 09,0.77,NaN,0.10,0.09,-0.44,NaN,-0.28 
2025-05-08 10,0.76,NaN,0.10,0.09,-0.70,NaN,NaN 
2025-05-08 11,0.75,NaN,0.10,0.09,-0.79,NaN,-0.30 
2025-05-08 12,0.73,NaN,0.10,0.09,-0.64,NaN,-0.32 
2025-05-08 13,0.72,NaN,0.10,0.09,-0.09,NaN,-0.33 
2025-05-08 14,0.70,NaN,0.10,0.09,0.27,NaN,-0.35 
2025-05-08 15,0.69,NaN,0.10,0.09,0.44,NaN,-0.37 
2025-05-08 16,0.69,NaN,0.10,0.09,0.56,NaN,-0.39 
2025-05-08 17,0.69,NaN,0.10,0.09,0.62,NaN,-0.40 
2025-05-08 18,0.69,NaN,0.10,0.09,0.56,NaN,-0.41 
2025-05-08 19,0.69,NaN,0.09,0.09,0.36,NaN,-0.42 
2025-05-08 20,0.70,NaN,0.09,0.09,0.02,NaN,-0.43 
2025-05-08 21,0.71,NaN,0.09,0.09,-0.32,NaN,-0.45 
2025-05-08 22,0.71,NaN,0.09,0.09,-0.66,NaN,NaN 
2025-05-08 23,0.71,NaN,0.09,0.09,-0.88,NaN,NaN 
2025-05-09 00,0.69,NaN,0.08,0.09,-0.73,NaN,-0.48 
2025-05-09 01,0.69,NaN,0.08,0.09,-0.13,NaN,-0.49 
2025-05-09 02,0.69,NaN,0.08,0.09,0.31,NaN,NaN 
2025-05-09 03,0.69,NaN,0.08,0.09,0.59,NaN,-0.51 
2025-05-09 04,0.69,NaN,0.08,0.09,0.70,NaN,-0.52 
2025-05-09 05,0.70,NaN,0.08,0.09,0.76,NaN,-0.52 
2025-05-09 06,0.70,NaN,0.08,0.09,0.75,NaN,-0.50 
2025-05-09 07,0.71,NaN,0.08,0.08,0.47,NaN,-0.49 
2025-05-09 08,0.71,NaN,0.07,0.08,0.07,NaN,NaN 
2025-05-09 09,0.70,NaN,0.08,0.08,-0.25,NaN,-0.51 
2025-05-09 10,0.70,NaN,0.07,0.08,-0.57,NaN,-0.53 
2025-05-09 11,0.69,NaN,0.08,0.08,-0.85,NaN,-0.54 
2025-05-09 12,0.68,NaN,0.08,0.08,-0.90,NaN,-0.55 
2025-05-09 13,0.67,NaN,0.09,0.08,-0.72,NaN,-0.55 
2025-05-09 14,0.66,NaN,0.08,0.08,-0.15,NaN,-0.56 
2025-05-09 15,0.65,NaN,0.08,0.08,0.27,NaN,-0.56 
2025-05-09 16,0.64,NaN,0.08,0.08,0.57,NaN,-0.56 
2025-05-09 17,0.65,NaN,0.08,0.07,0.69,NaN,NaN 
2025-05-09 18,0.65,NaN,0.08,0.07,0.66,NaN,-0.56 
2025-05-09 19,0.66,NaN,0.07,0.07,0.46,NaN,-0.55 
2025-05-09 20,0.66,NaN,0.07,0.07,0.20,NaN,-0.54 
2025-05-09 21,0.66,NaN,0.07,0.07,-0.13,NaN,NaN 
2025-05-09 22,0.66,NaN,0.06,0.07,-0.41,NaN,-0.57 
2025-05-09 23,0.66,NaN,0.06,0.06,-0.71,NaN,-0.58 
2025-05-10 00,0.66,NaN,0.06,0.07,-0.87,NaN,NaN 
2025-05-10 01,0.65,NaN,0.06,0.06,-0.79,NaN,-0.59 
2025-05-10 02,0.65,NaN,0.05,0.06,0.03,NaN,-0.59 
2025-05-10 03,0.65,NaN,0.05,0.06,0.47,NaN,-0.59 
2025-05-10 04,0.65,NaN,0.05,0.06,0.74,NaN,-0.59 
2025-05-10 05,0.65,NaN,0.05,0.06,0.82,NaN,-0.60 
2025-05-10 06,0.66,NaN,0.05,0.06,0.78,NaN,-0.58 
2025-05-10 07,0.66,NaN,0.05,0.06,0.57,NaN,-0.54 
2025-05-10 08,0.66,NaN,0.05,0.06,0.24,NaN,NaN 
2025-05-10 09,0.66,NaN,0.05,0.06,-0.07,NaN,NaN 
2025-05-10 10,0.66,NaN,0.05,0.06,-0.43,NaN,NaN 
2025-05-10 11,0.65,NaN,0.05,0.06,-0.75,NaN,-0.60 
2025-05-10 12,0.64,NaN,0.05,0.05,-1.00,NaN,-0.60 
2025-05-10 13,0.63,NaN,0.05,0.05,-1.04,NaN,-0.61 
2025-05-10 14,0.61,NaN,0.05,0.05,-0.85,NaN,-0.61 
2025-05-10 15,0.61,NaN,0.05,0.05,0.00,NaN,-0.61 
2025-05-10 16,0.61,NaN,0.05,0.05,0.41,NaN,-0.61 
2025-05-10 17,0.61,NaN,0.05,0.05,0.65,NaN,-0.61 
2025-05-10 18,0.61,NaN,0.05,0.05,0.71,NaN,-0.61 
2025-05-10 19,0.62,NaN,0.04,0.05,0.65,NaN,-0.60 
2025-05-10 20,0.63,NaN,0.04,0.05,0.40,NaN,-0.58 
2025-05-10 21,0.63,NaN,0.04,0.04,0.11,NaN,-0.59 
2025-05-10 22,0.64,NaN,0.04,0.04,-0.21,NaN,-0.60 
2025-05-10 23,0.64,NaN,0.04,0.04,-0.54,NaN,-0.61 
2025-05-11 00,0.63,NaN,0.04,0.04,-0.79,NaN,NaN 
2025-05-11 01,0.63,NaN,0.03,0.04,-0.86,NaN,-0.61 
2025-05-11 02,0.63,NaN,0.03,0.04,-0.65,NaN,-0.62 
2025-05-11 03,0.63,NaN,0.03,0.04,0.25,NaN,NaN 
2025-05-11 04,0.63,NaN,0.03,0.04,0.61,NaN,-0.62 
2025-05-11 05,0.63,NaN,0.03,0.04,0.80,NaN,NaN 
2025-05-11 06,0.63,NaN,0.03,0.04,0.82,NaN,NaN 
2025-05-11 07,0.63,NaN,0.03,0.03,0.70,NaN,-0.58 
2025-05-11 08,0.64,NaN,0.03,0.03,0.42,NaN,NaN 
2025-05-11 09,0.65,NaN,0.03,0.03,0.07,NaN,-0.57 
2025-05-11 10,0.66,NaN,0.03,0.03,-0.27,NaN,-0.59 
2025-05-11 11,0.65,NaN,0.03,0.03,-0.61,NaN,-0.61 
2025-05-11 12,0.63,NaN,0.03,0.03,-0.91,NaN,-0.62 
2025-05-11 13,0.62,NaN,0.03,0.03,-1.10,NaN,-0.62 
2025-05-11 14,0.58,NaN,0.03,0.03,-1.03,NaN,-0.62 
2025-05-11 15,0.51,NaN,0.03,0.03,-0.77,NaN,-0.62 
2025-05-11 16,0.47,NaN,0.03,0.03,0.17,NaN,-0.62 
2025-05-11 17,0.48,NaN,0.03,0.03,0.55,NaN,NaN 
2025-05-11 18,0.50,NaN,0.03,0.02,0.72,NaN,-0.63 
2025-05-11 19,0.52,NaN,0.03,0.02,0.75,NaN,-0.63 
2025-05-11 20,0.54,NaN,0.03,0.02,0.65,NaN,-0.61 
2025-05-11 21,0.55,NaN,0.02,0.02,0.31,NaN,NaN 
2025-05-11 22,0.56,NaN,0.02,0.02,-0.04,NaN,-0.60 
2025-05-11 23,0.56,NaN,0.02,0.02,-0.37,NaN,-0.61 
2025-05-12 00,0.56,NaN,0.02,0.02,-0.65,NaN,NaN 
2025-05-12 01,0.56,NaN,0.02,0.02,-0.80,NaN,NaN 
2025-05-12 02,0.56,NaN,0.02,0.02,-0.60,NaN,NaN 
2025-05-12 03,0.56,NaN,0.02,0.02,-0.02,NaN,NaN 
2025-05-12 04,0.56,NaN,0.01,0.02,0.47,NaN,-0.63 
2025-05-12 05,0.57,NaN,0.01,0.02,0.76,NaN,-0.63 
2025-05-12 06,0.58,NaN,0.01,0.02,0.86,NaN,-0.63 
2025-05-12 07,0.59,NaN,0.01,0.02,0.85,NaN,-0.62 
2025-05-12 08,0.59,NaN,0.01,0.02,0.62,NaN,NaN 
2025-05-12 09,0.60,NaN,0.01,0.02,0.26,NaN,-0.56 
2025-05-12 10,0.57,NaN,0.01,0.02,-0.09,NaN,-0.58 
2025-05-12 11,0.52,NaN,0.01,0.02,-0.44,NaN,-0.60 
2025-05-12 12,0.51,NaN,0.01,0.02,-0.76,NaN,-0.62 
2025-05-12 13,0.52,NaN,0.01,0.02,-1.01,NaN,-0.62 
2025-05-12 14,0.51,NaN,0.01,0.02,-1.11,NaN,NaN 
2025-05-12 15,0.51,NaN,0.01,0.02,-0.84,NaN,NaN 
2025-05-12 16,0.51,NaN,0.01,0.02,-0.14,NaN,-0.63 
2025-05-12 17,0.51,NaN,0.01,0.02,0.35,NaN,-0.63 
2025-05-12 18,0.53,NaN,0.01,0.02,0.66,NaN,-0.63 
2025-05-12 19,0.53,NaN,0.00,0.02,0.75,NaN,-0.63 
2025-05-12 20,0.54,NaN,0.00,0.02,0.73,NaN,-0.63 
2025-05-12 21,0.55,NaN,0.00,0.02,0.47,NaN,-0.60 
2025-05-12 22,0.56,NaN,0.00,0.02,0.13,NaN,-0.60 
2025-05-12 23,0.56,NaN,0.00,0.02,-0.19,NaN,-0.61 
2025-05-13 00,0.56,NaN,0.00,0.02,-0.47,NaN,NaN 
2025-05-13 01,0.56,NaN,0.00,0.01,-0.73,NaN,NaN 
2025-05-13 02,0.56,NaN,0.00,0.01,-0.76,NaN,-0.64 
2025-05-13 03,0.56,NaN,0.00,0.01,-0.51,NaN,NaN 
2025-05-13 04,0.57,NaN,0.00,0.01,0.21,NaN,NaN 
2025-05-13 05,0.58,NaN,0.00,0.01,0.65,NaN,NaN 
2025-05-13 06,0.59,NaN,0.00,0.01,0.83,NaN,-0.64 
2025-05-13 07,0.60,NaN,0.00,0.01,0.87,NaN,-0.63 
2025-05-13 08,0.60,NaN,0.00,0.01,0.76,NaN,-0.59 
2025-05-13 09,0.60,NaN,0.00,0.01,0.43,NaN,NaN 
2025-05-13 10,0.57,NaN,0.00,0.01,0.07,NaN,-0.57 
2025-05-13 11,0.52,NaN,0.00,0.01,-0.27,NaN,NaN 
2025-05-13 12,0.50,NaN,0.00,0.01,-0.61,NaN,NaN 
2025-05-13 13,0.50,NaN,0.00,0.01,-0.89,NaN,-0.63 
2025-05-13 14,0.48,NaN,0.00,0.01,-1.10,NaN,NaN 
2025-05-13 15,0.47,NaN,0.00,0.01,-1.11,NaN,-0.64 
2025-05-13 16,0.47,NaN,0.00,0.01,-0.82,NaN,NaN 
2025-05-13 17,0.47,NaN,0.00,0.01,0.13,NaN,-0.65 
2025-05-13 18,0.47,NaN,0.00,0.01,0.55,NaN,-0.65 
2025-05-13 19,0.48,NaN,0.00,0.01,0.74,NaN,-0.65 
2025-05-13 20,0.48,NaN,0.00,0.00,0.74,NaN,NaN 
2025-05-13 21,0.49,NaN,0.00,0.00,0.65,NaN,-0.64 
2025-05-13 22,0.50,NaN,0.00,0.00,0.32,NaN,NaN 
2025-05-13 23,0.50,NaN,0.00,0.00,-0.01,NaN,-0.62 
2025-05-14 00,0.50,NaN,0.00,0.00,-0.20,NaN,-0.64 
2025-05-14 01,0.49,NaN,0.00,0.00,-0.62,NaN,NaN 
2025-05-14 02,0.48,NaN,0.00,0.00,-0.75,NaN,-0.65 
2025-05-14 03,0.48,NaN,0.00,0.00,-0.61,NaN,-0.65 
2025-05-14 04,0.49,NaN,0.00,0.00,0.01,NaN,NaN 
2025-05-14 05,0.49,NaN,0.00,-0.01,0.49,NaN,-0.66 
2025-05-14 06,0.50,NaN,0.00,-0.01,0.78,NaN,NaN 
2025-05-14 07,0.52,NaN,0.00,-0.01,0.87,NaN,NaN 
2025-05-14 08,0.53,NaN,0.00,-0.01,0.84,NaN,-0.65 
2025-05-14 09,0.53,NaN,0.00,-0.01,0.63,NaN,-0.58 
2025-05-14 10,0.50,NaN,0.00,-0.01,0.26,NaN,-0.59 
2025-05-14 11,0.46,NaN,0.00,-0.01,-0.09,NaN,-0.61 
2025-05-14 12,0.47,NaN,0.00,-0.01,-0.42,NaN,-0.63 
2025-05-14 13,0.46,NaN,0.00,-0.01,-0.74,NaN,NaN 
2025-05-14 14,0.46,NaN,0.00,-0.01,-1.00,NaN,-0.65 
2025-05-14 15,0.46,NaN,0.00,-0.01,-1.10,NaN,-0.66 
2025-05-14 16,0.46,NaN,0.00,-0.01,-0.93,NaN,-0.66 
2025-05-14 17,0.46,NaN,0.00,-0.02,-0.13,NaN,NaN 
2025-05-14 18,0.56,NaN,0.00,-0.02,0.33,NaN,-0.65 
2025-05-14 19,0.63,NaN,0.00,-0.02,0.61,NaN,-0.65 
2025-05-14 20,0.62,NaN,0.00,-0.02,0.73,NaN,-0.65 
2025-05-14 21,0.59,NaN,0.00,-0.02,0.73,NaN,-0.64 
2025-05-14 22,0.57,NaN,0.00,-0.02,0.52,NaN,NaN 
2025-05-14 23,0.56,NaN,0.00,-0.03,0.16,NaN,-0.60 
2025-05-15 00,0.54,NaN,0.00,-0.03,-0.18,NaN,-0.62 
2025-05-15 01,0.53,NaN,0.00,-0.03,-0.45,NaN,-0.63 
2025-05-15 02,0.52,NaN,0.00,-0.03,-0.64,NaN,-0.64 
2025-05-15 03,0.52,NaN,0.00,-0.03,-0.63,NaN,NaN 
2025-05-15 04,0.51,NaN,0.00,-0.03,-0.18,NaN,NaN 
2025-05-15 05,0.51,NaN,0.00,-0.03,0.25,NaN,-0.66 
2025-05-15 06,0.52,NaN,0.00,-0.04,0.63,NaN,-0.66 
2025-05-15 07,0.52,NaN,0.00,-0.04,0.83,NaN,NaN 
2025-05-15 08,0.53,NaN,0.00,-0.04,0.89,NaN,NaN 
2025-05-15 09,0.53,NaN,0.00,-0.04,0.79,NaN,NaN 
2025-05-15 10,0.53,NaN,0.00,-0.04,0.46,NaN,NaN 
2025-05-15 11,0.53,NaN,0.00,-0.04,0.08,NaN,NaN 
2025-05-15 12,0.52,NaN,0.00,-0.04,-0.25,NaN,-0.62 
2025-05-15 13,0.51,NaN,0.00,-0.04,-0.55,NaN,-0.64 
2025-05-15 14,0.51,NaN,0.00,-0.05,-0.85,NaN,NaN 
2025-05-15 15,0.50,NaN,0.00,-0.05,-1.04,NaN,NaN 
2025-05-15 16,0.50,NaN,0.00,-0.05,-1.00,NaN,-0.67 
2025-05-15 17,0.50,NaN,0.00,-0.05,-0.78,NaN,-0.67 
2025-05-15 18,0.50,NaN,0.00,-0.05,0.04,NaN,-0.67 
2025-05-15 19,0.50,NaN,0.00,-0.06,0.39,NaN,-0.67 
2025-05-15 20,0.51,NaN,0.00,-0.06,0.64,NaN,-0.67 
2025-05-15 21,0.51,NaN,0.00,-0.06,0.70,NaN,-0.67 
2025-05-15 22,0.52,NaN,0.00,-0.06,0.59,NaN,-0.67 
2025-05-15 23,0.52,NaN,0.00,-0.06,0.30,NaN,-0.65 
2025-05-16 00,0.51,NaN,0.00,-0.06,-0.03,NaN,-0.65 
2025-05-16 01,0.51,NaN,0.00,-0.07,-0.31,NaN,-0.66 
2025-05-16 02,0.50,NaN,0.00,-0.07,-0.51,NaN,-0.67 
2025-05-16 03,0.50,NaN,0.00,-0.07,-0.62,NaN,NaN 
2025-05-16 04,0.50,NaN,0.00,-0.07,-0.55,NaN,NaN 
2025-05-16 05,0.51,NaN,0.00,-0.07,0.02,NaN,NaN 
2025-05-16 06,0.52,NaN,0.00,-0.07,0.46,NaN,NaN 
2025-05-16 07,0.52,NaN,0.00,-0.07,0.74,NaN,-0.68 
2025-05-16 08,0.52,NaN,0.00,-0.08,0.84,NaN,-0.68 
2025-05-16 09,0.52,NaN,0.00,-0.08,0.81,NaN,-0.67 
2025-05-16 10,0.52,NaN,0.00,-0.08,0.59,NaN,NaN 
2025-05-16 11,0.51,NaN,0.00,-0.08,0.22,NaN,NaN 
2025-05-16 12,0.51,NaN,0.00,-0.08,-0.10,NaN,NaN 
2025-05-16 13,0.50,NaN,0.00,-0.08,-0.43,NaN,NaN 
2025-05-16 14,0.50,NaN,0.00,-0.08,-0.75,NaN,-0.66 
2025-05-16 15,0.50,NaN,0.00,-0.08,-1.00,NaN,-0.67 
2025-05-16 16,0.50,NaN,0.00,-0.09,-1.05,NaN,NaN 
2025-05-16 17,0.50,NaN,0.00,-0.09,-0.90,NaN,NaN 
2025-05-16 18,0.51,NaN,0.00,-0.09,-0.66,NaN,-0.67 
2025-05-16 19,0.51,NaN,0.00,-0.09,0.16,NaN,-0.67 
2025-05-16 20,0.52,NaN,0.00,-0.09,0.46,NaN,NaN 
2025-05-16 21,0.52,NaN,0.00,-0.10,0.63,NaN,NaN 
2025-05-16 22,0.53,NaN,0.00,-0.10,0.62,NaN,-0.68 
2025-05-16 23,0.53,NaN,0.00,-0.10,0.44,NaN,-0.67 
2025-05-17 00,0.52,NaN,0.00,-0.10,0.11,NaN,-0.66 
2025-05-17 01,0.51,NaN,0.00,-0.10,-0.17,NaN,-0.66 
2025-05-17 02,0.51,NaN,0.00,-0.10,-0.38,NaN,NaN 
2025-05-17 03,0.51,NaN,0.00,-0.10,-0.52,NaN,-0.67 
2025-05-17 04,0.51,NaN,0.00,-0.11,-0.52,NaN,NaN 
2025-05-17 05,0.52,NaN,0.00,-0.11,-0.19,NaN,NaN 
2025-05-17 06,0.52,NaN,0.00,-0.11,0.21,NaN,-0.68 
2025-05-17 07,0.53,NaN,0.00,-0.11,0.57,NaN,NaN 
2025-05-17 08,0.53,NaN,0.00,-0.11,0.76,NaN,NaN 
2025-05-17 09,0.53,NaN,0.00,-0.11,0.81,NaN,NaN 
2025-05-17 10,0.53,NaN,0.00,-0.11,0.72,NaN,-0.66 
2025-05-17 11,0.51,NaN,0.00,-0.12,0.40,NaN,-0.62 
2025-05-17 12,0.52,NaN,0.00,-0.12,0.07,NaN,NaN 
2025-05-17 13,0.52,NaN,0.00,-0.12,-0.22,NaN,-0.65 
2025-05-17 14,0.51,NaN,0.00,-0.12,-0.53,NaN,NaN 
2025-05-17 15,0.52,NaN,0.00,-0.12,-0.80,NaN,-0.68 
2025-05-17 16,0.52,NaN,0.00,-0.12,-0.95,NaN,-0.68 
2025-05-17 17,0.53,NaN,0.00,-0.12,-0.94,NaN,-0.69 
2025-05-17 18,0.53,NaN,0.00,-0.13,-0.77,NaN,NaN 
2025-05-17 19,0.54,NaN,0.00,-0.13,-0.06,NaN,-0.69 
2025-05-17 20,0.51,NaN,0.00,-0.13,0.28,NaN,-0.69 
2025-05-17 21,0.47,NaN,0.00,-0.13,0.48,NaN,-0.69 
2025-05-17 22,0.43,NaN,0.00,-0.13,0.54,NaN,-0.69 
2025-05-17 23,0.43,NaN,0.00,-0.13,0.49,NaN,-0.69 
2025-05-18 00,0.43,NaN,0.00,-0.14,0.27,NaN,-0.69 
2025-05-18 01,0.45,NaN,0.00,-0.14,0.03,NaN,-0.69 
2025-05-18 02,0.46,NaN,0.00,-0.14,-0.21,NaN,-0.69 
2025-05-18 03,0.47,NaN,0.00,-0.14,-0.40,NaN,-0.69 
2025-05-18 04,0.47,NaN,0.00,-0.14,-0.48,NaN,-0.69 
2025-05-18 05,0.49,NaN,0.00,-0.14,-0.41,NaN,-0.69 
2025-05-18 06,0.50,NaN,0.00,-0.14,0.02,NaN,-0.69 
2025-05-18 07,0.52,NaN,0.00,-0.14,0.35,NaN,-0.69 
2025-05-18 08,0.53,NaN,0.00,-0.15,0.57,NaN,NaN 
2025-05-18 09,0.53,NaN,0.00,-0.15,0.72,NaN,-0.69 
2025-05-18 10,0.53,NaN,0.00,-0.15,0.72,NaN,-0.69 
2025-05-18 11,0.53,NaN,0.00,-0.15,0.56,NaN,-0.67 
2025-05-18 12,0.52,NaN,0.00,-0.15,0.27,NaN,-0.65 
2025-05-18 13,NaN,NaN,NaN,NaN,NaN,NaN,NaN 
2025-05-18 14,0.50,NaN,0.00,-0.15,-0.37,NaN,-0.67 
2025-05-18 15,0.50,NaN,0.00,-0.15,-0.64,NaN,-0.68 
2025-05-18 16,0.50,NaN,0.00,-0.15,-0.81,NaN,-0.69 
2025-05-18 17,0.50,NaN,0.00,-0.16,-0.87,NaN,-0.69 
2025-05-18 18,0.50,NaN,0.00,-0.16,-0.77,NaN,-0.69 
2025-05-18 19,0.50,NaN,0.00,-0.16,-0.64,NaN,-0.69 
2025-05-18 20,0.51,NaN,0.00,-0.16,0.05,NaN,-0.69 
2025-05-18 21,0.52,NaN,0.00,-0.16,0.35,NaN,NaN 
2025-05-18 22,0.52,NaN,0.00,-0.16,0.46,NaN,-0.69 
2025-05-18 23,0.53,NaN,0.00,-0.16,0.48,NaN,-0.69 
2025-05-19 00,0.50,NaN,0.00,-0.17,0.38,NaN,NaN 
2025-05-19 01,0.47,NaN,0.00,-0.17,0.19,NaN,-0.69 
2025-05-19 02,0.48,NaN,0.00,-0.17,0.01,NaN,NaN 
2025-05-19 03,0.48,NaN,0.00,-0.17,-0.16,NaN,NaN 
2025-05-19 04,0.49,NaN,0.00,-0.17,-0.30,NaN,-0.69 
2025-05-19 05,0.50,NaN,0.00,-0.17,-0.36,NaN,NaN 
2025-05-19 06,0.50,NaN,0.00,-0.17,-0.28,NaN,-0.70 
2025-05-19 07,0.51,NaN,0.00,-0.17,0.01,NaN,NaN 
2025-05-19 08,0.51,NaN,0.00,-0.17,0.29,NaN,NaN 
2025-05-19 09,0.52,NaN,0.00,-0.18,0.54,NaN,-0.70 
2025-05-19 10,0.51,NaN,0.00,-0.18,0.65,NaN,-0.70 
2025-05-19 11,0.50,NaN,0.00,-0.18,0.61,NaN,NaN 
2025-05-19 12,0.48,NaN,0.00,-0.18,0.45,NaN,-0.69 
2025-05-19 13,0.47,NaN,0.00,-0.18,0.18,NaN,-0.68 
2025-05-19 14,0.47,NaN,0.00,-0.18,-0.07,NaN,-0.69 
2025-05-19 15,0.45,NaN,0.00,-0.18,-0.31,NaN,NaN 
2025-05-19 16,0.45,NaN,0.00,-0.18,-0.53,NaN,-0.70 
2025-05-19 17,0.45,NaN,0.00,-0.18,-0.74,NaN,-0.70 
2025-05-19 18,0.45,NaN,0.00,-0.18,-0.77,NaN,-0.71 
2025-05-19 19,0.46,NaN,0.00,-0.19,-0.72,NaN,NaN 
2025-05-19 20,0.47,NaN,0.00,-0.19,-0.58,NaN,-0.71 
2025-05-19 21,0.47,NaN,0.00,-0.19,0.06,NaN,NaN 
2025-05-19 22,0.48,NaN,0.00,-0.19,0.30,NaN,-0.71 
2025-05-19 23,0.49,NaN,0.00,-0.19,0.42,NaN,NaN 
2025-05-20 00,0.50,NaN,0.00,-0.19,0.41,NaN,NaN 
2025-05-20 01,0.50,NaN,0.00,-0.19,0.35,NaN,NaN 
2025-05-20 02,0.50,NaN,0.00,-0.19,0.28,NaN,NaN 
2025-05-20 03,0.50,NaN,0.00,-0.19,0.10,NaN,NaN 
2025-05-20 04,0.50,NaN,0.00,-0.20,-0.14,NaN,NaN 
2025-05-20 05,0.50,NaN,0.00,-0.20,-0.29,NaN,-0.71 
2025-05-20 06,0.50,NaN,0.00,-0.20,-0.36,NaN,-0.71 
2025-05-20 07,0.47,NaN,0.00,-0.20,-0.19,NaN,-0.71 
2025-05-20 08,0.40,NaN,0.00,-0.20,0.00,NaN,NaN 
2025-05-20 09,0.40,NaN,0.00,-0.20,0.26,NaN,NaN 
2025-05-20 10,0.41,NaN,0.00,-0.20,0.42,NaN,-0.71 
2025-05-20 11,0.41,NaN,0.00,-0.20,0.52,NaN,-0.71 
2025-05-20 12,0.41,NaN,0.00,-0.20,0.56,NaN,-0.71 
2025-05-20 13,0.41,NaN,0.00,-0.20,0.46,NaN,-0.71 
2025-05-20 14,0.42,NaN,0.00,-0.20,0.19,NaN,-0.71 
2025-05-20 15,0.42,NaN,0.00,-0.20,-0.06,NaN,-0.71 
2025-05-20 16,0.43,NaN,0.00,-0.20,-0.29,NaN,-0.71 
2025-05-20 17,0.43,NaN,0.00,-0.20,-0.49,NaN,-0.71 
2025-05-20 18,0.44,NaN,0.00,-0.21,-0.60,NaN,-0.71 
2025-05-20 19,0.45,NaN,0.00,-0.21,-0.73,NaN,-0.71 
2025-05-20 20,0.45,NaN,0.00,-0.21,-0.75,NaN,NaN 
2025-05-20 21,0.43,NaN,0.00,-0.21,-0.62,NaN,-0.71 
2025-05-20 22,0.44,NaN,0.00,-0.21,0.05,NaN,-0.71 
2025-05-20 23,0.45,NaN,0.00,-0.21,0.32,NaN,NaN 
2025-05-21 00,0.45,NaN,0.00,-0.21,0.43,NaN,-0.72 
2025-05-21 01,0.45,NaN,0.00,-0.21,0.42,NaN,-0.72 
2025-05-21 02,0.45,NaN,0.00,-0.21,0.44,NaN,-0.71 
2025-05-21 03,0.46,NaN,0.00,-0.21,0.38,NaN,NaN 
2025-05-21 04,0.46,NaN,0.00,-0.21,0.17,NaN,NaN 
2025-05-21 05,0.47,NaN,0.00,-0.21,-0.11,NaN,NaN 
2025-05-21 06,0.48,NaN,0.00,-0.21,-0.29,NaN,NaN 
2025-05-21 07,0.49,NaN,0.00,-0.21,-0.38,NaN,-0.71 
2025-05-21 08,0.50,NaN,0.00,-0.22,-0.41,NaN,-0.71 
2025-05-21 09,0.50,NaN,0.00,-0.22,-0.36,NaN,-0.71 
2025-05-21 10,0.50,NaN,0.00,-0.22,0.06,NaN,-0.72 
2025-05-21 11,0.49,NaN,0.00,-0.22,0.33,NaN,-0.72 
2025-05-21 12,0.48,NaN,0.00,-0.22,0.51,NaN,-0.72 
2025-05-21 13,0.48,NaN,0.00,-0.22,0.55,NaN,-0.72 
2025-05-21 14,0.47,NaN,0.00,-0.22,0.46,NaN,-0.72 
2025-05-21 15,NaN,NaN,NaN,NaN,NaN,NaN,NaN 
2025-05-21 16,0.43,NaN,0.00,-0.22,0.09,NaN,-0.71 
2025-05-21 17,0.40,NaN,0.00,-0.22,-0.12,NaN,-0.72 
2025-05-21 18,0.42,NaN,0.00,-0.22,-0.30,NaN,-0.72 
2025-05-21 19,0.44,NaN,0.00,-0.23,-0.58,NaN,-0.72 
2025-05-21 20,0.45,NaN,0.00,-0.23,-0.78,NaN,-0.72 
2025-05-21 21,0.46,NaN,0.00,-0.23,-0.72,NaN,-0.72 
2025-05-21 22,0.46,NaN,0.00,-0.23,-0.57,NaN,-0.72 
2025-05-21 23,0.46,NaN,0.00,-0.23,0.13,NaN,NaN 
2025-05-22 00,0.43,NaN,0.00,-0.23,0.36,NaN,-0.72 
2025-05-22 01,0.42,NaN,0.00,-0.23,0.51,NaN,-0.72 
2025-05-22 02,0.43,NaN,0.00,-0.23,0.61,NaN,-0.72 
2025-05-22 03,0.44,NaN,0.00,-0.23,0.64,NaN,-0.72 
2025-05-22 04,0.45,NaN,0.00,-0.23,0.49,NaN,-0.71 
2025-05-22 05,0.45,NaN,0.00,-0.24,0.21,NaN,NaN 
2025-05-22 06,0.46,NaN,0.00,-0.24,-0.08,NaN,NaN 
2025-05-22 07,0.47,NaN,0.00,-0.24,-0.34,NaN,NaN 
2025-05-22 08,0.47,NaN,0.00,-0.24,-0.56,NaN,NaN 
2025-05-22 09,0.47,NaN,0.00,-0.24,-0.63,NaN,NaN 
2025-05-22 10,0.46,NaN,0.00,-0.24,-0.56,NaN,-0.72 
2025-05-22 11,0.45,NaN,0.00,-0.24,-0.04,NaN,NaN 
2025-05-22 12,0.44,NaN,0.00,-0.24,0.32,NaN,-0.72 
2025-05-22 13,0.43,NaN,0.00,-0.24,0.51,NaN,-0.73 
2025-05-22 14,0.43,NaN,0.00,-0.24,0.62,NaN,-0.73 
2025-05-22 15,0.43,NaN,0.00,-0.25,0.66,NaN,NaN 
2025-05-22 16,0.42,NaN,0.00,-0.25,0.56,NaN,-0.72 
2025-05-22 17,0.42,NaN,0.00,-0.25,0.32,NaN,-0.71 
2025-05-22 18,0.43,NaN,0.00,-0.25,-0.01,NaN,-0.70 
2025-05-22 19,0.43,NaN,0.00,-0.25,-0.27,NaN,-0.71 
2025-05-22 20,0.43,NaN,0.00,-0.25,-0.54,NaN,-0.72 
2025-05-22 21,0.44,NaN,0.00,-0.25,-0.74,NaN,NaN 
2025-05-22 22,0.45,NaN,0.00,-0.26,-0.74,NaN,-0.72 
2025-05-22 23,0.46,NaN,0.00,-0.26,-0.61,NaN,NaN 
2025-05-23 00,0.47,NaN,0.00,-0.26,0.12,NaN,-0.73 
2025-05-23 01,0.47,NaN,0.00,-0.26,0.42,NaN,NaN 
2025-05-23 02,0.47,NaN,0.00,-0.26,0.62,NaN,NaN 
2025-05-23 03,0.47,NaN,0.00,-0.26,0.76,NaN,NaN 
2025-05-23 04,0.48,NaN,0.00,-0.26,0.79,NaN,NaN 
2025-05-23 05,0.49,NaN,0.00,-0.26,0.61,NaN,NaN 
2025-05-23 06,0.48,NaN,0.00,-0.26,0.28,NaN,-0.67 
2025-05-23 07,0.45,NaN,0.00,-0.26,-0.07,NaN,-0.68 
2025-05-23 08,0.42,NaN,0.00,-0.27,-0.38,NaN,-0.69 
2025-05-23 09,0.41,NaN,0.00,-0.27,-0.66,NaN,NaN 
2025-05-23 10,0.41,NaN,0.00,-0.27,-0.84,NaN,-0.72 
2025-05-23 11,0.43,NaN,0.00,-0.27,-0.81,NaN,-0.72 
2025-05-23 12,0.43,NaN,0.00,-0.27,-0.64,NaN,-0.73 
2025-05-23 13,0.42,NaN,0.00,-0.27,0.23,NaN,-0.73 
2025-05-23 14,0.42,NaN,0.00,-0.27,0.52,NaN,NaN 
2025-05-23 15,0.42,NaN,0.00,-0.27,0.71,NaN,NaN 
2025-05-23 16,0.41,NaN,0.00,-0.28,0.79,NaN,NaN 
2025-05-23 17,0.38,NaN,0.00,-0.28,0.74,NaN,-0.72 
2025-05-23 18,0.39,NaN,0.00,-0.28,0.48,NaN,-0.68 
2025-05-23 19,0.40,NaN,0.00,-0.28,0.11,NaN,NaN 
2025-05-23 20,0.41,NaN,0.00,-0.28,-0.21,NaN,NaN 
2025-05-23 21,0.42,NaN,0.00,-0.28,-0.49,NaN,-0.70 
2025-05-23 22,0.42,NaN,0.00,-0.29,-0.71,NaN,-0.71 
2025-05-23 23,0.43,NaN,0.00,-0.29,-0.73,NaN,NaN 
2025-05-24 00,0.43,NaN,0.00,-0.29,-0.59,NaN,NaN 
2025-05-24 01,0.42,NaN,0.00,-0.29,0.22,NaN,NaN 
2025-05-24 02,0.43,NaN,0.00,-0.29,0.56,NaN,NaN 
2025-05-24 03,0.43,NaN,0.00,-0.29,0.76,NaN,NaN 
2025-05-24 04,0.45,NaN,0.00,-0.29,0.86,NaN,NaN 
2025-05-24 05,0.45,NaN,0.00,-0.29,0.85,NaN,-0.71 
2025-05-24 06,0.44,NaN,0.00,-0.30,0.64,NaN,NaN 
2025-05-24 07,0.41,NaN,0.00,-0.30,0.28,NaN,NaN 
2025-05-24 08,0.40,NaN,0.00,-0.30,-0.08,NaN,-0.65 
2025-05-24 09,0.40,NaN,0.00,-0.30,-0.39,NaN,NaN 
2025-05-24 10,0.41,NaN,0.00,-0.30,-0.73,NaN,NaN 
2025-05-24 11,0.41,NaN,0.00,-0.30,-0.98,NaN,NaN 
2025-05-24 12,0.41,NaN,0.00,-0.30,-1.00,NaN,NaN 
2025-05-24 13,0.40,NaN,0.00,-0.31,-0.80,NaN,NaN 
2025-05-24 14,0.41,NaN,0.00,-0.31,0.22,NaN,NaN 
2025-05-24 15,0.41,NaN,0.00,-0.31,0.57,NaN,NaN 
2025-05-24 16,0.41,NaN,0.00,-0.31,0.76,NaN,-0.73 
2025-05-24 17,0.42,NaN,0.00,-0.31,0.84,NaN,-0.73 
2025-05-24 18,0.42,NaN,0.00,-0.32,0.80,NaN,-0.72 
2025-05-24 19,0.43,NaN,0.00,-0.32,0.55,NaN,-0.64 
2025-05-24 20,0.44,NaN,0.00,-0.32,0.16,NaN,-0.65 
2025-05-24 21,0.44,NaN,0.00,-0.32,-0.19,NaN,-0.67 
2025-05-24 22,0.43,NaN,0.00,-0.32,-0.52,NaN,-0.70 
2025-05-24 23,0.42,NaN,0.00,-0.32,-0.75,NaN,-0.72 
2025-05-25 00,0.42,NaN,0.00,-0.33,-0.67,NaN,-0.73 
2025-05-25 01,0.43,NaN,0.00,-0.33,-0.07,NaN,-0.73 
2025-05-25 02,0.43,NaN,0.00,-0.33,0.34,NaN,-0.74 
2025-05-25 03,0.43,NaN,0.00,-0.33,0.65,NaN,-0.74 
2025-05-25 04,0.43,NaN,0.00,-0.33,0.83,NaN,-0.74 
2025-05-25 05,0.43,NaN,0.00,-0.33,0.93,NaN,-0.73 
2025-05-25 06,0.44,NaN,0.00,-0.33,0.94,NaN,NaN 
2025-05-25 07,0.44,NaN,0.00,-0.33,0.71,NaN,NaN 
2025-05-25 08,0.46,NaN,0.00,-0.33,0.31,NaN,NaN 
2025-05-25 09,0.46,NaN,0.00,-0.33,-0.07,NaN,NaN 
2025-05-25 10,0.46,NaN,0.00,-0.33,-0.42,NaN,-0.66 
2025-05-25 11,0.46,NaN,0.00,-0.33,-0.77,NaN,NaN 
2025-05-25 12,0.46,NaN,0.00,-0.33,-1.03,NaN,NaN 
2025-05-25 13,0.43,NaN,0.00,-0.33,-1.06,NaN,NaN 
2025-05-25 14,0.40,NaN,0.00,-0.33,-0.67,NaN,-0.73 
2025-05-25 15,0.40,NaN,0.00,-0.34,0.20,NaN,NaN 
2025-05-25 16,0.40,NaN,0.00,-0.34,0.60,NaN,-0.74 
2025-05-25 17,0.41,NaN,0.00,-0.34,0.82,NaN,-0.74 
2025-05-25 18,0.42,NaN,0.00,-0.34,0.90,NaN,NaN 
2025-05-25 19,0.43,NaN,0.00,-0.34,0.85,NaN,-0.71 
2025-05-25 20,0.43,NaN,0.00,-0.34,0.59,NaN,-0.60 
2025-05-25 21,0.43,NaN,0.00,-0.34,0.22,NaN,-0.63 
2025-05-25 22,0.43,NaN,0.00,-0.34,-0.10,NaN,-0.66 
2025-05-25 23,0.44,NaN,0.00,-0.34,-0.47,NaN,-0.69 
2025-05-26 00,0.44,NaN,0.00,-0.34,-0.70,NaN,NaN 
2025-05-26 01,0.43,NaN,0.00,-0.34,-0.62,NaN,NaN 
2025-05-26 02,0.43,NaN,0.00,-0.34,0.08,NaN,NaN 
2025-05-26 03,0.43,NaN,0.00,-0.34,0.51,NaN,NaN 
2025-05-26 04,0.44,NaN,0.00,-0.34,0.77,NaN,-0.74 
2025-05-26 05,0.44,NaN,0.00,-0.34,0.92,NaN,-0.74 
2025-05-26 06,0.43,NaN,0.00,-0.34,0.99,NaN,NaN 
2025-05-26 07,0.41,NaN,0.00,-0.34,0.98,NaN,-0.57 
2025-05-26 08,0.42,NaN,0.00,-0.34,0.69,NaN,NaN 
2025-05-26 09,0.43,NaN,0.00,-0.34,0.31,NaN,NaN 
2025-05-26 10,0.43,NaN,0.00,-0.34,-0.05,NaN,-0.59 
2025-05-26 11,0.44,NaN,0.00,-0.33,-0.42,NaN,-0.63 
2025-05-26 12,0.43,NaN,0.00,-0.33,-0.76,NaN,-0.65 
2025-05-26 13,0.43,NaN,0.00,-0.33,-1.02,NaN,-0.66 
2025-05-26 14,0.43,NaN,0.00,-0.33,-1.08,NaN,NaN 
2025-05-26 15,0.42,NaN,0.00,-0.33,-0.75,NaN,NaN 
2025-05-26 16,0.42,NaN,0.00,-0.33,0.25,NaN,NaN 
2025-05-26 17,0.43,NaN,0.00,-0.33,0.69,NaN,-0.62 
2025-05-26 18,0.43,NaN,0.00,-0.34,0.87,NaN,-0.62 
2025-05-26 19,0.43,NaN,0.00,-0.34,0.93,NaN,-0.62 
2025-05-26 20,0.44,NaN,0.00,-0.34,0.88,NaN,NaN 
2025-05-26 21,0.43,NaN,0.00,-0.34,0.57,NaN,-0.48 
2025-05-26 22,0.45,NaN,0.00,-0.34,0.21,NaN,-0.51 
2025-05-26 23,0.44,NaN,0.00,-0.34,-0.07,NaN,NaN 
2025-05-27 00,0.41,NaN,0.00,-0.34,-0.47,NaN,-0.60 
2025-05-27 01,0.40,NaN,0.00,-0.34,-0.61,NaN,-0.62 
2025-05-27 02,0.40,NaN,0.00,-0.33,-0.32,NaN,NaN 
2025-05-27 03,0.41,NaN,0.00,-0.34,0.23,NaN,NaN 
2025-05-27 04,0.41,NaN,0.00,-0.34,0.65,NaN,NaN 
2025-05-27 05,0.42,NaN,0.00,-0.34,0.87,NaN,-0.67 
2025-05-27 06,NaN,NaN,NaN,NaN,NaN,NaN,NaN 
2025-05-27 07,NaN,NaN,NaN,NaN,NaN,NaN,NaN 
2025-05-27 08,0.44,NaN,0.00,-0.34,0.97,NaN,NaN 
2025-05-27 09,0.43,NaN,0.00,-0.34,0.64,NaN,NaN 
2025-05-27 10,0.42,NaN,0.00,-0.34,0.26,NaN,-0.51 
2025-05-27 11,0.39,NaN,0.00,-0.33,-0.06,NaN,-0.58 
2025-05-27 12,0.37,NaN,0.00,-0.33,-0.48,NaN,-0.63 
2025-05-27 13,0.39,NaN,0.00,-0.33,-0.79,NaN,NaN 
2025-05-27 14,0.40,NaN,0.00,-0.33,-1.02,NaN,NaN 
2025-05-27 15,0.40,NaN,0.00,-0.34,-0.83,NaN,NaN 
2025-05-27 16,0.40,NaN,0.00,-0.34,-0.35,NaN,-0.70 
2025-05-27 17,0.40,NaN,0.00,-0.34,0.32,NaN,-0.71 
2025-05-27 18,0.40,NaN,0.00,-0.34,0.70,NaN,-0.71 
2025-05-27 19,0.40,NaN,0.00,-0.34,0.88,NaN,-0.71 
2025-05-27 20,0.41,NaN,0.00,-0.34,0.93,NaN,-0.71 
2025-05-27 21,0.41,NaN,0.00,-0.34,0.80,NaN,-0.62 
2025-05-27 22,0.42,NaN,0.00,-0.34,0.45,NaN,-0.55 
2025-05-27 23,0.43,NaN,0.00,-0.34,0.09,NaN,-0.60 
2025-05-28 00,0.43,NaN,0.00,-0.34,-0.11,NaN,-0.64 
2025-05-28 01,0.45,NaN,0.00,-0.34,-0.54,NaN,NaN 
2025-05-28 02,0.63,NaN,0.00,-0.34,-0.60,NaN,NaN 
2025-05-28 03,1.04,NaN,0.00,-0.34,-0.23,NaN,-0.71 
2025-05-28 04,1.04,NaN,0.00,-0.35,0.33,NaN,-0.71 
2025-05-28 05,0.98,NaN,0.00,-0.35,0.71,NaN,-0.72 
2025-05-28 06,0.95,NaN,0.00,-0.35,0.90,NaN,-0.72 
2025-05-28 07,1.01,NaN,0.00,-0.35,1.00,NaN,-0.72 
2025-05-28 08,0.89,NaN,0.00,-0.35,1.02,NaN,NaN 
2025-05-28 09,0.74,NaN,0.00,-0.35,0.87,NaN,NaN 
2025-05-28 10,0.64,NaN,0.00,-0.35,0.50,NaN,-0.48 
2025-05-28 11,0.64,NaN,0.00,-0.35,0.14,NaN,-0.56 
2025-05-28 12,0.65,NaN,0.00,-0.35,-0.14,NaN,NaN 
2025-05-28 13,0.65,NaN,0.00,-0.35,-0.55,NaN,NaN 
2025-05-28 14,0.63,NaN,0.00,-0.35,-0.84,NaN,-0.68 
2025-05-28 15,0.63,NaN,0.00,-0.35,-1.08,NaN,NaN 
2025-05-28 16,0.61,NaN,0.00,-0.35,-1.04,NaN,-0.72 
2025-05-28 17,0.60,NaN,0.00,-0.36,-0.75,NaN,-0.72 
2025-05-28 18,0.60,NaN,0.00,-0.36,0.32,NaN,NaN 
2025-05-28 19,0.60,NaN,0.00,-0.36,0.64,NaN,-0.73 
2025-05-28 20,0.60,NaN,0.00,-0.36,0.80,NaN,NaN 
2025-05-28 21,0.61,NaN,0.00,-0.36,0.85,NaN,NaN 
2025-05-28 22,0.61,NaN,0.00,-0.36,0.68,NaN,-0.70 
2025-05-28 23,0.60,NaN,0.00,-0.37,0.29,NaN,-0.63 
2025-05-29 00,0.60,NaN,0.00,-0.37,-0.06,NaN,-0.65 
2025-05-29 01,0.61,NaN,0.00,-0.37,-0.40,NaN,-0.67 
2025-05-29 02,0.63,NaN,0.00,-0.37,-0.64,NaN,-0.70 
2025-05-29 03,0.65,NaN,0.00,-0.37,-0.48,NaN,-0.71 
2025-05-29 04,0.64,NaN,0.00,-0.37,-0.06,NaN,-0.72 
2025-05-29 05,0.63,NaN,0.00,-0.37,0.38,NaN,-0.73 
2025-05-29 06,0.60,NaN,0.00,-0.37,0.72,NaN,-0.73 
2025-05-29 07,0.56,NaN,0.00,-0.37,0.90,NaN,-0.72 
2025-05-29 08,0.56,NaN,0.00,-0.37,0.97,NaN,NaN 
2025-05-29 09,0.55,NaN,0.00,-0.37,0.97,NaN,-0.58 
2025-05-29 10,0.55,NaN,0.00,-0.37,0.71,NaN,NaN 
2025-05-29 11,0.54,NaN,0.00,-0.36,0.33,NaN,NaN 
2025-05-29 12,0.54,NaN,0.00,-0.36,-0.02,NaN,NaN 
2025-05-29 13,0.54,NaN,0.00,-0.36,-0.40,NaN,-0.64 
2025-05-29 14,0.53,NaN,0.00,-0.36,-0.73,NaN,NaN 
2025-05-29 15,0.53,NaN,0.00,-0.36,-1.02,NaN,-0.69 
2025-05-29 16,0.53,NaN,0.00,-0.36,-1.16,NaN,-0.71 
2025-05-29 17,0.53,NaN,0.00,-0.36,-0.94,NaN,-0.72 
2025-05-29 18,0.54,NaN,0.00,-0.36,-0.15,NaN,-0.73 
2025-05-29 19,0.54,NaN,0.00,-0.36,0.30,NaN,NaN 
2025-05-29 20,0.54,NaN,0.00,-0.37,0.62,NaN,-0.73 
2025-05-29 21,0.54,NaN,0.00,-0.37,0.73,NaN,-0.73 
2025-05-29 22,NaN,NaN,NaN,NaN,NaN,NaN,NaN 
2025-05-29 23,0.54,NaN,0.00,-0.37,0.51,NaN,NaN 
2025-05-30 00,0.54,NaN,0.00,-0.37,0.13,NaN,-0.69 
2025-05-30 01,0.54,NaN,0.00,-0.37,-0.24,NaN,-0.69 
2025-05-30 02,0.54,NaN,0.00,-0.37,-0.53,NaN,-0.70 
2025-05-30 03,0.54,NaN,0.00,-0.37,-0.68,NaN,-0.72 
2025-05-30 04,0.54,NaN,0.00,-0.37,-0.52,NaN,-0.72 
2025-05-30 05,0.54,NaN,0.00,-0.37,-0.01,NaN,-0.73 
2025-05-30 06,0.56,NaN,0.00,-0.37,0.41,NaN,-0.73 
2025-05-30 07,0.53,NaN,0.00,-0.37,0.72,NaN,-0.74 
2025-05-30 08,0.52,NaN,0.00,-0.37,0.86,NaN,NaN 
2025-05-30 09,0.51,NaN,0.00,-0.37,0.91,NaN,NaN 
2025-05-30 10,0.51,NaN,0.00,-0.37,0.83,NaN,-0.65 
2025-05-30 11,0.52,NaN,0.00,-0.37,0.51,NaN,-0.57 
2025-05-30 12,0.51,NaN,0.00,-0.37,0.13,NaN,-0.61 
2025-05-30 13,0.51,NaN,0.00,-0.37,-0.23,NaN,-0.65 
2025-05-30 14,0.51,NaN,0.00,-0.37,-0.57,NaN,-0.68 
2025-05-30 15,0.49,NaN,0.00,-0.37,-0.88,NaN,-0.71 
2025-05-30 16,0.49,NaN,0.00,-0.37,-1.13,NaN,NaN 
2025-05-30 17,0.49,NaN,0.00,-0.37,-1.13,NaN,-0.74 
2025-05-30 18,0.50,NaN,0.00,-0.37,-0.77,NaN,-0.75 
2025-05-30 19,0.50,NaN,0.00,-0.38,-0.03,NaN,-0.75 
2025-05-30 20,0.50,NaN,0.00,-0.38,0.37,NaN,NaN 
2025-05-30 21,0.52,NaN,0.00,-0.38,0.62,NaN,NaN 
2025-05-30 22,0.53,NaN,0.00,-0.38,0.68,NaN,-0.70 
2025-05-30 23,0.54,NaN,0.00,-0.38,0.55,NaN,-0.71 
2025-05-31 00,0.56,NaN,0.00,-0.38,0.30,NaN,-0.70 
2025-05-31 01,0.56,NaN,0.00,-0.38,-0.04,NaN,-0.69 
2025-05-31 02,0.58,NaN,0.00,-0.38,-0.31,NaN,-0.69 
2025-05-31 03,0.59,NaN,0.00,-0.38,-0.57,NaN,-0.69 
2025-05-31 04,0.60,NaN,0.00,-0.38,-0.62,NaN,-0.69 
2025-05-31 05,0.61,NaN,0.00,-0.38,-0.43,NaN,-0.70 
2025-05-31 06,0.62,NaN,0.00,-0.38,0.14,NaN,-0.70 
2025-05-31 07,0.60,NaN,0.00,-0.38,0.49,NaN,-0.71 
2025-05-31 08,0.57,NaN,0.00,-0.38,0.71,NaN,-0.71 
2025-05-31 09,0.56,NaN,0.00,-0.39,0.82,NaN,-0.71 
2025-05-31 10,0.56,NaN,0.00,-0.38,0.83,NaN,-0.70 
2025-05-31 11,0.56,NaN,0.00,-0.38,0.71,NaN,-0.63 
2025-05-31 12,0.57,NaN,0.00,-0.38,0.40,NaN,NaN 
2025-05-31 13,0.57,NaN,0.00,-0.38,0.00,NaN,-0.64 
2025-05-31 14,0.57,NaN,0.00,-0.38,-0.39,NaN,-0.67 
2025-05-31 15,0.57,NaN,0.00,-0.38,-0.71,NaN,NaN 
2025-05-31 16,0.58,NaN,0.00,-0.38,-0.98,NaN,-0.70 
2025-05-31 17,0.60,NaN,0.00,-0.39,-1.03,NaN,-0.71 
2025-05-31 18,0.62,NaN,0.00,-0.39,-0.75,NaN,-0.71 
2025-05-31 19,0.63,NaN,0.00,-0.39,-0.36,NaN,-0.71 
2025-05-31 20,0.65,NaN,0.00,-0.39,0.08,NaN,-0.71 
2025-05-31 21,0.66,NaN,0.00,-0.39,0.43,NaN,-0.71 
2025-05-31 22,0.67,NaN,0.00,-0.39,0.62,NaN,-0.71 
2025-05-31 23,0.69,NaN,0.00,-0.39,0.63,NaN,NaN 
2025-06-01 00,0.69,NaN,0.00,-0.39,0.51,NaN,-0.63 
2025-06-01 01,0.69,NaN,0.00,-0.39,0.17,NaN,-0.62 
2025-06-01 02,0.69,NaN,0.00,-0.39,-0.07,NaN,-0.61 
2025-06-01 03,0.69,NaN,0.00,-0.39,-0.32,NaN,-0.59 
2025-06-01 04,0.68,NaN,0.00,-0.39,-0.49,NaN,-0.58 
2025-06-01 05,0.64,NaN,0.00,-0.39,-0.48,NaN,-0.58 
2025-06-01 06,0.62,NaN,0.00,-0.39,-0.21,NaN,-0.58 
2025-06-01 07,0.61,NaN,0.00,-0.39,0.12,NaN,-0.58 
2025-06-01 08,0.62,NaN,0.00,-0.39,0.46,NaN,-0.58 
2025-06-01 09,0.63,NaN,0.00,-0.39,0.67,NaN,-0.59 
2025-06-01 10,0.63,NaN,0.00,-0.39,0.73,NaN,-0.58 
2025-06-01 11,0.63,NaN,0.00,-0.39,0.71,NaN,NaN 
2025-06-01 12,0.63,NaN,0.00,-0.39,0.51,NaN,-0.54 
2025-06-01 13,0.62,NaN,0.00,-0.39,0.16,NaN,-0.54 
2025-06-01 14,0.61,NaN,0.00,-0.39,-0.19,NaN,-0.55 
2025-06-01 15,0.57,NaN,0.00,-0.39,-0.49,NaN,-0.57 
2025-06-01 16,0.56,NaN,0.00,-0.39,-0.75,NaN,-0.58 
2025-06-01 17,0.56,NaN,0.00,-0.39,-0.92,NaN,NaN 
2025-06-01 18,0.56,NaN,0.00,-0.39,-0.91,NaN,NaN 
2025-06-01 19,0.56,NaN,0.00,-0.39,-0.65,NaN,-0.59 
2025-06-01 20,0.56,NaN,0.00,-0.39,-0.19,NaN,NaN 
2025-06-01 21,0.57,NaN,0.00,-0.39,0.23,NaN,-0.60 
2025-06-01 22,NaN,NaN,NaN,NaN,NaN,NaN,NaN 
2025-06-01 23,NaN,NaN,NaN,NaN,NaN,NaN,NaN 
2025-06-02 00,0.59,NaN,0.00,-0.39,0.54,NaN,NaN 
2025-06-02 01,0.58,NaN,0.00,-0.39,0.36,NaN,-0.62 
2025-06-02 02,0.58,NaN,0.00,-0.39,0.09,NaN,-0.63 
2025-06-02 03,0.59,NaN,0.00,-0.39,-0.14,NaN,-0.64 
2025-06-02 04,0.59,NaN,0.00,-0.39,-0.26,NaN,-0.65 
2025-06-02 05,0.59,NaN,0.00,-0.39,-0.44,NaN,-0.66 
2025-06-02 06,0.60,NaN,0.00,-0.38,-0.38,NaN,-0.66 
2025-06-02 07,0.58,NaN,0.00,-0.38,-0.18,NaN,-0.67 
2025-06-02 08,0.56,NaN,0.00,-0.38,0.05,NaN,NaN 
2025-06-02 09,0.53,NaN,0.00,-0.38,0.35,NaN,NaN 
2025-06-02 10,0.46,NaN,0.00,-0.38,0.56,NaN,-0.68 
2025-06-02 11,0.47,NaN,0.00,-0.38,0.59,NaN,-0.69 
2025-06-02 12,0.47,NaN,0.00,-0.38,0.56,NaN,-0.69 
2025-06-02 13,0.47,NaN,0.00,-0.38,0.32,NaN,-0.69 
2025-06-02 14,0.47,NaN,0.00,-0.38,-0.01,NaN,-0.69 
2025-06-02 15,0.48,NaN,0.00,-0.38,-0.26,NaN,-0.69 
2025-06-02 16,0.48,NaN,0.00,-0.38,-0.41,NaN,-0.70 
2025-06-02 17,0.49,NaN,0.00,-0.38,-0.66,NaN,-0.71 
2025-06-02 18,0.50,NaN,0.00,-0.38,-0.79,NaN,-0.71 
2025-06-02 19,0.50,NaN,0.00,-0.38,-0.74,NaN,NaN 
2025-06-02 20,0.51,NaN,0.00,-0.38,-0.54,NaN,-0.72 
2025-06-02 21,0.52,NaN,0.00,-0.38,-0.10,NaN,NaN 
2025-06-02 22,0.53,NaN,0.00,-0.39,0.31,NaN,NaN 
2025-06-02 23,0.53,NaN,0.00,-0.39,0.48,NaN,-0.73 
2025-06-03 00,0.53,NaN,0.00,-0.39,0.53,NaN,-0.73 
2025-06-03 01,0.53,NaN,0.00,-0.39,0.51,NaN,-0.73 
2025-06-03 02,0.55,NaN,0.00,-0.39,0.36,NaN,-0.73 
2025-06-03 03,0.56,NaN,0.00,-0.39,0.08,NaN,-0.72 
2025-06-03 04,0.56,NaN,0.00,-0.39,-0.14,NaN,-0.72 
2025-06-03 05,0.57,NaN,0.00,-0.39,-0.24,NaN,-0.73 
2025-06-03 06,0.57,NaN,0.00,-0.39,-0.40,NaN,-0.73 
2025-06-03 07,0.56,NaN,0.00,-0.39,-0.40,NaN,-0.73 
2025-06-03 08,0.53,NaN,0.00,-0.39,-0.31,NaN,-0.73 
2025-06-03 09,0.51,NaN,0.00,-0.39,-0.08,NaN,-0.73 
2025-06-03 10,0.50,NaN,0.00,-0.39,0.23,NaN,-0.73 
2025-06-03 11,0.51,NaN,0.00,-0.39,0.44,NaN,-0.73 
2025-06-03 12,0.52,NaN,0.00,-0.39,0.46,NaN,-0.73 
2025-06-03 13,0.52,NaN,0.00,-0.39,0.36,NaN,-0.73 
2025-06-03 14,0.52,NaN,0.00,-0.39,0.24,NaN,-0.73 
2025-06-03 15,0.52,NaN,0.00,-0.39,0.06,NaN,-0.73 
2025-06-03 16,0.52,NaN,0.00,-0.39,-0.12,NaN,-0.74 
2025-06-03 17,0.53,NaN,0.00,-0.39,-0.30,NaN,-0.74 
2025-06-03 18,0.53,NaN,0.00,-0.39,-0.55,NaN,-0.74 
2025-06-03 19,0.53,NaN,0.00,-0.39,-0.74,NaN,-0.74 
2025-06-03 20,0.54,NaN,0.00,-0.40,-0.59,NaN,-0.74 
2025-06-03 21,0.55,NaN,0.00,-0.40,-0.29,NaN,-0.74 
2025-06-03 22,0.55,NaN,0.00,-0.40,0.06,NaN,-0.74 
2025-06-03 23,0.55,NaN,0.00,-0.40,0.32,NaN,-0.74 
2025-06-04 00,0.56,NaN,0.00,-0.40,0.45,NaN,-0.74 
2025-06-04 01,0.56,NaN,0.00,-0.40,0.56,NaN,-0.74 
2025-06-04 02,0.57,NaN,0.00,-0.40,0.59,NaN,-0.74 
2025-06-04 03,0.58,NaN,0.00,-0.40,0.41,NaN,-0.74 
2025-06-04 04,0.59,NaN,0.00,-0.41,0.10,NaN,-0.73 
2025-06-04 05,0.59,NaN,0.00,-0.41,-0.13,NaN,NaN 
2025-06-04 06,0.59,NaN,0.00,-0.41,-0.31,NaN,-0.74 
2025-06-04 07,0.59,NaN,0.00,-0.41,-0.41,NaN,-0.74 
2025-06-04 08,0.56,NaN,0.00,-0.41,-0.44,NaN,NaN 
2025-06-04 09,0.55,NaN,0.00,-0.41,-0.39,NaN,-0.75 
2025-06-04 10,0.52,NaN,0.00,-0.41,-0.27,NaN,-0.75 
2025-06-04 11,0.51,NaN,0.00,-0.41,0.09,NaN,-0.75 
2025-06-04 12,0.52,NaN,0.00,-0.41,0.35,NaN,-0.75 
2025-06-04 13,0.52,NaN,0.00,-0.41,0.42,NaN,-0.75 
2025-06-04 14,0.53,NaN,0.00,-0.41,0.42,NaN,-0.74 
2025-06-04 15,0.53,NaN,0.00,-0.41,0.23,NaN,-0.73 
2025-06-04 16,0.53,NaN,0.00,-0.41,-0.02,NaN,-0.72 
2025-06-04 17,0.54,NaN,0.00,-0.41,-0.02,NaN,-0.72 
2025-06-04 18,0.56,NaN,0.00,-0.41,-0.14,NaN,-0.72 
2025-06-04 19,0.56,NaN,0.00,-0.41,-0.41,NaN,-0.73 
2025-06-04 20,0.56,NaN,0.00,-0.41,-0.59,NaN,-0.73 
2025-06-04 21,0.57,NaN,0.00,-0.42,-0.64,NaN,NaN 
2025-06-04 22,0.57,NaN,0.00,-0.42,-0.41,NaN,NaN 
2025-06-04 23,0.57,NaN,0.00,-0.42,0.11,NaN,NaN 
2025-06-05 00,0.57,NaN,0.00,-0.42,0.40,NaN,NaN 
2025-06-05 01,0.54,NaN,0.00,-0.42,0.51,NaN,-0.74 
2025-06-05 02,0.51,NaN,0.00,-0.42,0.50,NaN,-0.74 
2025-06-05 03,0.50,NaN,0.00,-0.42,0.49,NaN,-0.74 
2025-06-05 04,0.51,NaN,0.00,-0.42,0.39,NaN,NaN 
2025-06-05 05,0.51,NaN,0.00,-0.42,0.15,NaN,-0.74 
2025-06-05 06,0.52,NaN,0.00,-0.42,-0.12,NaN,-0.74 
2025-06-05 07,0.52,NaN,0.00,-0.42,-0.38,NaN,-0.74 
2025-06-05 08,0.52,NaN,0.00,-0.42,-0.59,NaN,-0.75 
2025-06-05 09,0.53,NaN,0.00,-0.42,-0.61,NaN,-0.75 
2025-06-05 10,0.53,NaN,0.00,-0.42,-0.44,NaN,-0.75 
2025-06-05 11,0.53,NaN,0.00,-0.42,-0.19,NaN,-0.75 
2025-06-05 12,0.53,NaN,0.00,-0.42,0.10,NaN,-0.75 
2025-06-05 13,0.52,NaN,0.00,-0.42,0.26,NaN,-0.75 
2025-06-05 14,0.52,NaN,0.00,-0.42,0.40,NaN,-0.75 
2025-06-05 15,0.52,NaN,0.00,-0.42,0.52,NaN,NaN 
2025-06-05 16,0.50,NaN,0.00,-0.42,0.40,NaN,NaN 
2025-06-05 17,0.47,NaN,0.00,-0.42,0.17,NaN,-0.75 
2025-06-05 18,0.47,NaN,0.00,-0.42,0.00,NaN,-0.75 
2025-06-05 19,0.48,NaN,0.00,-0.42,-0.18,NaN,-0.75 
2025-06-05 20,0.49,NaN,0.00,-0.42,-0.36,NaN,-0.73 
2025-06-05 21,0.50,NaN,0.00,-0.42,-0.52,NaN,-0.75 
2025-06-05 22,0.50,NaN,0.00,-0.42,-0.47,NaN,-0.75 
2025-06-05 23,0.51,NaN,0.00,-0.42,-0.20,NaN,-0.75 
2025-06-06 00,0.50,NaN,0.00,-0.42,0.15,NaN,-0.75 
2025-06-06 01,0.47,NaN,0.00,-0.42,0.49,NaN,-0.75 
2025-06-06 02,0.47,NaN,0.00,-0.42,0.65,NaN,-0.74 
2025-06-06 03,0.49,NaN,0.00,-0.42,0.62,NaN,-0.74 
2025-06-06 04,0.50,NaN,0.00,-0.41,0.57,NaN,-0.73 
2025-06-06 05,0.50,NaN,0.00,-0.41,0.44,NaN,NaN 
2025-06-06 06,0.51,NaN,0.00,-0.41,0.13,NaN,-0.71 
2025-06-06 07,0.51,NaN,0.00,-0.41,-0.13,NaN,NaN 
2025-06-06 08,0.51,NaN,0.00,-0.41,-0.43,NaN,-0.71 
2025-06-06 09,0.52,NaN,0.00,-0.41,-0.67,NaN,-0.71 
2025-06-06 10,0.52,NaN,0.00,-0.41,-0.73,NaN,-0.71 
2025-06-06 11,0.53,NaN,0.00,-0.41,-0.55,NaN,-0.71 
2025-06-06 12,0.53,NaN,0.00,-0.41,-0.22,NaN,-0.70 
2025-06-06 13,0.54,NaN,0.00,-0.41,0.09,NaN,-0.69 
2025-06-06 14,0.55,NaN,0.00,-0.41,0.34,NaN,-0.68 
2025-06-06 15,0.53,NaN,0.00,-0.41,0.49,NaN,-0.67 
2025-06-06 16,0.53,NaN,0.00,-0.41,0.54,NaN,-0.67 
2025-06-06 17,0.55,NaN,0.00,-0.40,0.47,NaN,-0.66 
2025-06-06 18,0.56,NaN,0.00,-0.40,0.25,NaN,-0.65 
2025-06-06 19,0.58,NaN,0.00,-0.40,0.06,NaN,-0.65 
2025-06-06 20,0.66,NaN,0.00,-0.40,-0.15,NaN,-0.66 
2025-06-06 21,1.01,NaN,0.00,-0.40,-0.41,NaN,-0.66 
2025-06-06 22,1.09,NaN,0.00,-0.40,-0.53,NaN,-0.66 
2025-06-06 23,1.03,NaN,0.00,-0.40,-0.41,NaN,-0.66 
2025-06-07 00,0.96,NaN,0.00,-0.40,-0.10,NaN,-0.66 
2025-06-07 01,0.90,NaN,0.00,-0.40,0.29,NaN,-0.66 
2025-06-07 02,0.87,NaN,0.00,-0.39,0.60,NaN,-0.67 
2025-06-07 03,0.84,NaN,0.00,-0.39,0.69,NaN,-0.67 
2025-06-07 04,0.83,NaN,0.00,-0.39,0.71,NaN,-0.67 
2025-06-07 05,0.81,NaN,0.00,-0.39,0.68,NaN,-0.66 
2025-06-07 06,0.80,NaN,0.00,-0.39,0.40,NaN,-0.64 
2025-06-07 07,0.80,NaN,0.00,-0.38,0.11,NaN,-0.65 
2025-06-07 08,0.80,NaN,0.00,-0.38,-0.19,NaN,-0.66 
2025-06-07 09,0.80,NaN,0.00,-0.38,-0.48,NaN,-0.66 
2025-06-07 10,0.76,NaN,0.00,-0.37,-0.74,NaN,-0.68 
2025-06-07 11,0.69,NaN,0.00,-0.37,-0.84,NaN,-0.68 
2025-06-07 12,0.67,NaN,0.00,-0.37,-0.66,NaN,NaN 
2025-06-07 13,0.67,NaN,0.00,-0.36,-0.34,NaN,-0.69 
2025-06-07 14,0.67,NaN,0.00,-0.36,0.15,NaN,-0.69 
2025-06-07 15,0.68,NaN,0.00,-0.35,0.45,NaN,-0.69 
2025-06-07 16,0.69,NaN,0.00,-0.35,0.61,NaN,-0.67 
2025-06-07 17,0.99,NaN,0.00,-0.35,0.69,NaN,-0.65 
2025-06-07 18,1.17,NaN,0.00,-0.34,0.62,NaN,-0.57 
2025-06-07 19,1.79,NaN,0.00,-0.34,0.32,NaN,-0.46 
2025-06-07 20,1.91,NaN,0.00,-0.33,0.08,NaN,-0.39 
2025-06-07 21,1.76,NaN,0.00,-0.32,-0.14,NaN,-0.33 
2025-06-07 22,1.61,NaN,0.00,-0.31,-0.40,NaN,-0.20 
2025-06-07 23,1.46,NaN,0.00,-0.30,-0.53,NaN,-0.11 
2025-06-08 00,1.35,NaN,0.00,-0.29,-0.38,NaN,-0.09 
2025-06-08 01,1.25,NaN,0.00,-0.28,0.08,NaN,-0.08 
2025-06-08 02,1.18,NaN,0.00,-0.26,0.43,NaN,-0.09 
2025-06-08 03,1.11,NaN,0.00,-0.23,0.77,NaN,-0.12 
2025-06-08 04,1.06,NaN,0.00,-0.21,0.79,NaN,-0.14 
2025-06-08 05,1.02,NaN,0.00,-0.19,0.79,NaN,-0.15 
2025-06-08 06,0.99,NaN,0.00,-0.16,0.68,NaN,-0.16 
2025-06-08 07,0.98,NaN,0.00,-0.14,0.38,NaN,-0.18 
2025-06-08 08,0.96,NaN,0.00,-0.11,0.09,NaN,-0.21 
2025-06-08 09,0.95,NaN,0.00,-0.09,-0.16,NaN,-0.24 
2025-06-08 10,0.92,NaN,0.00,-0.07,-0.42,NaN,-0.29 
2025-06-08 11,0.91,NaN,0.00,-0.05,-0.66,NaN,-0.32 
2025-06-08 12,0.89,NaN,0.00,-0.04,-0.76,NaN,NaN 
2025-06-08 13,0.87,NaN,0.00,-0.02,-0.60,NaN,NaN 
2025-06-08 14,0.86,NaN,0.00,-0.01,-0.12,NaN,-0.42 
2025-06-08 15,0.86,NaN,0.00,0.01,0.29,NaN,-0.44 
2025-06-08 16,0.85,NaN,0.00,0.02,0.53,NaN,-0.46 
2025-06-08 17,0.87,NaN,0.00,0.03,0.67,NaN,-0.48 
2025-06-08 18,0.95,NaN,0.00,0.04,0.72,NaN,-0.49 
2025-06-08 19,0.98,NaN,0.00,0.05,0.59,NaN,-0.47 
2025-06-08 20,0.97,NaN,0.00,0.05,0.36,NaN,-0.48 
2025-06-08 21,0.96,NaN,0.00,0.06,0.11,NaN,-0.51 
2025-06-08 22,0.96,NaN,0.00,0.07,-0.19,NaN,-0.53 
2025-06-08 23,0.95,NaN,0.00,0.07,-0.41,NaN,-0.55 
2025-06-09 00,0.94,NaN,0.00,0.08,-0.48,NaN,-0.57 
2025-06-09 01,0.92,NaN,0.00,0.08,-0.14,NaN,-0.58 
2025-06-09 02,0.90,NaN,0.00,0.08,0.23,NaN,-0.59 
2025-06-09 03,0.90,NaN,0.00,0.08,0.58,NaN,-0.60 
2025-06-09 04,0.89,NaN,0.00,0.09,0.80,NaN,-0.61 
2025-06-09 05,0.88,NaN,0.00,0.09,0.83,NaN,-0.61 
2025-06-09 06,0.88,NaN,0.00,0.09,0.80,NaN,-0.58 
2025-06-09 07,0.88,NaN,0.00,0.09,0.63,NaN,-0.54 
2025-06-09 08,0.87,NaN,0.00,0.09,0.27,NaN,-0.54 
2025-06-09 09,0.87,NaN,0.00,0.09,-0.07,NaN,-0.55 
2025-06-09 10,0.86,NaN,0.00,0.09,-0.39,NaN,-0.56 
2025-06-09 11,0.85,NaN,0.00,0.09,-0.72,NaN,-0.56 
2025-06-09 12,0.78,NaN,0.00,0.09,-0.95,NaN,-0.54 
2025-06-09 13,0.74,NaN,0.00,0.09,-0.96,NaN,-0.49 
2025-06-09 14,0.74,NaN,0.00,0.09,-0.70,NaN,-0.45 
2025-06-09 15,0.75,NaN,0.00,0.09,-0.13,NaN,-0.42 
2025-06-09 16,0.75,NaN,0.00,0.09,0.29,NaN,-0.41 
2025-06-09 17,0.75,NaN,0.00,0.09,0.56,NaN,-0.42 
2025-06-09 18,0.75,NaN,0.00,0.09,0.71,NaN,-0.44 
2025-06-09 19,0.76,NaN,0.00,0.09,0.71,NaN,-0.45 
2025-06-09 20,0.76,NaN,0.00,0.08,0.51,NaN,-0.45 
2025-06-09 21,0.76,NaN,0.00,0.08,0.18,NaN,-0.46 
2025-06-09 22,0.76,NaN,0.00,0.08,-0.07,NaN,-0.48 
2025-06-09 23,0.76,NaN,0.00,0.08,-0.38,NaN,-0.51 
2025-06-10 00,0.76,NaN,0.00,0.08,-0.56,NaN,-0.54 
2025-06-10 01,0.76,NaN,0.00,0.08,-0.51,NaN,-0.56 
2025-06-10 02,0.75,NaN,0.00,0.08,0.01,NaN,-0.57 
2025-06-10 03,0.76,NaN,0.00,0.08,0.39,NaN,-0.59 
2025-06-10 04,0.76,NaN,0.00,0.08,0.68,NaN,-0.60 
2025-06-10 05,0.77,NaN,0.00,0.08,0.82,NaN,-0.61 
2025-06-10 06,0.78,NaN,0.00,0.08,0.86,NaN,-0.61 
2025-06-10 07,0.76,NaN,0.00,0.08,0.78,NaN,-0.56 
2025-06-10 08,0.71,NaN,0.00,0.08,0.49,NaN,-0.55 
2025-06-10 09,0.71,NaN,0.00,0.08,0.13,NaN,-0.57 
2025-06-10 10,0.72,NaN,0.00,0.08,-0.22,NaN,-0.60 
2025-06-10 11,0.73,NaN,0.00,0.08,-0.56,NaN,NaN 
2025-06-10 12,0.74,NaN,0.00,0.08,-0.83,NaN,-0.64 
2025-06-10 13,0.74,NaN,0.00,0.07,-1.03,NaN,NaN 
2025-06-10 14,0.74,NaN,0.00,0.07,-0.95,NaN,-0.65 
2025-06-10 15,0.75,NaN,0.00,0.07,-0.65,NaN,-0.65 
2025-06-10 16,0.75,NaN,0.00,0.07,0.03,NaN,-0.65 
2025-06-10 17,0.76,NaN,0.00,0.07,0.43,NaN,-0.66 
2025-06-10 18,0.76,NaN,0.00,0.07,0.65,NaN,-0.66 
2025-06-10 19,0.77,NaN,0.00,0.07,0.72,NaN,-0.66 
2025-06-10 20,0.77,NaN,0.00,0.07,0.69,NaN,-0.66 
2025-06-10 21,0.77,NaN,0.00,0.07,0.44,NaN,-0.61 
2025-06-10 22,0.77,NaN,0.00,0.07,0.09,NaN,-0.61 
2025-06-10 23,0.77,NaN,0.00,0.07,-0.12,NaN,-0.62 
2025-06-11 00,0.77,NaN,0.00,0.07,-0.50,NaN,-0.62 
2025-06-11 01,0.78,NaN,0.00,0.07,-0.50,NaN,-0.61 
2025-06-11 02,0.79,NaN,0.00,0.07,-0.24,NaN,-0.60 
2025-06-11 03,0.79,NaN,0.00,0.07,0.11,NaN,-0.57 
2025-06-11 04,0.80,NaN,0.00,0.08,0.56,NaN,-0.54 
2025-06-11 05,0.81,NaN,0.00,0.08,0.79,NaN,-0.47 
2025-06-11 06,0.81,NaN,0.00,0.09,0.88,NaN,-0.25 
2025-06-11 07,0.79,NaN,0.00,0.09,0.88,NaN,-0.03 
2025-06-11 08,0.74,NaN,0.00,0.10,0.71,NaN,0.06 
2025-06-11 09,0.73,NaN,0.00,0.11,0.36,NaN,0.06 
2025-06-11 10,0.74,NaN,0.00,0.12,-0.01,NaN,0.02 
2025-06-11 11,0.75,NaN,0.00,0.13,-0.37,NaN,-0.04 
2025-06-11 12,0.75,NaN,0.00,0.14,-0.68,NaN,-0.10 
2025-06-11 13,0.76,NaN,0.00,0.15,-0.93,NaN,NaN 
2025-06-11 14,0.76,NaN,0.00,0.16,-1.09,NaN,-0.21 
2025-06-11 15,0.76,NaN,0.00,0.17,-0.76,NaN,-0.26 
2025-06-11 16,0.77,NaN,0.00,0.17,-0.33,NaN,-0.29 
2025-06-11 17,0.77,NaN,0.00,0.18,0.20,NaN,-0.33 
2025-06-11 18,0.78,NaN,0.00,0.19,0.51,NaN,-0.36 
2025-06-11 19,0.78,NaN,0.00,0.19,0.70,NaN,-0.38 
2025-06-11 20,0.79,NaN,0.00,0.20,0.70,NaN,-0.40 
2025-06-11 21,0.83,NaN,0.00,0.20,0.52,NaN,-0.40 
2025-06-11 22,0.86,NaN,0.00,0.21,0.26,NaN,-0.41 
2025-06-11 23,0.89,NaN,0.00,0.21,-0.05,NaN,NaN 
2025-06-12 00,0.93,NaN,0.00,0.22,-0.25,NaN,-0.45 
2025-06-12 01,1.08,NaN,0.00,0.22,-0.57,NaN,-0.48 
2025-06-12 02,1.14,NaN,0.00,0.22,-0.57,NaN,-0.49 
2025-06-12 03,1.34,NaN,0.00,0.22,-0.25,NaN,-0.51 
2025-06-12 04,1.65,NaN,0.00,0.23,0.25,NaN,-0.52 
2025-06-12 05,1.56,NaN,0.00,0.23,0.62,NaN,-0.53 
2025-06-12 06,1.53,NaN,0.00,0.23,0.81,NaN,-0.54 
2025-06-12 07,1.46,NaN,0.00,0.23,0.87,NaN,-0.54 
2025-06-12 08,1.45,NaN,0.00,0.23,0.80,NaN,-0.50 
2025-06-12 09,1.36,NaN,0.00,0.23,0.53,NaN,-0.47 
2025-06-12 10,1.27,NaN,0.00,0.23,0.15,NaN,NaN 
2025-06-12 11,1.22,0.45,0.00,0.24,-0.12,NaN,NaN 
2025-06-12 12,1.19,0.46,0.00,0.24,-0.57,NaN,-0.55 
2025-06-12 13,1.16,0.48,0.00,0.24,-0.86,NaN,-0.56 
2025-06-12 14,1.13,0.50,0.00,0.24,-1.06,NaN,-0.58 
2025-06-12 15,1.08,0.51,0.00,0.24,-1.06,NaN,-0.58 
2025-06-12 16,1.04,0.53,0.00,0.25,-0.80,NaN,-0.59 
2025-06-12 17,1.03,0.54,0.00,0.25,-0.46,NaN,-0.59 
2025-06-12 18,1.00,0.55,0.00,0.25,0.25,NaN,-0.59 
2025-06-12 19,0.98,0.56,0.00,0.25,0.56,NaN,-0.59 
2025-06-12 20,0.96,0.57,0.00,0.25,0.72,NaN,-0.58 
2025-06-12 21,0.95,0.58,0.00,0.26,0.69,NaN,-0.39 
2025-06-12 22,0.93,0.59,0.00,0.26,0.42,NaN,-0.14 
2025-06-12 23,0.92,0.59,0.00,0.26,0.08,NaN,-0.06 
2025-06-13 00,NaN,NaN,NaN,NaN,NaN,NaN,NaN 
2025-06-13 01,NaN,NaN,NaN,NaN,NaN,NaN,NaN 
2025-06-13 02,NaN,NaN,NaN,NaN,NaN,NaN,NaN 
2025-06-13 03,NaN,NaN,NaN,NaN,NaN,NaN,NaN 
2025-06-13 04,NaN,NaN,NaN,NaN,NaN,NaN,NaN 
2025-06-13 05,0.89,0.63,0.00,0.28,0.42,NaN,-0.28 
2025-06-13 06,0.89,0.64,0.00,0.29,0.77,NaN,-0.32 
2025-06-13 07,NaN,NaN,NaN,NaN,NaN,NaN,NaN 
2025-06-13 08,NaN,NaN,NaN,NaN,NaN,NaN,NaN 
2025-06-13 09,0.87,0.65,0.00,0.29,0.73,NaN,-0.34 
2025-06-13 10,0.87,0.65,0.00,0.30,0.39,NaN,-0.36 
2025-06-13 11,0.83,0.66,0.00,0.30,0.02,NaN,-0.39 
2025-06-13 12,0.77,0.66,0.00,0.30,-0.33,NaN,-0.43 
2025-06-13 13,0.73,0.67,0.00,0.31,-0.66,NaN,-0.46 
2025-06-13 14,0.75,0.67,0.00,0.31,-0.91,NaN,-0.48 
2025-06-13 15,0.77,0.67,0.00,0.31,-1.09,NaN,-0.50 
2025-06-13 16,0.78,0.67,0.00,0.31,-0.85,NaN,-0.52 
2025-06-13 17,0.78,0.68,0.00,0.31,-0.36,NaN,-0.53 
2025-06-13 18,0.78,0.68,0.00,0.31,0.10,NaN,-0.54 
2025-06-13 19,0.77,0.69,0.00,0.31,0.46,NaN,-0.55 
2025-06-13 20,0.77,0.69,0.00,0.31,0.67,NaN,-0.56 
2025-06-13 21,0.76,0.69,0.00,0.31,0.70,NaN,-0.57 
2025-06-13 22,0.76,0.69,0.00,0.31,0.53,NaN,-0.56 
2025-06-13 23,0.76,0.69,0.00,0.31,0.22,NaN,-0.55 
2025-06-14 00,0.77,0.69,0.00,0.31,-0.10,NaN,-0.57 
2025-06-14 01,0.77,0.70,0.00,0.31,-0.36,NaN,-0.58 
2025-06-14 02,0.78,0.70,0.00,0.31,-0.54,NaN,-0.60 
2025-06-14 03,0.79,0.70,0.00,0.32,-0.59,NaN,-0.60 
2025-06-14 04,0.79,0.70,0.00,0.32,-0.44,NaN,-0.61 
2025-06-14 05,0.79,0.70,0.00,0.31,0.09,NaN,-0.62 
2025-06-14 06,0.80,0.70,0.00,0.31,0.55,NaN,NaN 
2025-06-14 07,0.78,0.70,0.00,0.31,0.77,NaN,-0.63 
2025-06-14 08,0.74,0.70,0.00,0.31,0.88,NaN,-0.63 
2025-06-14 09,0.74,0.70,0.00,0.31,0.85,NaN,-0.62 
2025-06-14 10,0.76,0.70,0.00,0.31,0.59,NaN,-0.55 
2025-06-14 11,0.78,0.70,0.00,0.31,0.24,NaN,-0.57 
2025-06-14 12,0.79,0.70,0.00,0.31,-0.11,NaN,-0.60 
2025-06-14 13,0.80,0.70,0.00,0.31,-0.46,NaN,-0.62 
2025-06-14 14,0.80,0.69,0.00,0.31,-0.78,NaN,-0.64 
2025-06-14 15,0.81,0.69,0.00,0.31,-1.01,NaN,-0.65 
2025-06-14 16,0.79,0.69,0.00,0.31,-1.05,NaN,-0.66 
2025-06-14 17,0.79,0.69,0.00,0.31,-0.59,NaN,-0.66 
2025-06-14 18,0.78,0.69,0.00,0.31,-0.13,NaN,-0.67 
2025-06-14 19,0.77,0.69,0.00,0.31,0.23,NaN,-0.67 
2025-06-14 20,0.76,0.69,0.00,0.31,0.54,NaN,-0.67 
2025-06-14 21,0.76,0.68,0.00,0.31,0.70,NaN,-0.68 
2025-06-14 22,0.76,0.68,0.00,0.30,0.69,NaN,-0.68 
2025-06-14 23,0.73,0.68,0.00,0.30,0.47,NaN,NaN 
2025-06-15 00,0.72,0.68,0.00,0.30,0.10,NaN,-0.65 
2025-06-15 01,0.73,0.68,0.00,0.30,-0.16,NaN,-0.66 
2025-06-15 02,0.73,0.68,0.00,0.30,-0.41,NaN,NaN 
2025-06-15 03,0.73,0.68,0.00,0.30,-0.57,NaN,-0.67 
2025-06-15 04,0.73,0.68,0.00,0.30,-0.47,NaN,-0.68 
2025-06-15 05,0.73,0.67,0.00,0.30,-0.14,NaN,NaN 
2025-06-15 06,0.73,0.67,0.00,0.30,0.28,NaN,-0.68 
2025-06-15 07,0.73,0.67,0.00,0.30,0.64,NaN,-0.69 
2025-06-15 08,0.73,0.67,0.00,0.30,0.83,NaN,NaN 
2025-06-15 09,0.72,0.67,0.00,0.30,0.90,NaN,NaN 
2025-06-15 10,0.73,0.67,0.00,0.30,0.82,NaN,-0.65 
2025-06-15 11,0.72,0.66,0.00,0.30,0.49,NaN,-0.57 
2025-06-15 12,0.71,0.66,0.00,0.30,0.15,NaN,-0.60 
2025-06-15 13,0.71,0.68,0.00,0.30,-0.18,NaN,-0.64 
2025-06-15 14,0.72,0.67,0.00,0.30,-0.53,NaN,-0.66 
2025-06-15 15,0.66,0.67,0.00,0.30,-0.81,NaN,-0.68 
2025-06-15 16,0.66,0.67,0.00,0.30,-0.99,NaN,-0.69 
2025-06-15 17,0.65,0.67,0.00,0.29,-1.00,NaN,-0.70 
2025-06-15 18,0.65,0.67,0.00,0.29,-0.51,NaN,-0.70 
2025-06-15 19,0.64,0.67,0.00,0.29,0.04,NaN,-0.71 
2025-06-15 20,0.63,0.67,0.00,0.29,0.39,NaN,-0.71 
2025-06-15 21,0.67,0.66,0.00,0.29,0.64,NaN,-0.71 
2025-06-15 22,0.68,0.66,0.00,0.29,0.70,NaN,-0.71 
2025-06-15 23,0.67,0.66,0.00,0.29,0.59,NaN,-0.70 
2025-06-16 00,0.67,0.66,0.00,0.29,0.32,NaN,-0.68 
2025-06-16 01,0.67,0.66,0.00,0.29,0.01,NaN,-0.68 
2025-06-16 02,0.67,0.66,0.00,0.29,-0.18,NaN,-0.69 
2025-06-16 03,0.66,0.65,0.00,0.29,-0.45,NaN,-0.66 
2025-06-16 04,0.66,0.65,0.00,0.29,-0.57,NaN,-0.53 
2025-06-16 05,0.66,0.65,0.00,0.29,-0.38,NaN,-0.45 
2025-06-16 06,0.66,0.65,0.00,0.29,-0.04,NaN,-0.42 
2025-06-16 07,0.65,0.65,0.00,0.29,0.37,NaN,-0.42 
2025-06-16 08,0.65,0.65,0.00,0.29,0.73,NaN,NaN 
2025-06-16 09,0.65,0.64,0.00,0.28,0.84,NaN,-0.46 
2025-06-16 10,0.65,0.64,0.00,0.28,0.84,NaN,-0.46 
2025-06-16 11,0.65,0.63,0.00,0.28,0.64,NaN,-0.44 
2025-06-16 12,0.65,0.64,0.00,0.28,0.36,NaN,-0.45 
2025-06-16 13,0.63,0.64,0.00,0.28,0.04,NaN,-0.49 
2025-06-16 14,0.62,0.63,0.00,0.29,-0.19,NaN,-0.52 
2025-06-16 15,0.61,0.63,0.00,0.29,-0.63,NaN,-0.55 
2025-06-16 16,0.63,0.63,0.00,0.29,-0.90,NaN,-0.57 
2025-06-16 17,0.63,0.63,0.00,0.28,-0.99,NaN,-0.59 
2025-06-16 18,0.63,0.63,0.00,0.28,-0.92,NaN,-0.60 
2025-06-16 19,0.63,0.63,0.00,0.28,-0.81,NaN,-0.61 
2025-06-16 20,0.63,0.63,0.00,0.28,0.17,NaN,-0.62 
2025-06-16 21,0.63,0.62,0.00,0.28,0.45,NaN,-0.63 
2025-06-16 22,0.62,0.62,0.00,0.28,0.63,NaN,-0.63 
2025-06-16 23,0.63,0.62,0.00,0.28,0.68,NaN,-0.64 
2025-06-17 00,0.63,0.61,0.00,0.27,0.57,NaN,NaN 
2025-06-17 01,0.64,0.61,0.00,0.28,0.29,NaN,-0.62 
2025-06-17 02,0.65,0.61,0.00,0.27,-0.03,NaN,-0.63 
2025-06-17 03,0.65,0.61,0.00,0.27,-0.21,NaN,-0.64 
2025-06-17 04,0.66,0.61,0.00,0.27,-0.44,NaN,-0.64 
2025-06-17 05,0.66,0.61,0.00,0.27,-0.55,NaN,NaN 
2025-06-17 06,0.66,0.60,0.00,0.27,-0.51,NaN,NaN 
2025-06-17 07,0.63,0.60,0.00,0.27,-0.22,NaN,-0.66 
2025-06-17 08,0.60,0.60,0.00,0.27,0.35,NaN,NaN 
2025-06-17 09,0.60,0.60,0.00,0.27,0.70,NaN,NaN 
2025-06-17 10,0.60,0.60,0.00,0.26,0.81,NaN,-0.68 
2025-06-17 11,0.61,0.59,0.00,0.26,0.77,NaN,-0.67 
2025-06-17 12,0.61,0.59,0.00,0.26,0.57,NaN,-0.64 
2025-06-17 13,0.62,0.59,0.00,0.26,0.26,NaN,-0.63 
2025-06-17 14,0.63,0.59,0.00,0.26,-0.07,NaN,-0.65 
2025-06-17 15,0.63,0.59,0.00,0.26,-0.31,NaN,-0.66 
2025-06-17 16,0.63,0.58,0.00,0.26,-0.61,NaN,-0.67 
2025-06-17 17,0.62,0.58,0.00,0.26,-0.83,NaN,NaN 
2025-06-17 18,0.63,0.58,0.00,0.26,-0.81,NaN,-0.69 
2025-06-17 19,0.62,0.58,0.00,0.25,-0.49,NaN,-0.69 
2025-06-17 20,0.60,0.58,0.00,0.25,-0.05,NaN,-0.70 
2025-06-17 21,0.60,0.58,0.00,0.25,0.30,NaN,-0.70 
2025-06-17 22,0.60,0.57,0.00,0.25,0.53,NaN,-0.70 
2025-06-17 23,0.60,0.57,0.00,0.24,0.65,NaN,-0.70 
2025-06-18 00,0.60,0.57,0.00,0.24,0.66,NaN,-0.70 
2025-06-18 01,0.61,0.57,0.00,0.24,0.53,NaN,-0.69 
2025-06-18 02,0.63,0.57,0.00,0.24,0.22,NaN,-0.67 
2025-06-18 03,0.63,0.57,0.00,0.24,-0.07,NaN,-0.67 
2025-06-18 04,0.63,0.56,0.00,0.24,-0.30,NaN,-0.67 
2025-06-18 05,0.64,0.56,0.00,0.24,-0.51,NaN,NaN 
2025-06-18 06,0.64,0.56,0.00,0.23,-0.58,NaN,-0.66 
2025-06-18 07,0.63,0.56,0.00,0.23,-0.43,NaN,-0.65 
2025-06-18 08,0.60,0.56,0.00,0.23,-0.13,NaN,NaN 
2025-06-18 09,0.58,0.56,0.00,0.23,0.33,NaN,NaN 
2025-06-18 10,0.57,0.56,0.00,0.23,0.60,NaN,-0.61 
2025-06-18 11,0.63,0.56,0.00,0.23,0.69,NaN,-0.60 
2025-06-18 12,0.67,0.55,0.00,0.22,0.69,NaN,-0.60 
2025-06-18 13,0.68,0.55,0.00,0.22,0.49,NaN,-0.58 
2025-06-18 14,0.68,0.55,0.00,0.22,0.18,NaN,-0.57 
2025-06-18 15,0.67,0.55,0.00,0.22,-0.09,NaN,-0.58 
2025-06-18 16,0.66,0.55,0.00,0.22,-0.38,NaN,-0.60 
2025-06-18 17,0.66,0.55,0.00,0.22,-0.63,NaN,-0.61 
2025-06-18 18,0.63,0.55,0.00,0.21,-0.74,NaN,-0.62 
2025-06-18 19,0.60,0.55,0.00,0.21,-0.68,NaN,-0.63 
2025-06-18 20,0.56,0.54,0.00,0.21,-0.40,NaN,-0.64 
2025-06-18 21,0.55,0.54,0.00,0.21,0.07,NaN,-0.64 
2025-06-18 22,0.54,0.54,0.00,0.21,0.39,NaN,-0.65 
2025-06-18 23,0.54,0.54,0.00,0.20,0.59,NaN,-0.65 
2025-06-19 00,0.56,0.54,0.00,0.20,0.70,NaN,-0.66 
2025-06-19 01,0.56,0.54,0.00,0.20,0.68,NaN,-0.66 
2025-06-19 02,0.57,0.54,0.00,0.20,0.52,NaN,-0.64 
2025-06-19 03,0.57,0.53,0.00,0.20,0.26,NaN,-0.64 
2025-06-19 04,0.58,0.53,0.00,0.20,-0.01,NaN,-0.64 
2025-06-19 05,0.58,0.53,0.00,0.20,-0.30,NaN,-0.65 
2025-06-19 06,0.59,0.53,0.00,0.19,-0.58,NaN,NaN 
2025-06-19 07,0.62,0.53,0.00,0.19,-0.66,NaN,-0.67 
2025-06-19 08,0.61,0.52,0.00,0.19,-0.49,NaN,NaN 
2025-06-19 09,0.61,0.52,0.00,0.19,-0.15,NaN,-0.67 
2025-06-19 10,0.61,0.52,0.00,0.19,0.27,NaN,-0.67 
2025-06-19 11,0.61,0.52,0.00,0.18,0.50,NaN,NaN 
2025-06-19 12,0.61,0.52,0.00,0.18,0.63,NaN,-0.68 
2025-06-19 13,0.62,0.51,0.00,0.18,0.64,NaN,-0.68 
2025-06-19 14,0.62,0.51,0.00,0.18,0.50,NaN,-0.67 
2025-06-19 15,0.62,0.51,0.00,0.18,0.25,NaN,-0.67 
2025-06-19 16,0.61,0.50,0.00,0.17,-0.03,NaN,-0.67 
2025-06-19 17,0.60,0.50,0.00,0.17,-0.21,NaN,-0.68 
2025-06-19 18,0.60,0.50,0.00,0.17,-0.55,NaN,-0.68 
2025-06-19 19,0.59,0.50,0.00,0.17,-0.71,NaN,-0.69 
2025-06-19 20,0.59,0.50,0.00,0.17,-0.69,NaN,-0.69 
2025-06-19 21,0.58,0.50,0.00,0.16,-0.60,NaN,-0.70 
2025-06-19 22,0.58,0.49,0.00,0.16,0.11,NaN,-0.70 
2025-06-19 23,0.58,0.49,0.00,0.16,0.41,NaN,-0.70 
2025-06-20 00,0.58,0.49,0.00,0.16,0.59,NaN,-0.70 
2025-06-20 01,0.58,0.49,0.00,0.15,0.72,NaN,-0.71 
2025-06-20 02,0.59,0.49,0.00,0.15,0.74,NaN,-0.71 
2025-06-20 03,0.59,0.48,0.00,0.15,0.61,NaN,-0.69 
2025-06-20 04,0.59,0.48,0.00,0.15,0.29,NaN,-0.67 
2025-06-20 05,0.59,0.48,0.00,0.15,-0.07,NaN,-0.67 
2025-06-20 06,0.58,0.48,0.00,0.14,-0.23,NaN,-0.69 
2025-06-20 07,0.60,0.48,0.00,0.14,-0.65,NaN,-0.70 
2025-06-20 08,0.59,0.48,0.00,0.14,-0.81,NaN,NaN 
2025-06-20 09,0.59,0.47,0.00,0.14,-0.74,NaN,NaN 
2025-06-20 10,0.59,0.47,0.00,0.14,-0.63,NaN,NaN 
2025-06-20 11,0.60,0.47,0.00,0.13,-0.01,NaN,-0.72 
2025-06-20 12,0.60,0.47,0.00,0.13,0.38,NaN,-0.72 
2025-06-20 13,0.60,0.46,0.00,0.13,0.56,NaN,-0.72 
2025-06-20 14,0.60,0.46,0.00,0.12,0.63,NaN,NaN 
2025-06-20 15,0.61,0.45,0.00,0.12,0.62,NaN,NaN 
2025-06-20 16,0.60,0.47,0.00,0.12,0.41,NaN,-0.71 
2025-06-20 17,0.60,0.47,0.00,0.12,0.02,NaN,-0.71 
2025-06-20 18,0.61,0.47,0.00,0.11,-0.17,NaN,-0.71 
2025-06-20 19,0.60,0.47,0.00,0.11,-0.46,NaN,-0.72 
2025-06-20 20,0.60,0.47,0.00,0.11,-0.60,NaN,-0.72 
2025-06-20 21,0.59,0.47,0.00,0.11,-0.52,NaN,-0.68 
2025-06-20 22,0.59,0.47,0.00,0.10,-0.45,NaN,-0.70 
2025-06-20 23,0.59,0.47,0.00,0.10,0.13,NaN,-0.71 
2025-06-21 00,0.60,0.46,0.00,0.10,0.47,NaN,NaN 
2025-06-21 01,0.60,0.46,0.00,0.10,0.69,NaN,NaN 
2025-06-21 02,0.60,0.46,0.00,0.10,0.79,NaN,NaN 
2025-06-21 03,0.60,0.46,0.00,0.09,0.81,NaN,-0.69 
2025-06-21 04,0.60,0.46,0.00,0.09,0.67,NaN,-0.62 
2025-06-21 05,0.60,0.46,0.00,0.09,0.33,NaN,-0.58 
2025-06-21 06,0.60,0.46,0.00,0.09,-0.06,NaN,-0.57 
2025-06-21 07,0.60,0.46,0.00,0.09,-0.25,NaN,-0.53 
2025-06-21 08,0.60,0.46,0.00,0.09,-0.72,NaN,-0.48 
2025-06-21 09,0.60,0.46,0.00,0.08,-0.83,NaN,-0.44 
2025-06-21 10,0.60,0.46,0.00,0.08,-0.85,NaN,-0.43 
2025-06-21 11,0.61,0.46,0.00,0.08,-0.78,NaN,-0.43 
2025-06-21 12,0.61,0.45,0.00,0.08,-0.65,NaN,-0.43 
2025-06-21 13,0.62,0.45,0.00,0.08,0.26,NaN,-0.44 
2025-06-21 14,0.62,0.45,0.00,0.07,0.51,NaN,NaN 
2025-06-21 15,0.63,0.46,0.00,0.07,0.63,NaN,-0.47 
2025-06-21 16,0.66,0.47,0.00,0.07,0.56,NaN,NaN 
2025-06-21 17,0.65,0.45,0.00,0.07,0.34,NaN,-0.49 
2025-06-21 18,0.64,0.46,0.00,0.07,0.06,NaN,-0.51 
2025-06-21 19,0.63,0.45,0.00,0.06,-0.09,NaN,-0.53 
2025-06-21 20,0.63,0.46,0.00,0.06,-0.40,NaN,-0.55 
2025-06-21 21,0.63,0.46,0.00,0.06,-0.57,NaN,-0.57 
2025-06-21 22,0.65,0.45,0.00,0.06,-0.54,NaN,-0.58 
2025-06-21 23,0.66,0.45,0.00,0.06,-0.48,NaN,-0.59 
2025-06-22 00,0.67,0.45,0.00,0.06,0.19,NaN,-0.60 
2025-06-22 01,0.68,0.45,0.00,0.06,0.54,NaN,-0.61 
2025-06-22 02,0.68,0.45,0.00,0.06,0.73,NaN,-0.61 
2025-06-22 03,0.69,0.45,0.00,0.06,0.85,NaN,NaN 
2025-06-22 04,0.69,0.45,0.00,0.06,0.88,NaN,NaN 
2025-06-22 05,0.68,0.45,0.00,0.06,0.71,NaN,NaN 
2025-06-22 06,0.67,0.45,0.00,0.07,0.34,NaN,-0.53 
2025-06-22 07,0.67,0.45,0.00,0.07,-0.03,NaN,NaN 
2025-06-22 08,0.66,0.44,0.00,0.07,-0.23,NaN,-0.59 
2025-06-22 09,0.66,0.44,0.00,0.08,-0.69,NaN,-0.62 
2025-06-22 10,0.66,0.44,0.00,0.08,-0.91,NaN,-0.63 
2025-06-22 11,0.67,0.44,0.00,0.09,-0.99,NaN,-0.64 
2025-06-22 12,0.68,0.44,0.00,0.09,-0.81,NaN,-0.64 
2025-06-22 13,0.69,0.44,0.00,0.09,-0.16,NaN,-0.65 
2025-06-22 14,0.69,0.45,0.00,0.09,0.25,NaN,-0.65 
2025-06-22 15,0.69,0.44,0.00,0.10,0.54,NaN,-0.38 
2025-06-22 16,0.73,0.43,0.00,0.10,0.66,NaN,-0.51 
2025-06-22 17,0.73,0.44,0.00,0.10,0.71,NaN,-0.46 
2025-06-22 18,0.73,0.44,0.00,0.10,0.52,NaN,-0.38 
2025-06-22 19,0.73,0.43,0.00,0.10,0.20,NaN,-0.32 
2025-06-22 20,0.73,0.43,0.00,0.10,-0.14,NaN,-0.30 
2025-06-22 21,0.73,0.43,0.00,0.10,-0.37,NaN,-0.32 
2025-06-22 22,0.72,0.43,0.00,0.10,-0.53,NaN,-0.35 
2025-06-22 23,0.72,0.43,0.00,0.10,-0.48,NaN,-0.37 
2025-06-23 00,0.72,0.43,0.00,0.10,-0.12,NaN,-0.36 
2025-06-23 01,0.72,0.43,0.00,0.11,0.23,NaN,-0.28 
2025-06-23 02,0.72,0.43,0.00,0.11,0.58,NaN,NaN 
2025-06-23 03,0.72,0.44,0.00,0.12,0.81,NaN,-0.16 
2025-06-23 04,0.72,0.43,0.00,0.13,0.93,NaN,-0.17 
2025-06-23 05,0.72,0.43,0.00,0.14,0.95,NaN,NaN 
2025-06-23 06,0.70,0.43,0.00,0.14,0.76,NaN,-0.17 
2025-06-23 07,0.70,0.43,0.00,0.15,0.38,NaN,-0.20 
2025-06-23 08,0.70,0.44,0.00,0.16,-0.02,NaN,-0.26 
2025-06-23 09,0.70,0.44,0.00,0.17,-0.35,NaN,-0.31 
2025-06-23 10,0.70,0.43,0.00,0.17,-0.68,NaN,-0.36 
2025-06-23 11,0.69,0.43,0.00,0.18,-0.94,NaN,-0.39 
2025-06-23 12,0.71,0.43,0.00,0.18,-1.09,NaN,-0.43 
2025-06-23 13,0.71,0.43,0.00,0.19,-0.88,NaN,NaN 
2025-06-23 14,0.72,0.43,0.00,0.19,-0.25,NaN,-0.47 
2025-06-23 15,0.73,0.43,0.00,0.19,0.19,NaN,-0.49 
2025-06-23 16,0.73,0.43,0.00,0.19,0.54,NaN,-0.51 
2025-06-23 17,0.73,0.44,0.00,0.19,0.73,NaN,-0.52 
2025-06-23 18,0.73,0.44,0.00,0.19,0.79,NaN,NaN 
2025-06-23 19,0.73,0.43,0.00,0.19,0.66,NaN,-0.47 
2025-06-23 20,0.73,0.43,0.00,0.19,0.33,NaN,-0.41 
2025-06-23 21,0.73,0.43,0.00,0.19,-0.05,NaN,-0.39 
2025-06-23 22,0.73,0.43,0.00,0.19,-0.33,NaN,-0.39 
2025-06-23 23,0.73,0.43,0.00,0.19,-0.51,NaN,-0.39 
2025-06-24 00,0.73,0.43,0.00,0.19,-0.49,NaN,NaN 
2025-06-24 01,0.73,0.44,0.00,0.19,-0.08,NaN,-0.39 
2025-06-24 02,0.73,0.44,0.00,0.19,0.33,NaN,-0.38 
2025-06-24 03,0.73,0.44,0.00,0.19,0.66,NaN,-0.36 
2025-06-24 04,0.73,0.44,0.00,0.19,0.85,NaN,-0.37 
2025-06-24 05,0.73,0.44,0.00,0.19,0.95,NaN,-0.37 
2025-06-24 06,0.72,0.44,0.00,0.19,0.97,NaN,-0.34 
2025-06-24 07,0.71,0.44,0.00,0.19,0.82,NaN,NaN 
2025-06-24 08,0.70,0.44,0.00,0.19,0.43,NaN,NaN 
2025-06-24 09,0.70,0.44,0.00,0.18,0.01,NaN,-0.39 
2025-06-24 10,0.70,0.44,0.00,0.18,-0.33,NaN,-0.43 
2025-06-24 11,0.70,0.44,0.00,0.18,-0.66,NaN,-0.47 
2025-06-24 12,0.70,0.44,0.00,0.18,-0.94,NaN,-0.50 
2025-06-24 13,0.70,0.43,0.00,0.18,-1.11,NaN,-0.51 
2025-06-24 14,0.71,0.45,0.00,0.18,-0.94,NaN,-0.53 
2025-06-24 15,0.71,0.44,0.00,0.17,-0.32,NaN,-0.54 
2025-06-24 16,0.72,0.44,0.00,0.17,0.18,NaN,-0.55 
2025-06-24 17,0.73,0.44,0.00,0.17,0.55,NaN,-0.56 
2025-06-24 18,0.73,0.44,0.00,0.17,0.76,NaN,-0.57 
2025-06-24 19,0.73,0.44,0.00,0.16,0.80,NaN,-0.57 
2025-06-24 20,0.73,0.44,0.00,0.16,0.67,NaN,-0.54 
2025-06-24 21,0.72,0.44,0.00,0.16,0.31,NaN,-0.51 
2025-06-24 22,0.71,0.44,0.00,0.15,-0.06,NaN,-0.52 
2025-06-24 23,0.70,0.44,0.00,0.15,-0.37,NaN,NaN 
2025-06-25 00,0.70,0.44,0.00,0.15,-0.57,NaN,-0.55 
2025-06-25 01,0.71,0.44,0.00,0.15,-0.55,NaN,NaN 
2025-06-25 02,0.72,0.44,0.00,0.15,-0.11,NaN,-0.57 
2025-06-25 03,0.71,0.43,0.00,0.16,0.31,NaN,NaN 
2025-06-25 04,0.71,0.43,0.00,0.16,0.71,NaN,-0.59 
2025-06-25 05,0.71,0.44,0.00,0.16,0.90,NaN,-0.59 
2025-06-25 06,0.70,0.43,0.00,0.16,0.99,NaN,-0.58 
2025-06-25 07,0.70,0.43,0.00,0.16,0.99,NaN,-0.48 
2025-06-25 08,0.70,0.43,0.00,0.16,0.77,NaN,NaN 
2025-06-25 09,0.69,0.43,0.00,0.17,0.39,NaN,-0.44 
2025-06-25 10,0.70,0.43,0.00,0.17,0.00,NaN,-0.48 
2025-06-25 11,0.70,0.43,0.00,0.17,-0.32,NaN,-0.52 
2025-06-25 12,0.69,0.43,0.00,0.17,-0.65,NaN,-0.54 
2025-06-25 13,0.70,0.43,0.00,0.17,-0.94,NaN,-0.56 
2025-06-25 14,0.72,0.43,0.00,0.17,-1.13,NaN,-0.58 
2025-06-25 15,0.73,0.43,0.00,0.17,-0.95,NaN,-0.59 
2025-06-25 16,0.74,0.43,0.00,0.17,-0.19,NaN,-0.60 
2025-06-25 17,0.79,0.42,0.00,0.17,0.29,NaN,-0.60 
2025-06-25 18,0.83,0.42,0.00,0.17,0.64,NaN,-0.61 
2025-06-25 19,0.87,0.43,0.00,0.16,0.83,NaN,-0.61 
2025-06-25 20,0.87,0.42,0.00,0.16,0.84,NaN,-0.62 
2025-06-25 21,0.86,0.42,0.00,0.16,0.63,NaN,-0.55 
2025-06-25 22,0.84,0.42,0.00,0.16,0.26,NaN,-0.53 
2025-06-25 23,0.83,0.42,0.00,0.16,-0.09,NaN,-0.55 
2025-06-26 00,0.82,0.42,0.00,0.16,-0.38,NaN,-0.58 
2025-06-26 01,0.81,0.42,0.00,0.16,-0.57,NaN,NaN 
2025-06-26 02,0.80,0.42,0.00,0.15,-0.53,NaN,-0.59 
2025-06-26 03,0.80,0.42,0.00,0.15,-0.13,NaN,-0.57 
2025-06-26 04,0.80,0.42,0.00,0.15,0.38,NaN,-0.55 
2025-06-26 05,0.79,0.42,0.00,0.15,0.75,NaN,-0.54 
2025-06-26 06,0.78,0.42,0.00,0.14,0.93,NaN,-0.54 
2025-06-26 07,0.77,0.42,0.00,0.14,1.00,NaN,-0.53 
2025-06-26 08,0.77,0.42,0.00,0.14,0.98,NaN,-0.44 
2025-06-26 09,NaN,NaN,NaN,NaN,NaN,NaN,NaN 
2025-06-26 10,0.76,0.42,0.00,0.14,0.32,NaN,-0.43 
2025-06-26 11,0.77,0.42,0.00,0.13,-0.05,NaN,-0.49 
2025-06-26 12,0.77,0.42,0.00,0.13,-0.36,NaN,-0.53 
2025-06-26 13,0.77,0.42,0.00,0.13,-0.69,NaN,-0.57 
2025-06-26 14,0.77,0.42,0.00,0.13,-0.97,NaN,-0.59 
2025-06-26 15,0.77,0.42,0.00,0.12,-1.10,NaN,-0.53 
2025-06-26 16,0.78,0.42,0.00,0.12,-0.89,NaN,-0.56 
2025-06-26 17,0.77,0.42,0.00,0.12,-0.08,NaN,-0.59 
2025-06-26 18,0.76,0.42,0.00,0.11,0.40,NaN,-0.60 
2025-06-26 19,0.72,0.42,0.00,0.11,0.73,NaN,-0.61 
2025-06-26 20,0.71,0.42,0.00,0.11,0.85,NaN,-0.61 
2025-06-26 21,0.72,0.42,0.00,0.10,0.85,NaN,-0.60 
2025-06-26 22,0.72,0.41,0.00,0.10,0.60,NaN,-0.53 
2025-06-26 23,0.73,0.42,0.00,0.10,0.21,NaN,-0.54 
2025-06-27 00,0.74,0.42,0.00,0.10,-0.15,NaN,-0.57 
2025-06-27 01,0.76,0.43,0.00,0.09,-0.42,NaN,-0.60 
2025-06-27 02,0.76,0.41,0.00,0.09,-0.59,NaN,-0.62 
2025-06-27 03,0.77,0.42,0.00,0.09,-0.54,NaN,-0.63 
2025-06-27 04,0.79,0.42,0.00,0.09,0.02,NaN,-0.64 
2025-06-27 05,0.79,0.41,0.00,0.09,0.48,NaN,NaN 
2025-06-27 06,0.79,0.41,0.00,0.08,0.80,NaN,-0.64 
2025-06-27 07,0.79,0.41,0.00,0.08,0.93,NaN,NaN 
2025-06-27 08,0.78,0.41,0.00,0.08,0.98,NaN,-0.61 
2025-06-27 09,0.78,0.41,0.00,0.08,0.95,NaN,-0.49 
2025-06-27 10,0.77,0.41,0.00,0.07,0.67,NaN,-0.46 
2025-06-27 11,0.77,0.41,0.00,0.07,0.29,NaN,-0.51 
2025-06-27 12,0.77,0.41,0.00,0.07,-0.09,NaN,-0.56 
2025-06-27 13,0.77,0.41,0.00,0.07,-0.41,NaN,-0.60 
2025-06-27 14,0.77,0.41,0.00,0.07,-0.74,NaN,-0.63 
2025-06-27 15,0.76,0.41,0.00,0.06,-0.97,NaN,-0.65 
2025-06-27 16,0.76,0.41,0.00,0.06,-1.02,NaN,-0.66 
2025-06-27 17,0.75,0.41,0.00,0.06,-0.75,NaN,-0.67 
2025-06-27 18,0.75,0.41,0.00,0.06,0.10,NaN,-0.67 
2025-06-27 19,0.74,0.41,0.00,0.06,0.50,NaN,-0.67 
2025-06-27 20,0.74,0.41,0.00,0.05,0.78,NaN,-0.67 
2025-06-27 21,0.74,0.41,0.00,0.05,0.89,NaN,-0.66 
2025-06-27 22,0.76,0.42,0.00,0.05,0.83,NaN,-0.62 
2025-06-27 23,0.78,0.41,0.00,0.05,0.50,NaN,-0.52 
2025-06-28 00,0.79,0.42,0.00,0.05,0.11,NaN,-0.50 
2025-06-28 01,0.79,0.41,0.00,0.05,-0.22,NaN,-0.48 
2025-06-28 02,0.80,0.41,0.00,0.05,-0.46,NaN,-0.46 
2025-06-28 03,0.80,0.42,0.00,0.04,-0.56,NaN,-0.45 
2025-06-28 04,0.80,0.42,0.00,0.04,-0.47,NaN,-0.46 
2025-06-28 05,0.80,0.42,0.00,0.04,0.11,NaN,-0.47 
2025-06-28 06,0.80,0.42,0.00,0.04,0.57,NaN,-0.48 
2025-06-28 07,0.80,0.43,0.00,0.04,0.85,NaN,-0.49 
2025-06-28 08,0.79,0.44,0.00,0.04,0.94,NaN,NaN 
2025-06-28 09,0.79,0.44,0.00,0.04,0.97,NaN,NaN 
2025-06-28 10,0.79,0.44,0.00,0.04,0.84,NaN,-0.37 
2025-06-28 11,0.79,0.45,0.00,0.04,0.53,NaN,-0.39 
2025-06-28 12,0.80,0.45,0.00,0.04,0.17,NaN,-0.43 
2025-06-28 13,0.79,0.45,0.00,0.04,-0.19,NaN,-0.48 
2025-06-28 14,0.79,0.46,0.00,0.04,-0.50,NaN,-0.52 
2025-06-28 15,0.79,0.46,0.00,0.04,-0.79,NaN,-0.54 
2025-06-28 16,0.79,0.46,0.00,0.04,-1.00,NaN,-0.57 
2025-06-28 17,0.79,0.46,0.00,0.04,-0.81,NaN,-0.58 
2025-06-28 18,0.79,0.47,0.00,0.04,-0.05,NaN,-0.59 
2025-06-28 19,0.78,0.47,0.00,0.04,0.34,NaN,-0.60 
2025-06-28 20,0.79,0.47,0.00,0.04,0.65,NaN,-0.61 
2025-06-28 21,0.80,0.47,0.00,0.04,0.85,NaN,-0.62 
2025-06-28 22,NaN,NaN,NaN,NaN,NaN,NaN,NaN 
2025-06-28 23,0.81,0.47,0.00,0.04,0.78,NaN,-0.54 
2025-06-29 00,0.78,0.47,0.00,0.04,0.41,NaN,-0.48 
2025-06-29 01,0.76,0.47,0.00,0.04,0.05,NaN,-0.49 
2025-06-29 02,0.76,0.47,0.00,0.04,-0.25,NaN,-0.50 
2025-06-29 03,0.76,0.47,0.00,0.04,-0.44,NaN,-0.51 
2025-06-29 04,0.76,0.47,0.00,0.05,-0.46,NaN,-0.50 
2025-06-29 05,0.76,0.47,0.00,0.05,-0.22,NaN,-0.49 
2025-06-29 06,0.76,0.48,0.00,0.05,0.25,NaN,-0.47 
2025-06-29 07,0.76,0.48,0.00,0.05,0.67,NaN,-0.46 
2025-06-29 08,0.76,0.48,0.00,0.05,0.87,NaN,-0.46 
2025-06-29 09,0.76,0.48,0.00,0.05,0.96,NaN,-0.45 
2025-06-29 10,0.77,0.48,0.00,0.05,0.96,NaN,-0.38 
2025-06-29 11,0.78,0.48,0.00,0.05,0.74,NaN,-0.34 
2025-06-29 12,0.83,0.47,0.00,0.05,0.41,NaN,-0.37 
2025-06-29 13,0.91,0.48,0.00,0.05,0.05,NaN,-0.41 
2025-06-29 14,0.92,0.48,0.00,0.05,-0.29,NaN,-0.45 
2025-06-29 15,0.97,0.47,0.00,0.05,-0.56,NaN,-0.48 
2025-06-29 16,1.08,0.48,0.00,0.05,-0.82,NaN,-0.51 
2025-06-29 17,1.29,0.48,0.00,0.05,-0.88,NaN,-0.53 
2025-06-29 18,1.43,0.48,0.00,0.05,-0.70,NaN,-0.54 
2025-06-29 19,1.51,0.48,0.00,0.05,0.08,NaN,-0.54 
2025-06-29 20,1.39,0.49,0.00,0.05,0.49,NaN,-0.54 
2025-06-29 21,1.32,0.49,0.00,0.05,0.75,NaN,-0.53 
2025-06-29 22,1.26,0.50,0.00,0.05,0.84,NaN,-0.53 
2025-06-29 23,1.20,0.50,0.00,0.05,0.84,NaN,-0.51 
2025-06-30 00,1.17,0.51,0.00,0.05,0.63,NaN,-0.47 
2025-06-30 01,1.13,0.51,0.00,0.05,0.27,NaN,-0.48 
2025-06-30 02,1.09,0.52,0.00,0.05,-0.08,NaN,-0.51 
2025-06-30 03,1.07,0.53,0.00,0.05,-0.34,NaN,-0.53 
2025-06-30 04,1.05,0.53,0.00,0.05,-0.51,NaN,-0.55 
2025-06-30 05,1.04,0.53,0.00,0.05,-0.49,NaN,-0.56 
2025-06-30 06,1.02,0.54,0.00,0.06,-0.05,NaN,-0.55 
2025-06-30 07,1.00,0.54,0.00,0.06,0.38,NaN,-0.53 
2025-06-30 08,0.99,0.55,0.00,0.06,0.67,NaN,-0.51 
2025-06-30 09,0.96,0.55,0.00,0.07,0.83,NaN,-0.51 
2025-06-30 10,0.89,0.55,0.00,0.07,0.89,NaN,-0.50 
2025-06-30 11,0.85,0.56,0.00,0.07,0.81,NaN,-0.45 
2025-06-30 12,0.86,0.56,0.00,0.08,0.57,NaN,-0.43 
2025-06-30 13,0.88,0.57,0.00,0.08,0.23,NaN,-0.46 
2025-06-30 14,0.89,0.56,0.00,0.08,-0.13,NaN,-0.49 
2025-06-30 15,1.04,0.57,0.00,0.09,-0.39,NaN,-0.52 
2025-06-30 16,1.08,0.58,0.00,0.09,-0.58,NaN,-0.53 
2025-06-30 17,1.23,0.58,0.01,0.09,-0.73,NaN,-0.50 
2025-06-30 18,1.41,0.58,0.02,0.10,-0.70,NaN,-0.42 
2025-06-30 19,1.44,0.59,0.04,0.10,-0.15,NaN,-0.39 
2025-06-30 20,1.38,0.60,0.04,0.10,0.30,NaN,-0.39 
2025-06-30 21,1.40,0.60,0.05,0.10,0.66,NaN,-0.41 
2025-06-30 22,1.33,0.61,0.05,0.11,0.81,NaN,-0.42 
2025-06-30 23,1.25,0.61,0.06,0.12,0.85,NaN,-0.42 
2025-07-01 00,1.19,0.62,0.06,0.12,0.73,NaN,-0.38 
2025-07-01 01,1.14,0.62,0.06,0.13,0.45,NaN,-0.34 
2025-07-01 02,1.10,0.63,0.07,0.14,0.13,NaN,-0.32 
2025-07-01 03,1.08,0.63,0.07,0.16,-0.16,NaN,-0.29 
2025-07-01 04,1.06,0.64,0.07,0.17,-0.35,NaN,-0.28 
2025-07-01 05,1.04,0.65,0.07,0.18,-0.48,NaN,-0.27 
2025-07-01 06,1.03,0.65,0.07,0.20,-0.43,NaN,-0.28 
2025-07-01 07,1.01,0.66,0.07,0.21,-0.01,NaN,-0.29 
2025-07-01 08,0.99,0.67,0.08,0.22,0.34,NaN,-0.31 
2025-07-01 09,0.98,0.67,0.08,0.23,0.62,NaN,-0.33 
2025-07-01 10,0.97,0.68,0.08,0.23,0.76,NaN,-0.35 
2025-07-01 11,0.96,0.68,0.08,0.24,0.76,NaN,-0.36 
2025-07-01 12,0.96,0.69,0.08,0.25,0.59,NaN,NaN 
2025-07-01 13,0.96,0.69,0.09,0.25,0.30,NaN,-0.37 
2025-07-01 14,0.96,0.69,0.09,0.26,0.01,NaN,-0.40 
2025-07-01 15,0.96,0.71,0.10,0.27,-0.29,NaN,-0.42 
2025-07-01 16,0.95,0.70,0.15,0.27,-0.55,NaN,-0.45 
2025-07-01 17,0.96,0.70,0.14,0.27,-0.76,NaN,-0.46 
2025-07-01 18,0.98,0.71,0.14,0.28,-0.76,NaN,-0.48 
2025-07-01 19,1.04,0.71,0.15,0.28,-0.60,NaN,-0.49 
2025-07-01 20,1.05,0.71,0.15,0.28,0.10,NaN,-0.50 
2025-07-01 21,1.05,0.73,0.16,0.28,0.46,NaN,-0.51 
2025-07-01 22,1.03,0.74,0.19,0.29,0.65,NaN,-0.52 
2025-07-01 23,1.01,0.76,0.18,0.29,0.74,NaN,-0.53 
2025-07-02 00,0.99,0.77,0.18,0.29,0.75,NaN,-0.52 
2025-07-02 01,0.98,0.78,0.19,0.30,0.60,NaN,-0.48 
2025-07-02 02,0.96,0.79,0.19,0.30,0.31,NaN,NaN 
2025-07-02 03,0.96,0.81,0.19,0.31,-0.04,NaN,-0.41 
2025-07-02 04,0.96,0.82,0.20,0.31,-0.30,NaN,-0.39 
2025-07-02 05,0.95,0.83,0.20,0.32,-0.50,NaN,-0.39 
2025-07-02 06,0.94,0.84,0.20,0.32,-0.53,NaN,-0.40 
2025-07-02 07,0.93,0.84,0.20,0.33,-0.45,NaN,-0.42 
2025-07-02 08,0.92,0.85,0.20,0.33,0.02,NaN,-0.43 
2025-07-02 09,0.92,0.85,0.20,0.34,0.31,NaN,-0.44 
2025-07-02 10,0.92,0.86,0.20,0.35,0.54,NaN,-0.45 
2025-07-02 11,0.91,0.86,0.20,0.35,0.62,NaN,-0.46 
2025-07-02 12,0.90,0.87,0.20,0.36,0.55,NaN,-0.47 
2025-07-02 13,0.90,0.87,0.20,0.36,0.40,NaN,-0.47 
2025-07-02 14,0.86,0.87,0.20,0.37,0.14,NaN,-0.48 
2025-07-02 15,0.80,0.87,0.20,0.38,-0.10,NaN,-0.49 
2025-07-02 16,0.79,0.88,0.20,0.38,-0.34,NaN,-0.50 
2025-07-02 17,0.80,0.88,0.20,0.39,-0.52,NaN,-0.51 
2025-07-02 18,0.81,0.88,0.20,0.39,-0.65,NaN,-0.52 
2025-07-02 19,0.82,0.88,0.20,0.40,-0.62,NaN,-0.53 
2025-07-02 20,0.83,0.88,0.20,0.40,-0.22,NaN,-0.54 
2025-07-02 21,0.85,0.88,0.20,0.40,0.20,NaN,-0.55 
2025-07-02 22,0.86,0.88,0.20,0.41,0.51,NaN,-0.56 
2025-07-02 23,0.86,0.89,0.20,0.41,0.69,NaN,-0.56 
2025-07-03 00,0.86,0.89,0.20,0.41,0.68,NaN,-0.56 
2025-07-03 01,0.85,0.89,0.22,0.42,0.62,NaN,-0.55 
2025-07-03 02,0.89,0.89,0.21,0.42,0.47,NaN,-0.54 
2025-07-03 03,0.90,0.89,0.21,0.42,0.19,NaN,-0.55 
2025-07-03 04,0.90,0.89,0.21,0.43,-0.09,NaN,-0.56 
2025-07-03 05,0.92,0.89,0.22,0.43,-0.34,NaN,-0.57 
2025-07-03 06,0.92,0.90,0.22,0.43,-0.58,NaN,-0.58 
2025-07-03 07,0.95,0.89,0.22,0.43,-0.58,NaN,-0.59 
2025-07-03 08,0.98,0.90,0.23,0.43,-0.48,NaN,-0.59 
2025-07-03 09,0.99,0.90,0.23,0.43,-0.04,NaN,-0.60 
2025-07-03 10,1.00,0.90,0.23,0.44,0.13,NaN,-0.59 
2025-07-03 11,1.01,0.91,0.23,0.44,0.28,NaN,-0.60 
2025-07-03 12,1.02,0.91,0.23,0.44,0.40,NaN,-0.60 
2025-07-03 13,1.02,0.91,0.23,0.44,0.42,NaN,-0.60 
2025-07-03 14,0.96,0.91,0.23,0.44,0.33,NaN,-0.60 
2025-07-03 15,0.98,0.92,0.23,0.45,0.09,NaN,-0.60 
2025-07-03 16,0.98,0.92,0.23,0.45,-0.15,NaN,-0.60 
2025-07-03 17,0.96,0.92,0.23,0.45,-0.31,NaN,-0.60 
2025-07-03 18,0.95,0.92,0.23,0.45,-0.46,NaN,-0.60 
2025-07-03 19,0.92,0.92,0.23,0.45,-0.50,NaN,-0.59 
2025-07-03 20,0.92,0.93,0.23,0.45,-0.44,NaN,-0.57 
2025-07-03 21,0.90,0.93,0.24,0.46,-0.12,NaN,-0.54 
2025-07-03 22,0.89,0.93,0.24,0.46,0.31,NaN,-0.52 
2025-07-03 23,0.89,0.93,0.24,0.46,0.57,NaN,-0.51 
2025-07-04 00,0.88,0.94,0.24,0.46,0.69,NaN,-0.50 
2025-07-04 01,0.87,0.94,0.24,0.46,0.64,NaN,-0.50 
2025-07-04 02,0.87,0.94,0.24,0.46,0.49,NaN,-0.48 
2025-07-04 03,0.86,0.94,0.24,0.47,0.35,NaN,-0.47 
2025-07-04 04,0.86,0.94,0.24,0.47,0.10,NaN,-0.46 
2025-07-04 05,0.86,0.95,0.24,0.47,-0.17,NaN,-0.44 
2025-07-04 06,0.86,0.95,0.24,0.47,-0.41,NaN,-0.44 
2025-07-04 07,0.83,0.95,0.24,0.47,-0.62,NaN,-0.44 
2025-07-04 08,0.78,0.95,0.24,0.47,-0.63,NaN,-0.45 
2025-07-04 09,0.79,0.95,0.25,0.48,-0.54,NaN,-0.46 
2025-07-04 10,0.80,0.95,0.25,0.48,-0.20,NaN,-0.47 
2025-07-04 11,0.80,0.95,0.25,0.48,0.02,NaN,-0.48 
2025-07-04 12,0.81,0.95,0.25,0.48,0.21,NaN,-0.49 
2025-07-04 13,0.81,0.95,0.25,0.48,0.27,NaN,-0.50 
2025-07-04 14,0.82,0.95,0.25,0.48,0.29,NaN,-0.51 
2025-07-04 15,0.81,0.95,0.24,0.48,0.25,NaN,-0.52 
2025-07-04 16,0.80,0.95,0.24,0.48,0.07,NaN,-0.53 
2025-07-04 17,0.80,0.95,0.24,0.48,-0.10,NaN,-0.54 
2025-07-04 18,0.79,0.95,0.24,0.48,-0.26,NaN,-0.55 
2025-07-04 19,0.79,0.95,0.24,0.48,-0.40,NaN,-0.55 
2025-07-04 20,0.79,0.95,0.24,0.48,-0.44,NaN,-0.56 
2025-07-04 21,0.79,0.95,0.24,0.48,-0.40,NaN,-0.57 
2025-07-04 22,0.78,0.95,0.24,0.48,-0.03,NaN,-0.57 
2025-07-04 23,0.78,0.94,0.24,0.48,0.31,NaN,-0.58 
2025-07-05 00,0.78,0.95,0.24,0.48,0.52,NaN,-0.59 
2025-07-05 01,0.79,0.94,0.23,0.48,0.64,NaN,-0.59 
2025-07-05 02,0.79,0.94,0.23,0.48,0.56,NaN,-0.59 
2025-07-05 03,0.79,0.94,0.23,0.48,0.39,NaN,-0.58 
2025-07-05 04,0.80,0.94,0.23,0.48,0.26,NaN,-0.58 
2025-07-05 05,0.80,0.94,0.23,0.48,0.07,NaN,-0.59 
2025-07-05 06,0.79,0.94,0.23,0.48,-0.17,NaN,-0.60 
2025-07-05 07,0.80,0.94,0.23,0.48,-0.45,NaN,-0.61 
2025-07-05 08,0.77,0.93,0.23,0.48,-0.67,NaN,-0.62 
2025-07-05 09,0.74,0.94,0.23,0.48,-0.71,NaN,-0.62 
2025-07-05 10,0.74,0.93,0.23,0.48,-0.64,NaN,-0.62 
2025-07-05 11,0.74,0.94,0.23,0.48,-0.25,NaN,-0.61 
2025-07-05 12,0.75,0.93,0.23,0.48,-0.01,NaN,-0.61 
2025-07-05 13,0.76,0.92,0.23,0.48,0.08,NaN,-0.62 
2025-07-05 14,0.76,0.93,0.23,0.48,0.13,NaN,-0.62 
2025-07-05 15,0.76,0.92,0.22,0.48,0.26,NaN,-0.62 
2025-07-05 16,0.76,0.92,0.22,0.48,0.34,NaN,-0.63 
2025-07-05 17,0.75,0.92,0.22,0.48,0.26,NaN,-0.63 
2025-07-05 18,0.74,0.92,0.22,0.48,0.00,NaN,-0.63 
2025-07-05 19,0.74,0.91,0.22,0.47,-0.28,NaN,-0.63 
2025-07-05 20,0.73,0.91,0.22,0.47,-0.44,NaN,-0.64 
2025-07-05 21,0.73,0.91,0.22,0.47,-0.42,NaN,-0.64 
2025-07-05 22,0.73,0.90,0.21,0.47,-0.11,NaN,-0.64 
2025-07-05 23,0.73,0.90,0.21,0.47,0.13,NaN,-0.64 
2025-07-06 00,0.74,0.90,0.21,0.47,0.35,NaN,-0.64 
2025-07-06 01,0.74,0.90,0.21,0.47,0.50,NaN,-0.64 
2025-07-06 02,0.75,0.89,0.21,0.46,0.56,NaN,-0.64 
2025-07-06 03,0.75,0.89,0.21,0.46,0.61,NaN,-0.64 
2025-07-06 04,0.75,0.89,0.21,0.46,0.57,NaN,-0.62 
2025-07-06 05,0.75,0.89,0.20,0.46,0.31,NaN,-0.54 
2025-07-06 06,0.76,0.88,0.20,0.46,0.03,NaN,-0.46 
2025-07-06 07,0.73,0.88,0.20,0.46,-0.27,NaN,-0.42 
2025-07-06 08,0.71,0.88,0.20,0.46,-0.51,NaN,-0.41 
2025-07-06 09,0.72,0.88,0.20,0.46,-0.75,NaN,-0.42 
2025-07-06 10,0.72,0.88,0.20,0.45,-0.75,NaN,-0.44 
2025-07-06 11,0.73,0.88,0.20,0.45,-0.74,NaN,-0.46 
2025-07-06 12,0.73,0.87,0.20,0.45,-0.65,NaN,-0.48 
2025-07-06 13,0.73,0.87,0.20,0.45,-0.16,NaN,-0.50 
2025-07-06 14,0.73,0.86,0.19,0.45,0.10,NaN,-0.52 
2025-07-06 15,0.74,0.86,0.19,0.45,0.30,NaN,-0.53 
2025-07-06 16,0.73,0.86,0.19,0.45,0.44,NaN,-0.54 
2025-07-06 17,0.73,0.85,0.19,0.45,0.41,NaN,-0.56 
2025-07-06 18,0.72,0.85,0.19,0.44,0.24,NaN,-0.56 
2025-07-06 19,0.71,0.85,0.19,0.44,0.00,NaN,-0.57 
2025-07-06 20,0.71,0.85,0.19,0.44,-0.24,NaN,-0.58 
2025-07-06 21,0.71,0.84,0.18,0.44,-0.36,NaN,-0.59 
2025-07-06 22,0.71,0.84,0.18,0.43,-0.36,NaN,-0.60 
2025-07-06 23,NaN,NaN,NaN,NaN,NaN,NaN,NaN 
2025-07-07 00,0.72,0.84,0.18,0.43,0.02,NaN,-0.61 
2025-07-07 01,0.73,0.83,0.18,0.43,0.35,NaN,-0.61 
2025-07-07 02,0.73,0.83,0.18,0.43,0.55,NaN,-0.62 
2025-07-07 03,0.74,0.83,0.18,0.43,0.68,NaN,-0.62 
2025-07-07 04,0.74,0.83,0.17,0.43,0.65,NaN,-0.62 
2025-07-07 05,0.74,0.82,0.17,0.43,0.44,NaN,-0.61 
2025-07-07 06,0.72,0.82,0.17,0.42,0.21,NaN,-0.61 
2025-07-07 07,0.69,0.82,0.17,0.42,0.00,NaN,-0.62 
2025-07-07 08,0.69,0.82,0.17,0.42,-0.29,NaN,NaN 
2025-07-07 09,0.69,0.82,0.17,0.42,-0.56,NaN,-0.63 
2025-07-07 10,0.69,0.81,0.17,0.42,-0.83,NaN,-0.64 
2025-07-07 11,0.69,0.81,0.17,0.42,-0.94,NaN,-0.64 
2025-07-07 12,0.69,0.81,0.16,0.42,-0.91,NaN,-0.65 
2025-07-07 13,0.70,0.81,0.16,0.42,-0.78,NaN,-0.65 
2025-07-07 14,0.70,0.80,0.16,0.41,-0.10,NaN,-0.65 
2025-07-07 15,0.69,0.80,0.16,0.41,0.20,NaN,-0.65 
2025-07-07 16,0.69,0.79,0.16,0.41,0.43,NaN,-0.66 
2025-07-07 17,0.69,0.79,0.16,0.41,0.54,NaN,-0.66 
2025-07-07 18,0.69,0.79,0.15,0.40,0.49,NaN,-0.66 
2025-07-07 19,0.68,0.79,0.15,0.40,0.29,NaN,-0.66 
2025-07-07 20,0.68,0.78,0.15,0.40,0.01,NaN,-0.66 
2025-07-07 21,0.68,0.78,0.15,0.40,-0.26,NaN,-0.66 
2025-07-07 22,0.68,0.78,0.15,0.40,-0.45,NaN,-0.67 
2025-07-07 23,0.69,0.78,0.15,0.39,-0.46,NaN,-0.67 
2025-07-08 00,0.68,0.77,0.14,0.39,-0.17,NaN,-0.67 
2025-07-08 01,0.66,0.77,0.14,0.39,0.11,NaN,-0.67 
2025-07-08 02,0.67,0.77,0.14,0.39,0.38,NaN,-0.68 
2025-07-08 03,0.67,0.77,0.14,0.39,0.61,NaN,NaN 
2025-07-08 04,0.67,0.76,0.14,0.38,0.73,NaN,-0.68 
2025-07-08 05,0.67,0.76,0.14,0.38,0.72,NaN,-0.68 
2025-07-08 06,0.67,0.76,0.13,0.38,0.55,NaN,-0.66 
2025-07-08 07,0.67,0.76,0.13,0.38,0.24,NaN,-0.64 
2025-07-08 08,0.66,0.75,0.13,0.38,-0.08,NaN,-0.65 
2025-07-08 09,0.66,0.76,0.13,0.38,-0.37,NaN,-0.67 
2025-07-08 10,0.65,0.76,0.13,0.38,-0.68,NaN,-0.68 
2025-07-08 11,0.65,0.75,0.13,0.38,-0.94,NaN,-0.68 
2025-07-08 12,0.66,0.75,0.13,0.37,-1.07,NaN,-0.69 
2025-07-08 13,0.67,0.74,0.13,0.37,-1.02,NaN,-0.69 
2025-07-08 14,0.68,0.74,0.12,0.37,-0.89,NaN,-0.69 
2025-07-08 15,0.68,0.74,0.12,0.37,0.02,NaN,-0.69 
2025-07-08 16,0.68,0.73,0.12,0.37,0.33,NaN,-0.70 
2025-07-08 17,0.68,0.73,0.12,0.37,0.53,NaN,-0.70 
2025-07-08 18,0.67,0.73,0.12,0.36,0.64,NaN,-0.70 
2025-07-08 19,0.67,0.72,0.12,0.36,0.55,NaN,-0.70 
2025-07-08 20,0.66,0.72,0.11,0.36,0.30,NaN,-0.69 
2025-07-08 21,0.66,0.72,0.11,0.36,-0.01,NaN,-0.68 
2025-07-08 22,0.66,0.72,0.11,0.36,-0.30,NaN,-0.69 
2025-07-08 23,0.66,0.71,0.11,0.35,-0.50,NaN,-0.69 
2025-07-09 00,0.67,0.71,0.11,0.35,-0.50,NaN,-0.70 
2025-07-09 01,0.68,0.71,0.10,0.35,-0.16,NaN,-0.70 
2025-07-09 02,0.69,0.71,0.10,0.35,0.14,NaN,-0.70 
2025-07-09 03,0.70,0.70,0.10,0.35,0.51,NaN,-0.70 
2025-07-09 04,0.71,0.70,0.10,0.35,0.76,NaN,-0.70 
2025-07-09 05,0.71,0.70,0.09,0.34,0.83,NaN,-0.70 
2025-07-09 06,0.70,0.70,0.09,0.34,0.83,NaN,-0.69 
2025-07-09 07,0.71,0.70,0.09,0.34,0.65,NaN,-0.64 
2025-07-09 08,0.69,0.69,0.09,0.34,0.30,NaN,NaN 
2025-07-09 09,0.69,0.69,0.09,0.34,-0.07,NaN,-0.65 
2025-07-09 10,0.69,0.70,0.09,0.34,-0.39,NaN,-0.67 
2025-07-09 11,0.69,0.69,0.08,0.34,-0.70,NaN,-0.69 
2025-07-09 12,0.69,0.69,0.08,0.33,-0.94,NaN,-0.70 
2025-07-09 13,0.69,0.68,0.08,0.33,-1.00,NaN,-0.70 
2025-07-09 14,0.69,0.68,0.08,0.33,-0.89,NaN,NaN 
2025-07-09 15,0.69,0.68,0.08,0.33,-0.24,NaN,-0.71 
2025-07-09 16,0.69,0.68,0.08,0.32,0.21,NaN,-0.71 
2025-07-09 17,0.67,0.68,0.07,0.32,0.57,NaN,NaN 
2025-07-09 18,0.64,0.67,0.07,0.32,0.76,NaN,NaN 
2025-07-09 19,0.63,0.67,0.07,0.31,0.78,NaN,-0.71 
2025-07-09 20,0.64,0.67,0.07,0.31,0.59,NaN,-0.70 
2025-07-09 21,0.64,0.67,0.07,0.31,0.26,NaN,-0.67 
2025-07-09 22,0.64,0.66,0.07,0.31,-0.05,NaN,-0.67 
2025-07-09 23,0.65,0.66,0.07,0.31,-0.30,NaN,-0.69 
2025-07-10 00,0.65,0.66,0.07,0.30,-0.43,NaN,-0.70 
2025-07-10 01,0.66,0.65,0.07,0.30,-0.46,NaN,-0.71 
2025-07-10 02,0.66,0.65,0.06,0.30,-0.13,NaN,-0.71 
2025-07-10 03,0.66,0.65,0.06,0.30,0.31,NaN,-0.72 
2025-07-10 04,0.67,0.65,0.06,0.29,0.71,NaN,-0.72 
2025-07-10 05,0.67,0.65,0.05,0.29,0.87,NaN,-0.72 
2025-07-10 06,0.66,0.65,0.05,0.29,0.93,NaN,-0.72 
2025-07-10 07,0.63,0.64,0.05,0.29,0.87,NaN,-0.67 
2025-07-10 08,0.63,0.64,0.05,0.29,0.62,NaN,-0.58 
2025-07-10 09,0.63,0.65,0.05,0.28,0.26,NaN,-0.61 
2025-07-10 10,0.64,0.64,0.05,0.28,-0.09,NaN,-0.65 
2025-07-10 11,0.64,0.64,0.05,0.28,-0.40,NaN,-0.67 
2025-07-10 12,0.64,0.63,0.05,0.28,-0.73,NaN,-0.69 
2025-07-10 13,0.65,0.64,0.05,0.28,-0.98,NaN,-0.71 
2025-07-10 14,0.65,0.62,0.05,0.28,-1.07,NaN,-0.72 
2025-07-10 15,0.66,0.63,0.05,0.27,-0.88,NaN,-0.72 
2025-07-10 16,0.66,0.63,0.05,0.27,-0.06,NaN,-0.73 
2025-07-10 17,0.65,0.62,0.04,0.27,0.36,NaN,-0.73 
2025-07-10 18,0.65,0.62,0.04,0.27,0.62,NaN,-0.73 
2025-07-10 19,0.64,0.62,0.04,0.26,0.76,NaN,-0.73 
2025-07-10 20,0.65,0.61,0.03,0.26,0.77,NaN,-0.73 
2025-07-10 21,0.66,0.61,0.03,0.26,0.54,NaN,-0.71 
2025-07-10 22,0.64,0.61,0.03,0.26,0.20,NaN,-0.68 
2025-07-10 23,0.62,0.61,0.03,0.25,-0.13,NaN,-0.69 
2025-07-11 00,0.62,0.60,0.02,0.25,-0.38,NaN,-0.70 
2025-07-11 01,0.63,0.60,0.02,0.25,-0.53,NaN,-0.72 
2025-07-11 02,0.64,0.61,0.02,0.25,-0.52,NaN,-0.72 
2025-07-11 03,0.65,0.60,0.02,0.25,0.00,NaN,-0.73 
2025-07-11 04,0.65,0.60,0.01,0.24,0.44,NaN,-0.73 
2025-07-11 05,0.65,0.60,0.01,0.24,0.79,NaN,-0.73 
2025-07-11 06,0.65,0.60,0.01,0.24,0.94,NaN,-0.73 
2025-07-11 07,0.64,0.60,0.00,0.24,0.98,NaN,-0.72 
2025-07-11 08,0.63,0.60,0.00,0.24,0.90,NaN,-0.61 
2025-07-11 09,0.63,0.59,0.00,0.24,0.55,NaN,-0.54 
2025-07-11 10,0.63,0.60,0.00,0.24,0.19,NaN,-0.59 
2025-07-11 11,0.61,0.60,0.00,0.24,-0.16,NaN,-0.64 
2025-07-11 12,0.61,0.60,0.01,0.23,-0.46,NaN,-0.67 
2025-07-11 13,0.64,0.59,0.10,0.23,-0.77,NaN,NaN 
2025-07-11 14,0.69,0.58,0.05,0.23,-1.01,NaN,-0.71 
2025-07-11 15,0.72,0.58,0.04,0.23,-1.04,NaN,-0.72 
2025-07-11 16,0.74,0.58,0.04,0.22,-0.84,NaN,-0.72 
2025-07-11 17,0.78,0.58,0.04,0.22,0.12,NaN,-0.73 
2025-07-11 18,0.84,0.58,0.04,0.22,0.51,NaN,-0.73 
2025-07-11 19,0.87,0.58,0.04,0.22,0.73,NaN,-0.73 
2025-07-11 20,NaN,NaN,NaN,NaN,NaN,NaN,NaN 
2025-07-11 21,0.84,0.57,0.04,0.21,0.79,NaN,-0.73 
2025-07-11 22,0.76,0.57,0.04,0.21,0.50,NaN,-0.68 
2025-07-11 23,0.74,0.57,0.04,0.21,0.12,NaN,-0.67 
2025-07-12 00,0.76,0.57,0.04,0.21,-0.22,NaN,-0.69 
2025-07-12 01,0.76,0.57,0.04,0.21,-0.46,NaN,-0.71 
2025-07-12 02,0.76,0.57,0.03,0.20,-0.60,NaN,-0.72 
2025-07-12 03,0.76,0.57,0.03,0.20,-0.24,NaN,-0.73 
2025-07-12 04,0.76,0.57,0.03,0.20,0.18,NaN,-0.74 
2025-07-12 05,0.75,0.57,0.03,0.20,0.59,NaN,-0.74 
2025-07-12 06,0.73,0.57,0.02,0.20,0.84,NaN,-0.74 
2025-07-12 07,0.73,0.57,0.02,0.20,0.94,NaN,-0.74 
2025-07-12 08,0.73,0.57,0.02,0.20,0.98,NaN,-0.71 
2025-07-12 09,0.73,0.57,0.02,0.19,0.86,NaN,-0.57 
2025-07-12 10,0.71,0.57,0.02,0.19,0.49,NaN,-0.55 
2025-07-12 11,0.70,0.57,0.02,0.19,0.10,NaN,-0.60 
2025-07-12 12,0.69,0.56,0.02,0.19,-0.25,NaN,-0.64 
2025-07-12 13,0.66,0.57,0.02,0.19,-0.54,NaN,-0.67 
2025-07-12 14,0.65,0.57,0.01,0.19,-0.84,NaN,-0.70 
2025-07-12 15,0.65,0.56,0.01,0.19,-1.04,NaN,-0.72 
2025-07-12 16,0.66,0.56,0.01,0.19,-0.94,NaN,-0.73 
2025-07-12 17,0.65,0.56,0.01,0.18,-0.15,NaN,-0.73 
2025-07-12 18,0.65,0.56,0.01,0.18,0.31,NaN,NaN 
2025-07-12 19,0.65,0.56,0.00,0.18,0.67,NaN,NaN 
2025-07-12 20,0.64,0.56,0.00,0.18,0.82,NaN,-0.74 
2025-07-12 21,0.64,0.56,0.00,0.17,0.86,NaN,-0.73 
2025-07-12 22,0.64,0.56,0.00,0.17,0.69,NaN,-0.70 
2025-07-12 23,0.64,0.56,0.00,0.17,0.33,NaN,-0.64 
2025-07-13 00,0.64,0.55,0.00,0.17,-0.02,NaN,-0.66 
2025-07-13 01,0.65,0.55,0.00,0.17,-0.31,NaN,-0.68 
2025-07-13 02,0.65,0.55,0.00,0.17,-0.58,NaN,-0.70 
2025-07-13 03,0.66,0.55,0.00,0.17,-0.59,NaN,-0.72 
2025-07-13 04,0.66,0.55,0.00,0.17,-0.17,NaN,-0.73 
2025-07-13 05,0.67,0.55,0.00,0.17,0.31,NaN,-0.73 
2025-07-13 06,0.68,0.55,0.00,0.17,0.71,NaN,-0.73 
2025-07-13 07,0.66,0.55,0.00,0.16,0.88,NaN,-0.74 
2025-07-13 08,0.63,0.55,0.00,0.16,0.96,NaN,NaN 
2025-07-13 09,0.61,0.55,0.00,0.16,0.98,NaN,-0.69 
2025-07-13 10,0.62,0.54,0.00,0.16,0.79,NaN,-0.54 
2025-07-13 11,0.63,0.54,0.00,0.16,0.41,NaN,-0.55 
2025-07-13 12,0.63,0.55,0.00,0.16,0.03,NaN,-0.61 
2025-07-13 13,0.63,0.55,0.00,0.16,-0.30,NaN,-0.65 
2025-07-13 14,0.64,0.54,0.00,0.16,-0.61,NaN,-0.68 
2025-07-13 15,0.64,0.54,0.00,0.16,-0.88,NaN,-0.70 
2025-07-13 16,0.64,0.54,0.00,0.15,-0.96,NaN,-0.71 
2025-07-13 17,0.64,0.53,0.00,0.15,-0.81,NaN,-0.72 
2025-07-13 18,0.64,0.54,0.00,0.15,0.09,NaN,-0.72 
2025-07-13 19,0.65,0.53,0.00,0.15,0.49,NaN,-0.73 
2025-07-13 20,0.66,0.53,0.00,0.14,0.77,NaN,-0.73 
2025-07-13 21,0.66,0.53,0.00,0.14,0.88,NaN,-0.73 
2025-07-13 22,0.66,0.53,0.00,0.14,0.86,NaN,-0.72 
2025-07-13 23,0.66,0.53,0.00,0.14,0.58,NaN,-0.65 
2025-07-14 00,0.63,0.53,0.00,0.14,0.23,NaN,-0.63 
2025-07-14 01,0.63,0.53,0.00,0.14,-0.12,NaN,-0.65 
2025-07-14 02,0.64,0.53,0.00,0.14,-0.39,NaN,-0.68 
2025-07-14 03,0.64,0.54,0.00,0.14,-0.60,NaN,-0.70 
2025-07-14 04,0.64,0.57,0.00,0.13,-0.60,NaN,-0.72 
2025-07-14 05,0.64,0.60,0.00,0.13,-0.11,NaN,-0.73 
2025-07-14 06,0.64,0.61,0.00,0.13,0.39,NaN,-0.73 
2025-07-14 07,0.65,0.63,0.00,0.13,0.74,NaN,-0.74 
2025-07-14 08,0.65,0.64,0.00,0.13,0.88,NaN,-0.74 
2025-07-14 09,0.63,0.66,0.00,0.13,0.96,NaN,-0.73 
2025-07-14 10,0.61,0.67,0.00,0.13,0.94,NaN,-0.66 
2025-07-14 11,0.62,0.68,0.00,0.13,0.67,NaN,-0.53 
2025-07-14 12,0.63,0.69,0.00,0.13,0.29,NaN,-0.56 
2025-07-14 13,0.63,0.70,0.00,0.13,-0.08,NaN,-0.60 
2025-07-14 14,0.64,0.70,0.00,0.13,-0.38,NaN,-0.64 
2025-07-14 15,0.65,0.71,0.00,0.13,-0.69,NaN,-0.66 
2025-07-14 16,0.64,0.71,0.00,0.13,-0.93,NaN,-0.68 
2025-07-14 17,0.63,0.71,0.00,0.13,-0.89,NaN,-0.70 
2025-07-14 18,0.63,0.71,0.00,0.13,-0.19,NaN,-0.71 
2025-07-14 19,0.63,0.72,0.00,0.13,0.27,NaN,-0.72 
2025-07-14 20,0.63,0.72,0.00,0.13,0.63,NaN,-0.72 
2025-07-14 21,0.62,0.72,0.00,0.13,0.82,NaN,-0.72 
2025-07-14 22,0.62,0.72,0.00,0.13,0.87,NaN,-0.73 
2025-07-14 23,0.62,0.72,0.00,0.13,0.76,NaN,-0.70 
2025-07-15 00,0.60,0.72,0.00,0.13,0.45,NaN,-0.63 
2025-07-15 01,0.61,0.72,0.00,0.14,0.09,NaN,-0.65 
2025-07-15 02,0.62,0.72,0.00,0.14,-0.25,NaN,-0.67 
2025-07-15 03,0.62,0.72,0.00,0.14,-0.48,NaN,-0.70 
2025-07-15 04,0.62,0.72,0.00,0.14,-0.65,NaN,-0.72 
2025-07-15 05,0.63,0.72,0.00,0.15,-0.65,NaN,-0.73 
2025-07-15 06,0.62,0.72,0.00,0.15,-0.01,NaN,-0.73 
2025-07-15 07,0.62,0.72,0.00,0.15,0.46,NaN,-0.74 
2025-07-15 08,0.64,0.72,0.00,0.16,0.78,NaN,-0.74 
2025-07-15 09,0.63,0.72,0.00,0.16,0.90,NaN,-0.74 
2025-07-15 10,0.62,0.73,0.00,0.16,0.94,NaN,-0.74 
2025-07-15 11,0.65,0.73,0.00,0.17,0.82,NaN,-0.68 
2025-07-15 12,0.66,0.73,0.00,0.17,0.50,NaN,-0.60 
2025-07-15 13,0.68,0.73,0.00,0.18,0.11,NaN,-0.64 
2025-07-15 14,0.69,0.73,0.00,0.18,-0.24,NaN,-0.67 
2025-07-15 15,0.69,0.73,0.00,0.18,-0.52,NaN,-0.70 
2025-07-15 16,0.71,0.73,0.00,0.19,-0.79,NaN,-0.73 
2025-07-15 17,0.73,0.73,0.00,0.19,-0.91,NaN,-0.74 
2025-07-15 18,0.80,0.74,0.00,0.19,-0.78,NaN,-0.75 
2025-07-15 19,0.92,0.74,0.00,0.20,0.03,NaN,-0.75 
2025-07-15 20,1.07,0.74,0.00,0.20,0.45,NaN,-0.76 
2025-07-15 21,1.16,0.74,0.00,0.20,0.73,NaN,-0.76 
2025-07-15 22,1.17,0.74,0.00,0.20,0.86,NaN,-0.76 
2025-07-15 23,1.14,0.75,0.00,0.21,0.88,NaN,-0.76 
2025-07-16 00,1.11,0.74,0.00,0.21,0.70,NaN,-0.70 
2025-07-16 01,1.07,0.75,0.00,0.21,0.34,NaN,-0.65 
2025-07-16 02,1.04,0.75,0.00,0.21,0.00,NaN,-0.67 
2025-07-16 03,1.02,0.75,0.00,0.22,-0.30,NaN,-0.70 
2025-07-16 04,1.02,0.76,0.00,0.22,-0.53,NaN,-0.73 
2025-07-16 05,1.00,0.76,0.00,0.22,-0.69,NaN,-0.74 
2025-07-16 06,0.89,0.77,0.00,0.22,-0.64,NaN,-0.75 
2025-07-16 07,0.88,0.78,0.00,0.23,0.06,NaN,-0.76 
2025-07-16 08,0.90,0.80,0.00,0.23,0.48,NaN,-0.76 
2025-07-16 09,0.92,0.81,0.00,0.23,0.77,NaN,-0.76 
2025-07-16 10,0.92,0.82,0.00,0.23,0.88,NaN,-0.76 
2025-07-16 11,0.92,0.83,0.00,0.23,0.87,NaN,-0.76 
2025-07-16 12,0.90,0.84,0.00,0.24,0.65,NaN,-0.70 
2025-07-16 13,0.88,0.85,0.00,0.24,0.33,NaN,-0.66 
2025-07-16 14,0.85,0.86,0.00,0.24,-0.04,NaN,-0.68 
2025-07-16 15,0.83,0.87,0.00,0.24,-0.37,NaN,-0.71 
2025-07-16 16,0.82,0.88,0.00,0.25,-0.66,NaN,-0.73 
2025-07-16 17,0.80,0.88,0.00,0.25,-0.85,NaN,-0.74 
2025-07-16 18,0.77,0.89,0.00,0.25,-0.76,NaN,-0.74 
2025-07-16 19,0.71,0.89,0.00,0.25,-0.13,NaN,-0.74 
2025-07-16 20,0.69,0.90,0.00,0.26,0.31,NaN,-0.74 
2025-07-16 21,0.70,0.90,0.00,0.26,0.64,NaN,-0.74 
2025-07-16 22,0.71,0.90,0.00,0.26,0.81,NaN,-0.74 
2025-07-16 23,0.71,0.91,0.00,0.26,0.87,NaN,-0.75 
2025-07-17 00,0.72,0.91,0.00,0.27,0.85,NaN,-0.73 
2025-07-17 01,0.72,0.91,0.00,0.27,0.66,NaN,-0.65 
2025-07-17 02,0.72,0.91,0.00,0.28,0.30,NaN,-0.65 
2025-07-17 03,0.72,0.92,0.00,0.28,-0.07,NaN,-0.67 
2025-07-17 04,0.72,0.92,0.00,0.28,-0.34,NaN,-0.70 
2025-07-17 05,0.72,0.92,0.00,0.29,-0.60,NaN,-0.72 
2025-07-17 06,0.70,0.92,0.00,0.29,-0.67,NaN,-0.74 
2025-07-17 07,0.71,0.92,0.00,0.29,-0.25,NaN,-0.75 
2025-07-17 08,0.73,0.93,0.00,0.30,0.16,NaN,-0.75 
2025-07-17 09,0.74,0.93,0.00,0.30,0.52,NaN,-0.75 
2025-07-17 10,0.78,0.94,0.00,0.30,0.75,NaN,-0.70 
2025-07-17 11,0.81,0.96,0.00,0.31,0.84,NaN,-0.69 
2025-07-17 12,0.86,0.95,0.00,0.31,0.80,NaN,-0.67 
2025-07-17 13,1.02,0.95,0.00,0.32,0.57,NaN,-0.57 
2025-07-17 14,1.11,0.96,0.00,0.32,0.31,NaN,-0.57 
2025-07-17 15,1.21,0.98,0.01,0.33,-0.04,NaN,-0.61 
2025-07-17 16,1.33,0.99,0.01,0.33,-0.30,NaN,-0.59 
2025-07-17 17,1.36,1.00,0.02,0.34,-0.52,NaN,-0.54 
2025-07-17 18,1.40,1.01,0.02,0.35,-0.61,NaN,-0.46 
2025-07-17 19,1.44,1.03,0.02,0.36,-0.52,NaN,-0.32 
2025-07-17 20,1.46,1.04,0.02,0.36,0.13,NaN,-0.12 
2025-07-17 21,1.43,1.05,0.02,0.37,0.51,NaN,0.00 
2025-07-17 22,1.40,1.07,0.02,0.39,0.75,NaN,0.02 
2025-07-17 23,1.40,1.08,0.02,0.40,0.88,NaN,-0.01 
2025-07-18 00,1.37,1.09,0.02,0.42,0.92,NaN,-0.03 
2025-07-18 01,1.36,1.10,0.02,0.43,0.81,NaN,-0.04 
2025-07-18 02,1.33,1.11,0.02,0.45,0.57,NaN,-0.06 
2025-07-18 03,1.30,1.12,0.03,0.47,0.25,NaN,-0.08 
2025-07-18 04,1.27,1.13,0.08,0.49,-0.07,NaN,-0.11 
2025-07-18 05,1.24,1.14,0.10,0.52,-0.33,NaN,-0.14 
2025-07-18 06,1.23,1.14,0.12,0.54,-0.54,NaN,-0.16 
2025-07-18 07,1.21,1.15,0.13,0.56,-0.64,NaN,-0.13 
2025-07-18 08,1.20,1.16,0.14,0.59,-0.55,NaN,-0.18 
2025-07-18 09,1.18,1.16,0.15,0.61,0.16,NaN,-0.21 
2025-07-18 10,1.17,1.17,0.15,0.64,0.46,NaN,-0.23 
2025-07-18 11,1.17,1.18,0.16,0.68,0.67,NaN,-0.25 
2025-07-18 12,1.16,1.18,0.16,0.71,0.70,NaN,-0.27 
2025-07-18 13,1.14,1.19,0.16,0.74,0.62,NaN,-0.27 
2025-07-18 14,1.14,1.20,0.16,0.77,0.45,NaN,-0.27 
2025-07-18 15,1.17,1.20,0.17,0.80,0.20,NaN,-0.29 
2025-07-18 16,1.30,1.21,0.17,0.83,-0.04,NaN,-0.30 
2025-07-18 17,1.55,1.21,0.17,0.85,-0.26,NaN,-0.32 
2025-07-18 18,1.59,1.21,0.17,0.86,-0.43,NaN,-0.34 
2025-07-18 19,1.60,1.22,0.17,0.88,-0.46,NaN,-0.36 
2025-07-18 20,1.57,1.22,0.17,0.89,-0.10,NaN,-0.37 
2025-07-18 21,1.49,1.23,0.18,0.90,0.33,NaN,-0.38 
2025-07-18 22,1.40,1.23,0.18,0.90,0.65,NaN,-0.39 
2025-07-18 23,1.34,1.23,0.18,0.91,0.77,NaN,-0.39 
2025-07-19 00,1.30,1.25,0.18,0.92,0.80,NaN,-0.38 
2025-07-19 01,1.26,1.24,0.18,0.92,0.79,NaN,-0.35 
2025-07-19 02,1.25,1.25,0.18,0.93,0.73,NaN,-0.34 
2025-07-19 03,1.29,1.26,0.18,0.94,0.53,NaN,-0.34 
2025-07-19 04,1.42,1.26,0.18,0.95,0.22,NaN,-0.36 
2025-07-19 05,1.54,1.27,0.18,0.95,-0.12,NaN,-0.38 
2025-07-19 06,1.54,1.26,0.18,0.95,-0.36,NaN,-0.38 
2025-07-19 07,1.50,1.26,0.18,0.96,-0.57,NaN,-0.41 
2025-07-19 08,1.46,1.29,0.18,0.96,-0.66,NaN,-0.43 
2025-07-19 09,1.40,1.29,0.18,0.96,-0.63,NaN,-0.45 
2025-07-19 10,1.36,1.27,0.18,0.96,-0.06,NaN,-0.46 
2025-07-19 11,1.31,1.28,0.17,0.96,0.23,NaN,-0.42 
2025-07-19 12,1.29,1.26,0.21,0.96,0.40,NaN,-0.44 
2025-07-19 13,1.27,1.28,0.20,0.96,0.53,NaN,-0.44 
2025-07-19 14,1.27,1.29,0.20,0.96,0.50,NaN,-0.43 
2025-07-19 15,1.33,1.28,0.20,0.96,0.40,NaN,-0.41 
2025-07-19 16,1.58,1.31,0.21,0.96,0.17,NaN,-0.40 
2025-07-19 17,1.70,1.30,0.22,0.96,-0.07,NaN,-0.40 
2025-07-19 18,1.70,1.30,0.22,0.96,-0.23,NaN,-0.40 
2025-07-19 19,1.66,1.31,0.22,0.96,-0.41,NaN,-0.40 
2025-07-19 20,1.65,1.31,0.23,0.96,-0.28,NaN,-0.40 
2025-07-19 21,1.71,1.32,0.23,0.96,-0.11,NaN,-0.37 
2025-07-19 22,1.93,1.33,0.23,0.97,0.25,NaN,-0.37 
2025-07-19 23,2.06,1.33,0.23,0.97,0.49,NaN,-0.37 
2025-07-20 00,2.27,1.34,0.23,0.97,0.65,NaN,-0.34 
2025-07-20 01,2.29,1.35,0.24,0.98,0.75,NaN,-0.32 
2025-07-20 02,2.18,1.36,0.24,0.98,0.74,NaN,-0.27 
2025-07-20 03,2.08,1.37,0.25,0.99,0.66,NaN,-0.19 
2025-07-20 04,1.97,1.38,0.25,0.99,0.44,NaN,-0.11 
2025-07-20 05,1.87,1.40,0.25,1.00,0.14,NaN,0.04 
2025-07-20 06,1.79,1.40,0.26,1.01,-0.10,NaN,0.16 
2025-07-20 07,1.78,1.41,0.26,1.02,-0.46,NaN,0.20 
2025-07-20 08,1.86,1.42,0.26,1.03,-0.71,NaN,0.19 
2025-07-20 09,1.92,1.43,0.26,1.04,-0.84,NaN,0.16 
2025-07-20 10,1.89,1.45,0.26,1.05,-0.71,NaN,0.13 
2025-07-20 11,1.82,1.46,0.27,1.05,-0.29,NaN,0.09 
2025-07-20 12,1.72,1.46,0.27,1.06,0.05,NaN,0.06 
2025-07-20 13,1.62,1.47,0.27,1.07,0.22,NaN,0.04 
2025-07-20 14,1.54,1.48,0.27,1.07,0.29,NaN,0.02 
2025-07-20 15,1.49,1.49,0.27,1.08,0.30,NaN,-0.01 
2025-07-20 16,1.43,1.50,0.27,1.08,0.34,NaN,-0.04 
2025-07-20 17,1.40,1.50,0.27,1.08,0.30,NaN,-0.08 
2025-07-20 18,1.34,1.51,0.27,1.08,0.13,NaN,-0.12 
2025-07-20 19,1.30,1.51,0.27,1.08,-0.12,NaN,-0.16 
2025-07-20 20,1.28,1.52,0.27,1.09,-0.39,NaN,-0.20 
2025-07-20 21,1.25,1.52,0.27,1.09,-0.38,NaN,-0.23 
2025-07-20 22,1.23,1.53,0.27,1.08,-0.11,NaN,-0.26 
2025-07-20 23,1.21,1.53,0.26,1.08,0.25,NaN,-0.28 
2025-07-21 00,1.19,1.54,0.26,1.08,0.40,NaN,-0.30 
2025-07-21 01,1.18,1.54,0.26,1.08,0.47,NaN,-0.32 
2025-07-21 02,1.19,1.54,0.26,1.08,0.63,NaN,-0.34 
2025-07-21 03,1.21,1.55,0.26,1.07,0.79,NaN,-0.34 
2025-07-21 04,1.22,1.55,0.26,1.07,0.80,NaN,-0.31 
2025-07-21 05,1.22,1.55,0.26,1.07,0.53,NaN,-0.23 
2025-07-21 06,1.21,1.56,0.25,1.06,0.12,NaN,-0.16 
2025-07-21 07,1.21,1.56,0.25,1.06,-0.18,NaN,-0.13 
2025-07-21 08,1.20,1.56,0.25,1.06,-0.53,NaN,-0.14 
2025-07-21 09,1.18,1.56,0.25,1.06,-0.75,NaN,-0.16 
2025-07-21 10,1.14,1.57,0.25,1.05,-0.91,NaN,-0.18 
2025-07-21 11,1.02,1.57,0.25,1.05,-0.95,NaN,-0.21 
2025-07-21 12,0.91,1.57,0.25,1.04,-0.78,NaN,-0.25 
2025-07-21 13,0.92,1.57,0.25,1.04,-0.37,NaN,-0.27 
2025-07-21 14,0.93,1.57,0.25,1.03,0.18,NaN,-0.29 
2025-07-21 15,0.94,1.57,0.25,1.03,0.46,NaN,-0.31 
2025-07-21 16,0.94,1.58,0.25,1.02,0.51,NaN,-0.32 
2025-07-21 17,0.93,1.58,0.28,1.02,0.47,NaN,-0.32 
2025-07-21 18,0.93,1.58,0.27,1.02,0.29,NaN,-0.30 
2025-07-21 19,0.94,1.58,0.27,1.01,0.09,NaN,-0.28 
2025-07-21 20,0.93,1.58,0.28,1.01,-0.09,NaN,-0.22 
2025-07-21 21,0.93,1.58,0.27,1.01,-0.27,NaN,-0.14 
2025-07-21 22,0.95,1.59,0.28,1.01,-0.43,NaN,-0.03 
2025-07-21 23,0.96,1.59,0.27,1.02,-0.39,NaN,0.06 
2025-07-22 00,0.97,1.59,0.27,1.02,0.04,NaN,0.13 
2025-07-22 01,0.97,1.59,0.28,1.06,0.37,NaN,0.17 
2025-07-22 02,0.98,1.60,0.29,1.12,0.62,NaN,0.18 
2025-07-22 03,0.98,1.61,0.29,1.21,0.79,NaN,0.17 
2025-07-22 04,1.00,1.61,0.29,1.31,0.81,NaN,0.15 
2025-07-22 05,1.02,1.61,0.29,1.39,0.78,NaN,0.14 
2025-07-22 06,1.02,1.62,0.29,1.46,0.63,NaN,0.12 
2025-07-22 07,1.03,1.62,0.29,1.53,0.32,NaN,0.08 
2025-07-22 08,1.04,1.62,0.30,1.59,0.00,NaN,0.04 
2025-07-22 09,1.04,1.63,0.30,1.64,-0.29,NaN,0.00 
2025-07-22 10,1.04,1.63,0.30,1.69,-0.55,NaN,-0.04 
2025-07-22 11,1.04,1.63,0.30,1.72,-0.72,NaN,-0.08 
2025-07-22 12,1.03,1.63,0.30,1.75,-0.78,NaN,-0.12 
2025-07-22 13,1.02,1.64,0.30,1.76,-0.67,NaN,-0.15 
2025-07-22 14,1.04,1.67,0.30,1.77,-0.13,NaN,-0.18 
2025-07-22 15,0.98,1.68,0.32,1.78,0.31,NaN,-0.20 
2025-07-22 16,0.99,1.69,0.36,1.78,0.57,NaN,-0.23 
2025-07-22 17,1.34,1.71,0.39,1.78,0.74,NaN,-0.21 
2025-07-22 18,2.52,1.75,0.41,1.79,0.73,NaN,-0.19 
2025-07-22 19,3.34,1.79,0.45,1.79,0.55,NaN,-0.13 
2025-07-22 20,3.42,1.83,0.50,1.80,0.25,NaN,-0.10 
2025-07-22 21,3.43,1.88,0.53,1.80,0.02,NaN,-0.09 
2025-07-22 22,3.65,1.92,0.55,1.81,-0.17,NaN,-0.08 
2025-07-22 23,4.39,1.97,0.57,1.81,-0.30,NaN,-0.04 
2025-07-23 00,4.56,2.01,0.58,1.81,-0.29,NaN,-0.01 
2025-07-23 01,4.31,2.04,0.60,1.82,-0.13,NaN,0.00 
2025-07-23 02,3.98,2.08,0.62,1.82,0.30,NaN,0.01 
2025-07-23 03,3.65,2.11,0.63,1.83,0.72,NaN,0.03 
2025-07-23 04,3.34,2.14,0.64,1.83,0.94,NaN,0.07 
2025-07-23 05,3.15,2.18,0.66,1.84,0.98,NaN,0.15 
2025-07-23 06,3.00,2.21,0.66,1.84,0.95,NaN,0.23 
2025-07-23 07,2.86,2.24,0.67,1.85,0.69,NaN,0.28 
2025-07-23 08,2.75,2.27,0.68,1.86,0.36,NaN,0.28 
2025-07-23 09,2.62,2.30,0.69,1.86,0.04,NaN,0.27 
2025-07-23 10,2.49,2.33,0.70,1.87,-0.23,NaN,0.25 
2025-07-23 11,2.38,2.36,0.70,1.88,-0.44,NaN,0.22 
2025-07-23 12,2.29,2.38,0.70,1.88,-0.64,NaN,0.20 
2025-07-23 13,2.40,2.41,0.71,1.89,-0.77,NaN,0.17 
2025-07-23 14,2.10,2.43,0.71,1.9,-0.78,NaN,0.14 
2025-07-23 15,2.05,2.46,0.72,1.91,0.00,NaN,0.1 
2025-07-23 16,2.03,2.49,0.73,1.92,0.45,NaN,0.07 
2025-07-23 17,2.00,2.51,0.74,1.92,0.76,NaN,0.03 
2025-07-23 18,2.12,2.53,0.74,1.94,0.85,NaN,-0.01 
2025-07-23 19,2.24,2.55,0.75,1.95,0.77,NaN,-0.04 
2025-07-23 20,2.42,2.57,0.75,1.97,0.58,NaN,-0.06 
2025-07-23 21,2.45,2.59,0.76,2,0.32,NaN,-0.08 
2025-07-23 22,2.66,2.61,0.77,2.02,0.08,NaN,-0.12 
2025-07-23 23,3.88,2.66,0.79,2.06,-0.14,NaN,-0.16 
2025-07-24 00,4.37,2.69,0.8,2.11,-0.30,NaN,-0.19 
2025-07-24 01,4.64,2.72,0.82,2.16,-0.33,NaN,-0.22 
2025-07-24 02,4.56,2.76,0.83,2.21,-0.09,NaN,-0.24 
2025-07-24 03,4.38,2.80,0.84,2.26,0.42,NaN,-0.26 
2025-07-24 04,4.66,2.84,0.85,2.31,0.85,NaN,-0.28 
2025-07-24 05,5.58,2.87,0.85,2.36,1.01,NaN,-0.3 
2025-07-24 06,5.82,2.90,0.86,2.4,1.05,NaN,-0.29 
2025-07-24 07,5.59,2.94,0.87,2.43,0.99,NaN,-0.22 
2025-07-24 08,5.14,2.98,0.87,2.46,0.79,NaN,-0.20 
2025-07-24 09,4.71,3.01,0.88,2.48,0.51,NaN,-0.22 
2025-07-24 10,4.33,3.05,0.88,2.50,0.21,NaN,-0.26 
2025-07-24 11,3.96,3.08,0.89,2.51,-0.05,NaN,-0.28 
2025-07-24 12,3.69,3.12,0.89,2.52,-0.26,NaN,-0.28 
2025-07-24 13,3.44,3.15,0.89,2.53,-0.43,NaN,-0.27 
2025-07-24 14,3.23,3.18,0.90,2.53,-0.58,NaN,0.05 
2025-07-24 15,3.07,3.21,0.90,2.54,-0.58,NaN,0.97 
2025-07-24 16,2.91,3.23,0.90,2.54,0.15,NaN,1.32 
2025-07-24 17,2.79,3.25,0.90,2.54,0.59,NaN,1.44 
2025-07-24 18,2.67,3.27,0.91,2.54,0.67,NaN,1.44 
2025-07-24 19,2.58,3.28,0.91,2.53,0.75,NaN,1.37 
2025-07-24 20,2.52,3.30,0.91,2.53,0.75,NaN,1.27 
2025-07-24 21,2.45,3.33,0.91,2.52,0.56,NaN,1.15 
2025-07-24 22,2.49,3.32,0.91,2.52,0.26,NaN,1.03 
2025-07-24 23,2.7,3.33,0.92,2.51,-0.01,NaN,0.93 
2025-07-25 00,2.76,3.35,0.92,2.51,-0.25,NaN,0.83 
2025-07-25 01,2.87,3.35,0.93,2.51,-0.41,NaN,0.73 
2025-07-25 02,2.91,3.36,0.93,2.5,-0.44,NaN,0.63 
2025-07-25 03,2.99,3.37,0.94,2.5,-0.42,NaN,0.53 
2025-07-25 04,2.97,3.39,0.94,2.5,0.4,NaN,0.45 
2025-07-25 05,2.84,3.39,0.94,2.5,0.85,NaN,0.37 
2025-07-25 06,2.7,3.4,0.94,2.49,1.02,NaN,0.31 
2025-07-25 07,2.58,3.41,0.95,2.49,1.05,NaN,0.27 
2025-07-25 08,2.50,3.42,0.95,2.49,0.97,NaN,0.24 
2025-07-25 09,2.43,3.43,0.95,2.49,0.70,NaN,0.21 
2025-07-25 10,2.37,3.44,0.96,2.49,0.38,NaN,0.16 
2025-07-25 11,2.32,3.45,0.95,2.49,0.08,NaN,0.12 
2025-07-25 12,2.25,3.45,0.95,2.49,-0.17,NaN,0.07 
2025-07-25 13,2.19,3.46,0.95,2.49,-0.37,NaN,0.02 
2025-07-25 14,2.12,3.46,0.95,2.49,-0.56,NaN,-0.01 
2025-07-25 15,2.09,3.47,0.95,2.49,-0.69,NaN,-0.05 
2025-07-25 16,2.06,3.47,0.96,2.49,-0.66,NaN,-0.07 
2025-07-25 17,2.01,3.47,0.96,2.49,0.24,NaN,-0.10 
2025-07-25 18,1.97,3.48,0.96,2.49,0.68,NaN,-0.12 
2025-07-25 19,1.93,3.48,0.96,2.48,0.85,NaN,-0.14 
2025-07-25 20,1.89,3.48,0.96,2.48,0.85,NaN,-0.16 
2025-07-25 21,1.85,3.48,0.96,2.48,0.75,NaN,-0.14 
2025-07-25 22,1.82,3.48,0.96,2.48,0.47,NaN,-0.14 
2025-07-25 23,1.81,3.48,0.96,2.48,0.15,NaN,-0.16 
2025-07-26 00,1.84,3.48,0.96,2.48,-0.11,NaN,-0.18 
2025-07-26 01,1.85,3.48,0.96,2.48,-0.32,NaN,-0.21 
2025-07-26 02,1.85,3.48,0.97,2.49,-0.47,NaN,-0.23 
2025-07-26 03,1.84,3.48,0.97,2.49,-0.49,NaN,-0.24 
2025-07-26 04,1.82,3.47,0.97,2.49,-0.08,NaN,-0.26 
2025-07-26 05,1.79,3.47,0.97,2.49,0.54,NaN,-0.27 
2025-07-26 06,1.77,3.47,0.97,2.49,0.92,NaN,-0.28 
2025-07-26 07,1.75,3.47,0.97,2.49,1.00,NaN,-0.28 
2025-07-26 08,1.72,3.47,0.97,2.49,0.99,NaN,-0.25 
2025-07-26 09,1.69,3.47,0.97,2.49,0.86,NaN,-0.20 
2025-07-26 10,1.63,3.46,0.97,2.49,0.57,NaN,-0.19 
2025-07-26 11,1.58,3.46,0.97,2.50,0.24,NaN,-0.20 
2025-07-26 12,1.57,3.45,0.97,2.50,-0.06,NaN,-0.21 
2025-07-26 13,1.56,3.46,0.97,2.50,-0.30,NaN,-0.23 
2025-07-26 14,1.50,3.45,0.97,2.50,-0.51,NaN,-0.24 
2025-07-26 15,1.46,3.44,0.97,2.50,-0.70,NaN,-0.26 
2025-07-26 16,1.43,3.44,0.97,2.50,-0.74,NaN,-0.27 
2025-07-26 17,1.38,3.43,0.97,2.49,-0.09,NaN,-0.29 
2025-07-26 18,1.36,3.43,0.96,2.49,0.48,NaN,-0.30 
2025-07-26 19,1.36,3.42,0.96,2.49,0.74,NaN,-0.31 
2025-07-26 20,1.33,3.42,0.96,2.49,0.81,NaN,-0.32 
2025-07-26 21,1.33,3.41,0.96,2.48,0.81,NaN,-0.32 
2025-07-26 22,1.33,3.41,0.96,2.48,0.67,NaN,-0.29 
2025-07-26 23,1.32,3.40,0.96,2.48,0.37,NaN,-0.29 
2025-07-27 00,1.31,3.39,0.96,2.48,0.04,NaN,-0.31 
2025-07-27 01,1.29,3.39,0.96,2.48,-0.25,NaN,-0.33 
2025-07-27 02,1.29,3.38,0.96,2.48,-0.45,NaN,-0.35 
2025-07-27 03,1.28,3.38,0.96,2.48,-0.60,NaN,-0.36 
2025-07-27 04,1.27,3.37,0.96,2.48,-0.56,NaN,-0.37 
2025-07-27 05,1.27,3.37,0.96,2.48,0.12,NaN,-0.38 
2025-07-27 06,1.26,3.36,0.96,2.47,0.62,NaN,-0.39 
2025-07-27 07,1.26,3.36,0.96,2.47,0.91,NaN,-0.40 
2025-07-27 08,1.23,3.36,0.96,2.47,0.97,NaN,-0.40 
2025-07-27 09,1.08,3.35,0.96,2.47,0.90,NaN,-0.37 
2025-07-27 10,1.07,3.35,0.96,2.47,0.69,NaN,-0.32 
2025-07-27 11,1.13,3.34,0.96,2.47,0.39,NaN,-0.33 
2025-07-27 12,1.14,3.33,0.96,2.47,0.06,NaN,-0.37 
2025-07-27 13,1.14,3.33,0.95,2.47,-0.24,NaN,-0.39 
2025-07-27 14,1.13,3.32,0.96,2.46,-0.45,NaN,-0.42 
2025-07-27 15,1.11,3.31,0.95,2.46,-0.67,NaN,-0.43 
2025-07-27 16,1.10,3.30,0.95,2.46,-0.82,NaN,-0.45 
2025-07-27 17,1.10,3.30,0.95,2.46,-0.76,NaN,-0.46 
2025-07-27 18,1.09,3.29,0.95,2.45,0.18,NaN,-0.46 
2025-07-27 19,1.09,3.29,0.95,2.45,0.60,NaN,-0.47 
2025-07-27 20,1.10,3.28,0.95,2.45,0.81,NaN,-0.48 
2025-07-27 21,1.09,3.27,0.94,2.44,0.81,NaN,-0.48 
2025-07-27 22,1.09,3.27,0.94,2.44,0.72,NaN,-0.46 
2025-07-27 23,NaN,NaN,NaN,NaN,NaN,NaN,NaN
2025-07-28 00,1.08,3.26,0.94,2.44,0.49,NaN,-0.44 
2025-07-28 01,1.09,3.25,0.95,2.44,0.19,NaN,-0.45 
2025-07-28 02,1.10,3.25,0.94,2.44,-0.11,NaN,-0.46 
2025-07-28 03,1.11,3.24,0.94,2.44,-0.36,NaN,-0.48 
2025-07-28 04,1.12,3.23,0.94,2.44,-0.59,NaN,-0.50 
2025-07-28 05,1.12,3.23,0.94,2.43,-0.67,NaN,-0.50 
2025-07-28 06,1.11,3.22,0.94,2.43,-0.22,NaN,-0.51 
2025-07-28 07,1.11,3.22,0.94,2.43,0.32,NaN,-0.51 
2025-07-28 08,1.11,3.21,0.94,2.43,0.66,NaN,-0.51 
2025-07-28 09,1.12,3.20,0.94,2.42,0.83,NaN,-0.51 
2025-07-28 10,0.98,3.20,0.94,2.42,0.78,NaN,-0.46 
2025-07-28 11,0.99,3.19,0.93,2.42,0.54,NaN,-0.42 
2025-07-28 12,0.99,3.18,0.93,2.41,0.22,NaN,-0.42 
2025-07-28 13,0.99,3.18,0.93,2.41,-0.11,NaN,-0.44 
2025-07-28 14,0.98,3.16,0.93,2.41,-0.36,NaN,-0.46 
2025-07-28 15,0.97,3.16,0.93,2.40,-0.61,NaN,-0.47 
2025-07-28 16,0.97,3.15,0.93,2.40,-0.77,NaN,-0.49 
2025-07-28 17,0.96,3.14,0.92,2.40,-0.79,NaN,-0.50 
2025-07-28 18,0.95,3.14,0.92,2.39,-0.08,NaN,-0.51 
2025-07-28 19,0.95,3.13,0.92,2.39,0.48,NaN,-0.51 
2025-07-28 20,0.95,3.13,0.92,2.39,0.79,NaN,-0.52 
2025-07-28 21,0.95,3.11,0.92,2.38,0.86,NaN,-0.52 
2025-07-28 22,0.95,3.11,0.91,2.38,0.80,NaN,-0.52 
2025-07-28 23,0.95,3.10,0.91,2.38,0.64,NaN,-0.48 
2025-07-29 00,0.94,3.11,0.91,2.37,0.38,NaN,-0.47 
2025-07-29 01,0.94,3.09,0.91,2.37,0.05,NaN,-0.49 
2025-07-29 02,0.93,3.09,0.91,2.37,-0.25,NaN,-0.52 
2025-07-29 03,0.93,3.08,0.91,2.37,-0.47,NaN,-0.53 
2025-07-29 04,0.94,3.07,0.90,2.37,-0.65,NaN,-0.54 
2025-07-29 05,0.95,3.07,0.90,2.37,-0.66,NaN,-0.55 
2025-07-29 06,0.96,3.06,0.90,2.36,-0.01,NaN,-0.56 
2025-07-29 07,0.96,3.05,0.90,2.36,0.44,NaN,-0.56 
2025-07-29 08,0.96,3.04,0.90,2.36,0.64,NaN,-0.56 
2025-07-29 09,0.96,3.03,0.90,2.35,0.72,NaN,-0.57 
2025-07-29 10,0.96,3.03,0.90,2.35,0.65,NaN,-0.56 
2025-07-29 11,0.95,3.03,0.89,2.35,0.52,NaN,-0.54 
2025-07-29 12,0.95,3.03,0.89,2.34,0.28,NaN,-0.54 
2025-07-29 13,0.93,3.01,0.89,2.34,-0.05,NaN,-0.55 
2025-07-29 14,0.92,3.00,0.89,2.34,-0.33,NaN,-0.56 
2025-07-29 15,0.92,2.99,0.89,2.33,-0.57,NaN,-0.57 
2025-07-29 16,0.92,2.99,0.89,2.33,-0.78,NaN,-0.58 
2025-07-29 17,0.91,2.98,0.89,2.33,-0.82,NaN,-0.58 
2025-07-29 18,0.92,2.98,0.88,2.33,-0.71,NaN,-0.59 
2025-07-29 19,0.92,2.96,0.88,2.32,0.20,NaN,-0.59 
2025-07-29 20,0.92,2.96,0.88,2.32,0.59,NaN,-0.59 
2025-07-29 21,0.93,2.95,0.88,2.31,0.79,NaN,-0.60 
2025-07-29 22,0.93,2.95,0.87,2.31,0.79,NaN,-0.60 
2025-07-29 23,0.92,2.94,0.87,2.31,0.70,NaN,-0.59 
2025-07-30 00,0.92,2.93,0.87,2.30,0.49,NaN,-0.56 
2025-07-30 01,0.91,2.93,0.87,2.30,0.20,NaN,-0.56 
2025-07-30 02,0.90,2.92,0.87,2.30,-0.13,NaN,-0.58 
2025-07-30 03,0.90,2.91,0.87,2.30,-0.38,NaN,-0.60 
2025-07-30 04,0.90,2.90,0.87,2.30,-0.60,NaN,-0.60 
2025-07-30 05,0.90,2.90,0.86,2.30,-0.68,NaN,-0.61 
2025-07-30 06,0.90,2.90,0.86,2.29,-0.62,NaN,-0.62 
2025-07-30 07,0.89,2.89,0.86,2.29,0.09,NaN,-0.62 
2025-07-30 08,0.89,2.88,0.86,2.29,0.44,NaN,-0.62 
2025-07-30 09,0.89,2.88,0.85,2.28,0.67,NaN,-0.62 
2025-07-30 10,0.89,2.87,0.85,2.28,0.66,NaN,-0.62 
2025-07-30 11,0.89,2.86,0.85,2.27,0.5,NaN,-0.62 
2025-07-30 12,0.88,2.86,0.85,2.27,0.3,NaN,-0.6 
2025-07-30 13,0.87,2.86,0.84,2.27,0.08,NaN,-0.61 
2025-07-30 14,0.86,2.85,0.84,2.26,-0.22,NaN,-0.61 
2025-07-30 15,0.85,2.84,0.84,2.26,-0.44,NaN,-0.62 
2025-07-30 16,0.85,2.84,0.84,2.26,-0.65,NaN,-0.62 
2025-07-30 17,0.83,2.83,0.84,2.25,-0.77,NaN,-0.63 
2025-07-30 18,0.85,2.82,0.84,2.25,-0.68,NaN,-0.63 
2025-07-30 19,0.86,2.81,0.83,2.24,0.02,NaN,-0.63 
2025-07-30 20,0.88,2.8,0.83,2.24,0.51,NaN,-0.63 
2025-07-30 21,0.89,2.8,0.83,2.23,0.75,NaN,-0.64 
2025-07-30 22,0.89,2.79,0.83,2.23,0.75,NaN,-0.64 
2025-07-30 23,0.87,2.79,0.83,2.22,0.71,NaN,-0.63 
2025-07-31 00,0.86,2.78,0.82,2.22,0.54,NaN,-0.61 
2025-07-31 01,0.84,2.77,0.82,2.22,0.33,NaN,-0.6 
2025-07-31 02,0.83,2.76,0.82,2.22,-0.02,NaN,-0.61 
2025-07-31 03,0.83,2.76,0.82,2.21,-0.3,NaN,-0.62 
2025-07-31 04,0.83,2.75,0.82,2.21,-0.5,NaN,-0.63 
2025-07-31 05,0.83,2.75,0.82,2.21,-0.7,NaN,-0.64 
2025-07-31 06,0.84,2.74,0.81,2.21,-0.7,NaN,-0.64 
2025-07-31 07,0.84,2.74,0.81,2.2,-0.59,NaN,-0.64 
2025-07-31 08,0.84,2.73,0.81,2.2,0.15,NaN,-0.64 
2025-07-31 09,0.84,2.73,0.81,2.2,0.43,NaN,-0.65 
2025-07-31 10,0.83,2.72,0.81,2.19,0.48,NaN,-0.65 
2025-07-31 11,0.82,2.72,0.80,2.19,0.44,NaN,-0.65 
2025-07-31 12,0.81,2.71,0.80,2.18,0.29,NaN,-0.65 
2025-07-31 13,0.8,2.7,0.80,2.18,0.14,NaN,-0.64 
2025-07-31 14,0.79,2.7,0.80,2.18,-0.05,NaN,-0.64 
2025-07-31 15,0.79,2.69,0.80,2.17,-0.3,NaN,-0.65 
2025-07-31 16,0.8,2.68,0.8,2.17,-0.51,NaN,-0.65 
2025-07-31 17,0.79,2.67,0.79,2.16,-0.64,NaN,-0.65 
2025-07-31 18,0.79,2.67,0.79,2.16,-0.66,NaN,-0.65 
2025-07-31 19,0.8,2.66,0.79,2.15,-0.08,NaN,-0.65 
2025-07-31 20,0.81,2.66,0.79,2.15,0.36,NaN,-0.66 
2025-07-31 21,0.82,2.65,0.78,2.14,0.64,NaN,-0.66 
2025-07-31 22,0.81,2.64,0.78,2.14,0.63,NaN,-0.66 
2025-07-31 23,0.8,2.64,0.78,2.13,0.67,NaN,-0.66 
2025-08-01 00,0.8,2.63,0.78,2.13,0.59,NaN,-0.65 
2025-08-01 01,0.79,2.63,0.78,2.12,0.44,NaN,-0.64 
2025-08-01 02,0.79,2.62,0.78,2.12,0.22,NaN,-0.64 
2025-08-01 03,0.79,2.61,0.77,2.12,-0.1,NaN,-0.64 
2025-08-01 04,0.79,2.61,0.77,2.12,-0.35,NaN,-0.65 
2025-08-01 05,0.79,2.6,0.77,2.11,-0.56,NaN,-0.66 
2025-08-01 06,0.79,2.6,0.77,2.11,-0.62,NaN,-0.66 
2025-08-01 07,0.8,2.59,0.76,2.11,-0.57,NaN,-0.66 
2025-08-01 08,0.8,2.58,0.76,2.1,-0.1,NaN,-0.67 
2025-08-01 09,0.8,2.58,0.76,2.1,-0.1,NaN,-0.67 
2025-08-01 10,0.8,2.58,0.76,2.1,0.15,NaN,-0.67 
2025-08-01 11,0.79,2.57,0.76,2.09,0.27,NaN,-0.67 
2025-08-01 12,0.78,2.57,0.76,2.09,0.36,NaN,-0.67 
2025-08-01 13,0.77,2.56,0.76,2.08,0.35,NaN,-0.67 
2025-08-01 14,0.79,2.55,0.75,2.08,0.29,NaN,-0.67 
2025-08-01 15,0.79,2.55,0.75,2.08,0.12,NaN,-0.67 
2025-08-01 16,0.77,2.54,0.75,2.07,-0.12,NaN,-0.67 
2025-08-01 17,0.76,2.54,0.75,2.07,-0.27,NaN,-0.67 
2025-08-01 18,0.75,2.53,0.75,2.06,-0.34,NaN,-0.67 
2025-08-01 19,0.75,2.52,0.75,2.06,-0.42,NaN,-0.67 
2025-08-01 20,0.7,2.52,0.74,2.05,-0.15,NaN,-0.67 
2025-08-01 21,0.59,2.51,0.74,2.04,0.42,NaN,-0.67 
2025-08-01 22,0.62,2.5,0.74,2.04,0.67,NaN,-0.67 
2025-08-01 23,0.64,2.5,0.73,2.03,0.69,NaN,-0.68 
2025-08-02 00,0.66,2.49,0.73,2.03,0.64,NaN,-0.67 
2025-08-02 01,0.67,2.48,0.73,2.03,0.49,NaN,-0.66 
2025-08-02 02,0.67,2.48,0.73,2.02,0.27,NaN,-0.66 
2025-08-02 03,0.67,2.47,0.73,2.02,0.05,NaN,-0.66 
2025-08-02 04,0.67,2.47,0.73,2.01,-0.15,NaN,-0.67 
2025-08-02 05,0.68,2.46,0.72,2.01,-0.39,NaN,-0.67 
2025-08-02 06,0.69,2.46,0.72,2.01,-0.52,NaN,-0.68 
2025-08-02 07,0.68,2.45,0.72,2,-0.52,NaN,-0.68 
2025-08-02 08,0.6,2.44,0.72,2,-0.5,NaN,-0.68 
2025-08-02 09,0.61,2.44,0.72,2.00,-0.12,NaN,-0.68 
2025-08-02 10,0.63,2.43,0.71,1.99,0.05,NaN,-0.68 
2025-08-02 11,0.66,2.43,0.71,1.99,0.20,NaN,-0.68 
2025-08-02 12,0.70,2.42,0.71,1.98,0.22,NaN,-0.69 
2025-08-02 13,0.73,2.42,0.71,1.98,0.24,NaN,-0.69 
2025-08-02 14,0.74,2.41,0.71,1.97,0.16,NaN,-0.69 
2025-08-02 15,0.74,2.40,0.71,1.97,0.10,NaN,-0.69 
2025-08-02 16,0.73,2.40,0.70,1.96,-0.01,NaN,-0.69 
2025-08-02 17,0.73,2.39,0.70,1.96,-0.15,NaN,-0.69 
2025-08-02 18,0.73,2.38,0.70,1.95,-0.30,NaN,-0.69 
2025-08-02 19,0.74,2.38,0.70,1.95,-0.26,NaN,-0.69 
2025-08-02 20,0.75,2.37,0.70,1.94,-0.02,NaN,-0.69 
2025-08-02 21,0.76,2.37,0.69,1.94,0.22,NaN,-0.69 
2025-08-02 22,0.76,2.36,0.69,1.93,0.47,NaN,-0.69 
2025-08-02 23,0.74,2.35,0.69,1.93,0.53,NaN,-0.69 
2025-08-03 00,0.66,2.35,0.69,1.92,0.54,NaN,-0.69 
2025-08-03 01,0.69,2.34,0.69,1.92,0.56,NaN,-0.69 
2025-08-03 02,0.72,2.34,0.68,1.91,0.48,NaN,-0.68 
2025-08-03 03,0.74,2.33,0.68,1.91,0.31,NaN,NaN 
2025-08-03 04,0.75,2.33,0.68,1.91,0.06,NaN,-0.69 
2025-08-03 05,0.76,2.32,0.68,1.90,-0.21,NaN,NaN 
2025-08-03 06,0.76,2.32,0.68,1.90,-0.34,NaN,-0.69 
2025-08-03 07,0.76,2.31,0.68,1.89,-0.39,NaN,-0.70 
2025-08-03 08,0.76,2.31,0.68,1.89,-0.48,NaN,-0.70 
2025-08-03 09,0.76,2.30,0.67,1.88,-0.44,NaN,-0.70 
2025-08-03 10,0.74,2.30,0.67,1.88,-0.24,NaN,-0.70 
2025-08-03 11,0.70,2.29,0.67,1.88,-0.11,NaN,-0.70 
2025-08-03 12,0.67,2.29,0.67,1.87,0.16,NaN,-0.70 
2025-08-03 13,0.65,2.28,0.67,1.87,0.24,NaN,-0.70 
2025-08-03 14,0.60,2.28,0.67,1.86,0.26,NaN,-0.70 
2025-08-03 15,0.56,2.27,0.66,1.86,0.23,NaN,-0.70 
2025-08-03 16,0.56,2.26,0.66,1.85,0.19,NaN,-0.70 
2025-08-03 17,0.57,2.26,0.66,1.85,0.13,NaN,-0.70 
2025-08-03 18,0.58,2.25,0.65,1.84,0.02,NaN,-0.70 
2025-08-03 19,0.59,2.25,0.65,1.84,-0.14,NaN,-0.70 
2025-08-03 20,0.59,2.24,0.65,1.83,-0.18,NaN,-0.71 
2025-08-03 21,0.59,2.23,0.65,1.82,-0.04,NaN,-0.71 
2025-08-03 22,0.59,2.23,0.65,1.82,0.21,NaN,-0.71 
2025-08-03 23,0.59,2.22,0.65,1.81,0.43,NaN,-0.71 
2025-08-04 00,0.57,2.22,0.64,1.81,0.49,NaN,-0.71 
2025-08-04 01,0.53,2.21,0.64,1.80,0.48,NaN,NaN 
2025-08-04 02,0.53,2.21,0.64,1.80,0.47,NaN,-0.70 
2025-08-04 03,0.55,2.20,0.64,1.80,0.48,NaN,-0.70 
2025-08-04 04,0.56,2.20,0.64,1.79,0.37,NaN,-0.70 
2025-08-04 05,0.57,2.19,0.64,1.79,0.13,NaN,NaN 
2025-08-04 06,0.57,2.19,0.64,1.79,-0.08,NaN,NaN 
2025-08-04 07,0.58,2.18,0.63,1.78,-0.34,NaN,-0.71 
2025-08-04 08,0.59,2.18,0.63,1.78,-0.47,NaN,-0.71 
2025-08-04 09,0.59,2.17,0.63,1.77,-0.42,NaN,-0.71 
2025-08-04 10,0.57,2.16,0.63,1.77,-0.40,NaN,-0.71 
2025-08-04 11,0.53,2.16,0.63,1.77,-0.40,NaN,-0.71 
2025-08-04 12,0.53,2.15,0.63,1.76,-0.21,NaN,-0.72 
2025-08-04 13,0.53,2.15,0.62,1.76,0.07,NaN,-0.72 
2025-08-04 14,0.54,2.14,0.62,1.75,0.30,NaN,-0.72 
2025-08-04 15,0.54,2.14,0.62,1.75,0.42,NaN,-0.72 
2025-08-04 16,0.54,2.13,0.62,1.74,0.41,NaN,-0.72 
2025-08-04 17,0.54,2.13,0.61,1.74,0.30,NaN,-0.72 
2025-08-04 18,0.54,2.12,0.61,1.73,0.19,NaN,-0.72 
2025-08-04 19,0.55,2.12,0.61,1.73,0.11,NaN,-0.72 
2025-08-04 20,0.56,2.11,0.61,1.72,-0.03,NaN,-0.72 
2025-08-04 21,0.56,2.10,0.60,1.72,-0.11,NaN,-0.72 
2025-08-04 22,0.53,2.10,0.60,1.72,-0.03,NaN,-0.72 
2025-08-04 23,0.50,2.09,0.60,1.71,0.09,NaN,-0.72 
2025-08-05 00,0.51,2.09,0.60,1.71,0.28,NaN,-0.72 
2025-08-05 01,0.53,2.08,0.60,1.70,0.46,NaN,-0.72 
2025-08-05 02,0.53,2.08,0.60,1.70,0.56,NaN,-0.72 
2025-08-05 03,0.53,2.07,0.60,1.69,0.60,NaN,NaN 
2025-08-05 04,0.54,2.07,0.60,1.69,0.52,NaN,-0.71 
2025-08-05 05,0.55,2.06,0.59,1.69,0.37,NaN,-0.71 
2025-08-05 06,0.55,2.05,0.59,1.68,0.22,NaN,-0.71 
2025-08-05 07,0.55,2.05,0.59,1.68,-0.04,NaN,-0.71 
2025-08-05 08,0.53,2.04,0.59,1.68,-0.31,NaN,-0.72 
2025-08-05 09,0.69,2.04,0.59,1.67,-0.51,NaN,-0.72 
2025-08-05 10,0.72,2.03,0.59,1.67,-0.64,NaN,-0.72 
2025-08-05 11,0.69,2.03,0.59,1.66,-0.63,NaN,-0.72 
2025-08-05 12,0.64,2.02,0.58,1.66,-0.47,NaN,-0.72 
2025-08-05 13,0.62,2.02,0.58,1.66,-0.20,NaN,-0.72 
2025-08-05 14,0.60,2.03,0.58,1.65,0.14,NaN,-0.72 
2025-08-05 15,0.60,2.03,0.58,1.65,0.41,NaN,-0.72 
2025-08-05 16,0.60,2.02,0.58,1.64,0.54,NaN,-0.72 
2025-08-05 17,0.61,2.01,0.57,1.64,0.61,NaN,-0.71 
2025-08-05 18,0.62,2.01,0.57,1.63,0.50,NaN,-0.71 
2025-08-05 19,0.63,2.00,0.57,1.63,0.30,NaN,-0.7 
2025-08-05 20,0.58,2.00,0.56,1.63,0.07,NaN,-0.69 
2025-08-05 21,0.50,2.00,0.56,1.63,-0.06,NaN,-0.69 
2025-08-05 22,0.47,1.99,0.56,1.62,-0.16,NaN,-0.70 
2025-08-05 23,0.50,1.99,0.56,1.62,-0.12,NaN,-0.70 
2025-08-06 00,0.53,1.98,0.56,1.63,0.01,NaN,NaN 
2025-08-06 01,0.58,1.98,0.56,1.63,0.30,NaN,-0.71 
2025-08-06 02,0.66,1.97,0.56,1.63,0.55,NaN,-0.71 
2025-08-06 03,0.72,1.97,0.56,1.63,0.76,NaN,-0.71 
2025-08-06 04,0.74,1.97,0.56,1.63,0.77,NaN,-0.71 
2025-08-06 05,0.76,1.96,0.55,1.63,0.67,NaN,-0.70 
2025-08-06 06,0.76,1.96,0.55,1.63,0.53,NaN,-0.68 
2025-08-06 07,0.76,1.95,0.55,1.63,0.29,NaN,-0.68 
2025-08-06 08,0.67,1.95,0.55,1.63,0.00,NaN,-0.69 
2025-08-06 09,0.65,1.94,0.55,1.63,-0.27,NaN,-0.7 
2025-08-06 10,0.65,1.94,0.55,1.63,-0.51,NaN,-0.72 
2025-08-06 11,0.65,1.94,0.54,1.63,-0.74,NaN,-0.72 
2025-08-06 12,0.63,1.93,0.54,1.62,-0.64,NaN,-0.72 
2025-08-06 13,0.63,1.93,0.54,1.62,-0.49,NaN,-0.72 
2025-08-06 14,0.62,1.92,0.54,1.62,-0.16,NaN,-0.71 
2025-08-06 15,0.61,1.92,0.54,1.62,0.27,NaN,-0.71 
2025-08-06 16,0.6,1.92,0.54,1.61,0.54,NaN,-0.71 
2025-08-06 17,0.6,1.91,0.54,1.61,0.76,NaN,-0.71 
2025-08-06 18,0.6,1.91,0.53,1.6,0.79,NaN,-0.71 
2025-08-06 19,0.59,1.9,0.53,1.59,0.31,NaN,-0.66 
2025-08-06 20,0.59,1.9,0.53,1.59,0.31,NaN,0.34 
2025-08-06 21,0.59,1.89,0.53,1.59,0.1,NaN,-0.65 
2025-08-06 22,0.6,1.89,0.53,1.58,-0.11,NaN,-0.65 
2025-08-06 23,0.54,1.88,0.53,1.58,-0.23,NaN,-0.65 
2025-08-07 00,0.51,1.88,0.52,1.57,-0.22,NaN,-0.65 
2025-08-07 01,0.52,1.88,0.52,1.57,-0.09,NaN,-0.65 
2025-08-07 02,0.53,1.87,0.52,1.56,0.26,NaN,-0.65 
2025-08-07 03,0.54,1.87,0.52,1.56,0.73,NaN,-0.65 
2025-08-07 04,0.55,1.86,0.51,1.56,0.92,NaN,-0.65 
2025-08-07 05,0.56,1.86,0.51,1.55,0.95,NaN,-0.64 
2025-08-07 06,0.56,1.85,0.51,1.55,0.85,NaN,-0.57 
2025-08-07 07,0.56,1.85,0.51,1.54,0.63,NaN,-0.51 
2025-08-07 08,0.56,1.85,0.51,1.54,0.32,NaN,-0.53 
2025-08-07 09,0.56,1.84,0.51,1.53,0.04,NaN,-0.56 
2025-08-07 10,0.54,1.84,0.50,1.53,-0.27,NaN,-0.59 
2025-08-07 11,0.50,1.83,0.50,1.53,-0.56,NaN,-0.60 
2025-08-07 12,0.51,1.83,0.50,1.52,-0.80,NaN,-0.62 
2025-08-07 13,0.52,1.82,0.50,1.52,-0.86,NaN,-0.63 
2025-08-07 14,0.53,1.82,0.50,1.51,-0.75,NaN,-0.63 
2025-08-07 15,0.53,1.81,0.49,1.51,0.07,NaN,-0.64 
2025-08-07 16,0.53,1.81,0.49,1.50,0.45,NaN,-0.65 
2025-08-07 17,0.52,1.80,0.49,1.50,0.72,NaN,-0.65 
2025-08-07 18,0.53,1.80,0.49,1.49,0.84,NaN,-0.66 
2025-08-07 19,0.53,1.79,0.48,1.49,0.81,NaN,-0.66 
2025-08-07 20,0.54,1.79,0.48,1.48,0.63,NaN,-0.62 
2025-08-07 21,0.55,1.79,0.48,1.48,0.33,NaN,-0.61 
2025-08-07 22,0.53,1.78,0.48,1.47,0.02,NaN,-0.63 
2025-08-07 23,0.49,1.77,0.47,1.47,-0.25,NaN,-0.65 
2025-08-08 00,0.5,1.77,0.47,1.46,-0.39,NaN,-0.66 
2025-08-08 01,0.52,1.77,0.47,1.46,-0.39,NaN,-0.67 
2025-08-08 02,0.53,1.76,0.47,1.45,0.02,NaN,-0.68 
2025-08-08 03,0.53,1.76,0.47,1.45,0.47,NaN,-0.69 
2025-08-08 04,0.53,1.75,0.47,1.45,0.8,NaN,-0.69 
2025-08-08 05,0.53,1.77,0.46,1.44,0.96,NaN,-0.7 
2025-08-08 06,0.54,1.76,0.46,1.44,1,NaN,-0.7 
2025-08-08 07,0.54,1.75,0.46,1.43,0.95,NaN,-0.59 
2025-08-08 08,0.56,1.75,0.45,1.43,0.68,NaN,-0.52 
2025-08-08 09,0.76,1.75,0.45,1.42,0.34,NaN,-0.56 
2025-08-08 10,1.27,1.74,0.45,1.42,-0.01,NaN,-0.62 
2025-08-08 11,1.65,1.74,0.45,1.42,-0.31,NaN,-0.65 
2025-08-08 12,1.69,1.74,0.45,1.42,-0.59,NaN,-0.67 
2025-08-08 13,1.58,1.73,0.44,1.41,-0.81,NaN,-0.69 
2025-08-08 14,1.44,1.73,0.46,1.41,-0.88,NaN,-0.7 
2025-08-08 15,1.32,1.74,0.46,1.41,-0.74,NaN,-0.71 
2025-08-08 16,1.24,1.74,0.46,1.4,0.17,NaN,-0.71 
2025-08-08 17,1.16,1.74,0.45,1.4,0.58,NaN,-0.71 
2025-08-08 18,1.1,1.74,0.45,1.39,0.79,NaN,-0.71 
2025-08-08 19,1.04,1.74,0.45,1.39,0.89,NaN,-0.71 
2025-08-08 20,1,1.75,0.45,1.38,0.85,NaN,-0.71 
2025-08-08 21,0.94,1.75,0.45,1.38,0.62,NaN,-0.64 
2025-08-08 22,0.8,1.75,0.44,1.38,0.25,NaN,-0.62 
2025-08-08 23,0.74,1.75,0.44,1.37,-0.07,NaN,-0.65 
2025-08-09 00,0.79,1.74,0.44,1.37,-0.34,NaN,-0.67 
2025-08-09 01,0.86,1.74,0.44,1.36,-0.49,NaN,-0.68 
2025-08-09 02,0.89,1.74,0.44,1.36,-0.47,NaN,-0.7 
2025-08-09 03,0.89,1.74,0.43,1.36,0.08,NaN,-0.7 
2025-08-09 04,0.89,1.74,0.43,1.35,0.55,NaN,-0.71 
2025-08-09 05,0.88,1.74,0.43,1.35,0.86,NaN,-0.71 
2025-08-09 06,0.88,1.74,0.43,1.34,1.01,NaN,-0.71 
2025-08-09 07,0.88,1.73,0.42,1.34,1.04,NaN,-0.7 
2025-08-09 08,0.87,1.73,0.42,1.33,0.94,NaN,-0.55 
2025-08-09 09,0.86,1.73,0.42,1.33,0.62,NaN,-0.51 
2025-08-09 10,0.83,1.73,0.42,1.32,0.25,NaN,-0.57 
2025-08-09 11,0.80,1.73,0.41,1.32,-0.08,NaN,-0.62 
2025-08-09 12,0.77,1.72,0.41,1.32,-0.36,NaN,-0.66 
2025-08-09 13,0.76,1.72,0.41,1.31,-0.64,NaN,-0.68 
2025-08-09 14,0.73,1.72,0.41,1.31,-0.86,NaN,-0.70 
2025-08-09 15,0.66,1.72,0.40,1.31,-0.89,NaN,-0.71 
2025-08-09 16,0.65,1.71,0.40,1.30,-0.15,NaN,-0.71 
2025-08-09 17,0.66,1.71,0.40,1.30,0.40,NaN,-0.72 
2025-08-09 18,0.66,1.71,0.40,1.29,0.75,NaN,-0.72 
2025-08-09 19,0.66,1.70,0.39,1.28,0.89,NaN,-0.72 
2025-08-09 20,0.65,1.70,0.39,1.28,0.89,NaN,-0.72 
2025-08-09 21,0.65,1.70,0.39,1.27,0.74,NaN,NaN 
2025-08-09 22,0.64,1.69,0.39,1.27,0.47,NaN,-0.62 
2025-08-09 23,0.60,1.69,0.38,1.26,0.12,NaN,-0.64 
2025-08-10 00,0.58,1.69,0.38,1.26,-0.24,NaN,-0.67 
2025-08-10 01,0.60,1.68,0.38,1.26,-0.51,NaN,-0.69 
2025-08-10 02,0.63,1.68,0.38,1.26,-0.69,NaN,-0.70 
2025-08-10 03,0.63,1.68,0.38,1.25,-0.62,NaN,-0.71 
2025-08-10 04,0.64,1.67,0.37,1.25,0.25,NaN,-0.72 
2025-08-10 05,0.64,1.67,0.37,1.24,0.68,NaN,-0.72 
2025-08-10 06,0.65,1.66,0.37,1.24,0.93,NaN,-0.72 
2025-08-10 07,0.65,1.66,0.37,1.24,1.01,NaN,-0.72 
2025-08-10 08,0.65,1.66,0.36,1.23,1.03,NaN,-0.70 
2025-08-10 09,0.65,1.65,0.36,1.23,0.88,NaN,-0.53 
2025-08-10 10,0.64,1.65,0.36,1.23,0.55,NaN,-0.52 
2025-08-10 11,0.63,1.64,0.36,1.23,0.17,NaN,-0.58 
2025-08-10 12,0.63,1.64,0.36,1.22,-0.15,NaN,-0.63 
2025-08-10 13,0.62,1.64,0.35,1.22,-0.45,NaN,-0.66 
2025-08-10 14,0.60,1.63,0.35,1.22,-0.72,NaN,-0.68 
2025-08-10 15,0.56,1.63,0.35,1.21,-0.90,NaN,-0.70 
2025-08-10 16,0.56,1.62,0.34,1.21,-0.79,NaN,-0.71 
2025-08-10 17,0.56,1.62,0.34,1.21,0.15,NaN,-0.72 
2025-08-10 18,0.56,1.61,0.34,1.20,0.59,NaN,-0.73 
2025-08-10 19,0.56,1.61,0.34,1.20,0.86,NaN,-0.73 
2025-08-10 20,0.56,1.60,0.33,1.19,0.95,NaN,-0.73 
2025-08-10 21,0.57,1.60,0.33,1.19,0.93,NaN,-0.73 
2025-08-10 22,0.58,1.59,0.32,1.18,0.72,NaN,-0.62 
2025-08-10 23,0.58,1.59,0.32,1.18,0.36,NaN,-0.60 
2025-08-11 00,0.58,1.59,0.30,1.18,-0.01,NaN,-0.64 
2025-08-11 01,0.54,1.58,0.30,1.17,-0.31,NaN,-0.67 
2025-08-11 02,0.52,1.58,0.29,1.17,-0.57,NaN,-0.69 
2025-08-11 03,0.53,1.58,0.29,1.17,-0.71,NaN,-0.71 
2025-08-11 04,0.55,1.57,0.29,1.17,-0.23,NaN,-0.72 
2025-08-11 05,0.56,1.57,0.28,1.16,0.34,NaN,-0.73 
2025-08-11 06,0.56,1.57,0.28,1.16,0.79,NaN,NaN 
2025-08-11 07,0.57,1.56,0.28,1.15,0.98,NaN,-0.73 
2025-08-11 08,0.57,1.56,0.27,1.15,1.05,NaN,-0.73 
2025-08-11 09,0.57,1.56,0.27,1.15,1.04,NaN,-0.66 
2025-08-11 10,0.57,1.55,0.27,1.14,0.84,NaN,-0.49 
2025-08-11 11,0.56,1.55,0.27,1.14,0.46,NaN,-0.51 
2025-08-11 12,0.56,1.54,0.27,1.14,0.11,NaN,-0.57 
2025-08-11 13,0.55,1.54,0.27,1.14,-0.12,NaN,-0.62 
2025-08-11 14,0.55,1.53,0.27,1.14,-0.5,NaN,-0.55 
2025-08-11 15,0.55,1.53,0.27,1.13,-0.75,NaN,-0.62 
2025-08-11 16,0.58,1.53,0.26,1.13,-0.75,NaN,-0.65 
2025-08-11 17,0.60,1.52,0.26,1.13,-0.03,NaN,-0.66 
2025-08-11 18,NaN,NaN,NaN,NaN,NaN,NaN,NaN 
2025-08-11 19,NaN,NaN,NaN,NaN,NaN,NaN,NaN 
2025-08-11 20,2.15,1.52,0.26,1.11,0.93,NaN,-0.68 
2025-08-11 21,1.98,1.52,0.26,1.11,0.99,NaN,-0.68 
2025-08-11 22,1.72,1.53,0.25,1.10,0.95,NaN,-0.59 
2025-08-11 23,1.56,1.53,0.25,1.10,0.67,NaN,-0.51 
2025-08-12 00,1.41,1.53,0.25,1.10,0.29,NaN,-0.55 
2025-08-12 01,1.32,1.53,0.25,1.10,-0.05,NaN,-0.61 
2025-08-12 02,1.22,1.53,0.24,1.10,-0.34,NaN,-0.59 
2025-08-12 03,1.15,1.54,0.24,1.09,-0.60,NaN,-0.45 
2025-08-12 04,1.10,1.53,0.24,1.09,-0.66,NaN,-0.37 
2025-08-12 05,1.06,1.54,0.24,1.09,-0.08,NaN,-0.36 
2025-08-12 06,1.02,1.54,0.23,1.09,0.50,NaN,-0.37 
2025-08-12 07,0.99,1.54,0.23,1.08,0.87,NaN,-0.4 
2025-08-12 08,0.96,1.54,0.23,1.08,1.01,NaN,-0.44 
2025-08-12 09,0.91,1.54,0.23,1.08,1.07,NaN,-0.44 
2025-08-12 10,0.80,1.54,0.22,1.08,1.01,NaN,-0.35 
2025-08-12 11,0.77,1.54,0.22,1.08,0.72,NaN,-0.34 
2025-08-12 12,0.80,1.53,0.22,1.08,0.36,NaN,-0.40 
2025-08-12 13,0.79,1.53,0.22,1.08,0.03,NaN,-0.47 
2025-08-12 14,0.78,1.53,0.22,1.08,-0.28,NaN,-0.53 
2025-08-12 15,0.77,1.52,0.22,1.08,-0.53,NaN,-0.57 
2025-08-12 16,0.76,1.53,0.22,1.07,-0.72,NaN,-0.60 
2025-08-12 17,0.81,1.53,0.22,1.07,-0.56,NaN,-0.62 
2025-08-12 18,1.16,1.53,0.21,1.07,0.25,NaN,-0.62 
2025-08-12 19,1.23,1.53,0.21,1.07,0.66,NaN,-0.59 
2025-08-12 20,1.23,1.53,0.21,1.07,0.89,NaN,-0.53 
2025-08-12 21,1.21,1.52,0.20,1.07,0.98,NaN,-0.45 
2025-08-12 22,1.11,1.52,0.20,1.07,0.99,NaN,-0.36 
2025-08-12 23,0.98,1.52,0.20,1.07,0.82,NaN,-0.28 
2025-08-13 00,0.98,1.52,0.20,1.07,0.48,NaN,-0.28 
2025-08-13 01,0.97,1.52,0.20,1.07,0.14,NaN,-0.25 
2025-08-13 02,0.95,1.52,0.20,1.08,-0.18,NaN,-0.20 
2025-08-13 03,0.93,1.52,0.19,1.08,-0.45,NaN,-0.19 
2025-08-13 04,0.92,1.52,0.19,1.09,-0.68,NaN,-0.21 
2025-08-13 05,0.91,1.51,0.19,1.09,-0.68,NaN,-0.25 
2025-08-13 06,0.89,1.52,0.19,1.10,0.08,NaN,-0.29 
2025-08-13 07,0.93,1.51,0.18,1.10,0.57,NaN,-0.34 
2025-08-13 08,1.05,1.51,0.18,1.10,0.87,NaN,-0.37 
2025-08-13 09,0.97,1.51,0.18,1.10,0.99,NaN,-0.41 
2025-08-13 10,0.86,1.51,0.18,1.10,1.01,NaN,-0.39 
2025-08-13 11,0.80,1.51,0.18,1.10,0.83,NaN,-0.34 
2025-08-13 12,0.76,1.50,0.18,1.10,0.50,NaN,-0.36 
2025-08-13 13,0.75,1.50,0.18,1.10,0.14,NaN,-0.41 
2025-08-13 14,0.88,1.50,0.18,1.11,-0.19,NaN,-0.47 
2025-08-13 15,1.13,1.49,0.27,1.11,-0.46,NaN,-0.51 
2025-08-13 16,1.62,1.49,0.22,1.10,-0.68,NaN,-0.54 
2025-08-13 17,3.07,1.49,0.22,1.10,-0.72,NaN,-0.56 
2025-08-13 18,2.98,1.49,0.22,1.10,-0.03,NaN,-0.58 
2025-08-13 19,2.77,1.49,0.22,1.10,0.47,NaN,-0.59 
2025-08-13 20,2.54,1.49,0.22,1.10,0.79,NaN,-0.60 
2025-08-13 21,2.29,1.49,0.21,1.09,0.94,NaN,-0.60 
2025-08-13 22,2.03,1.49,0.21,1.09,1.00,NaN,-0.59 
2025-08-13 23,1.86,1.49,0.21,1.09,0.95,NaN,-0.50 
2025-08-14 00,1.74,1.49,0.21,1.09,0.68,NaN,-0.44 
2025-08-14 01,1.64,1.50,0.21,1.09,0.31,NaN,-0.48 
2025-08-14 02,1.56,1.50,0.21,1.09,-0.04,NaN,-0.52 
2025-08-14 03,1.50,1.50,0.21,1.09,-0.24,NaN,-0.54 
2025-08-14 04,1.46,1.51,0.20,1.10,-0.61,NaN,-0.52 
2025-08-14 05,1.41,1.51,0.20,1.10,-0.77,NaN,-0.52 
2025-08-14 06,1.36,1.51,0.20,1.10,-0.45,NaN,-0.53 
2025-08-14 07,1.33,1.51,0.20,1.10,0.16,NaN,-0.54 
2025-08-14 08,1.33,1.51,0.20,1.10,0.58,NaN,-0.55 
2025-08-14 09,1.27,1.52,0.19,1.09,0.84,NaN,-0.56 
2025-08-14 10,1.20,1.52,0.19,1.09,0.90,NaN,-0.56 
2025-08-14 11,1.16,1.52,0.19,1.09,0.80,NaN,-0.53 
2025-08-14 12,1.11,1.52,0.19,1.09,0.55,NaN,-0.33 
2025-08-14 13,1.07,1.52,0.19,1.09,0.21,NaN,-0.46 
2025-08-14 14,1.04,1.52,0.19,1.09,-0.12,NaN,-0.49 
2025-08-14 15,1.04,1.52,0.19,1.09,-0.42,NaN,-0.52 
2025-08-14 16,1.06,1.52,0.19,1.09,-0.65,NaN,-0.51 
2025-08-14 17,1.05,1.53,0.19,1.09,-0.74,NaN,-0.51 
2025-08-14 18,1.07,1.53,0.19,1.08,-0.41,NaN,-0.52 
2025-08-14 19,1.10,1.53,0.19,1.08,0.25,NaN,-0.54 
2025-08-14 20,1.10,1.54,0.18,1.08,0.66,NaN,-0.56 
2025-08-14 21,1.1,1.54,0.18,1.08,0.88,NaN,-0.57 
2025-08-14 22,1.07,1.54,0.18,1.08,0.97,NaN,NaN 
2025-08-14 23,1.06,1.54,0.18,1.08,0.94,NaN,-0.51 
2025-08-15 00,1.07,1.54,0.18,1.08,0.75,NaN,-0.4 
2025-08-15 01,1.07,1.54,0.17,1.09,0.46,NaN,-0.36 
2025-08-15 02,1.07,1.54,0.17,1.09,0.11,NaN,-0.32 
2025-08-15 03,1.07,1.54,0.17,1.1,-0.2,NaN,-0.27 
2025-08-15 04,1.06,1.54,0.17,1.1,-0.49,NaN,-0.25 
2025-08-15 05,1.04,1.54,0.16,1.1,-0.73,NaN,-0.25 
2025-08-15 06,1.03,1.54,0.16,1.1,-0.77,NaN,-0.27 
2025-08-15 07,1.01,1.54,0.16,1.1,-0.44,NaN,-0.29 
2025-08-15 08,1,1.54,0.16,1.1,0.17,NaN,-0.32 
2025-08-15 09,0.99,1.53,0.15,1.11,0.53,NaN,-0.35 
2025-08-15 10,0.97,1.53,0.15,1.10,0.73,NaN,-0.37 
2025-08-15 11,0.96,1.53,0.16,1.10,0.69,NaN,-0.40 
2025-08-15 12,0.94,1.53,0.15,1.10,0.53,NaN,-0.40 
2025-08-15 13,0.92,1.53,0.15,1.10,0.26,NaN,-0.41 
2025-08-15 14,0.92,1.53,0.15,1.10,-0.05,NaN,-0.43 
2025-08-15 15,0.91,1.53,0.16,1.10,-0.33,NaN,-0.45 
2025-08-15 16,0.86,1.53,0.15,1.10,-0.52,NaN,-0.48 
2025-08-15 17,0.75,1.53,0.15,1.10,-0.61,NaN,-0.50 
2025-08-15 18,0.73,1.52,0.15,1.10,-0.52,NaN,-0.52 
2025-08-15 19,0.77,1.52,0.15,1.09,0.00,NaN,-0.53 
2025-08-15 20,0.80,1.52,0.15,1.09,0.39,NaN,-0.54 
2025-08-15 21,0.81,1.52,0.15,1.09,0.7,NaN,-0.55 
2025-08-15 22,0.81,1.52,0.14,1.09,0.86,NaN,-0.56 
2025-08-15 23,0.8,1.52,0.14,1.08,0.87,NaN,-0.55 
2025-08-16 00,0.81,1.51,0.14,1.08,0.79,NaN,NaN 
2025-08-16 01,0.82,1.51,0.14,1.08,0.57,NaN,-0.48 
2025-08-16 02,0.83,1.51,0.14,1.08,0.25,NaN,-0.49 
2025-08-16 03,0.84,1.51,0.13,1.08,-0.07,NaN,-0.51 
2025-08-16 04,0.84,1.5,0.13,1.08,-0.39,NaN,-0.53 
2025-08-16 05,0.86,1.5,0.13,1.07,-0.67,NaN,-0.55 
2025-08-16 06,0.89,1.5,0.13,1.07,-0.81,NaN,-0.56 
2025-08-16 07,0.88,1.5,0.13,1.07,-0.77,NaN,-0.56 
2025-08-16 08,0.87,1.5,0.12,1.07,-0.48,NaN,-0.57 
2025-08-16 09,0.99,1.49,0.12,1.06,0.10,NaN,-0.57 
2025-08-16 10,0.97,1.49,0.12,1.06,0.39,NaN,-0.57 
2025-08-16 11,0.91,1.49,0.12,1.06,0.53,NaN,-0.56 
2025-08-16 12,0.86,1.49,0.12,1.05,0.50,NaN,-0.55 
2025-08-16 13,0.82,1.48,0.11,1.05,0.37,NaN,-0.53 
2025-08-16 14,0.80,1.48,0.11,1.05,0.15,NaN,-0.52 
2025-08-16 15,0.79,1.48,0.11,1.04,-0.08,NaN,-0.51 
2025-08-16 16,0.78,1.48,0.11,1.04,-0.24,NaN,-0.51 
2025-08-16 17,0.78,1.47,0.11,1.04,-0.44,NaN,-0.51 
2025-08-16 18,0.77,1.47,0.11,1.03,-0.42,NaN,-0.52 
2025-08-16 19,0.76,1.47,0.11,1.03,-0.18,NaN,-0.52 
2025-08-16 20,0.76,1.46,0.10,1.02,0.11,NaN,-0.52 
2025-08-16 21,0.76,1.46,0.10,1.02,0.36,NaN,-0.53 
2025-08-16 22,0.76,1.46,0.10,1.02,0.61,NaN,-0.53 
2025-08-16 23,0.76,1.46,0.10,1.01,0.75,NaN,-0.53 
2025-08-17 00,0.75,1.45,0.10,1.01,0.79,NaN,-0.52 
2025-08-17 01,0.75,1.45,0.10,1.01,0.69,NaN,-0.49 
2025-08-17 02,0.76,1.44,0.09,1.01,0.42,NaN,-0.48 
2025-08-17 03,0.76,1.44,0.09,1.00,0.12,NaN,-0.49 
2025-08-17 04,0.77,1.44,0.09,1.00,-0.11,NaN,-0.51 
2025-08-17 05,0.77,1.44,0.09,1.00,-0.48,NaN,-0.52 
2025-08-17 06,0.78,1.43,0.08,1.00,-0.71,NaN,-0.53 
2025-08-17 07,0.78,1.43,0.08,0.99,-0.84,NaN,-0.54 
2025-08-17 08,0.76,1.42,0.08,0.99,-0.73,NaN,-0.54 
2025-08-17 09,0.73,1.42,0.08,0.99,-0.38,NaN,-0.55 
2025-08-17 10,0.70,1.42,0.08,0.98,-0.01,NaN,-0.55 
2025-08-17 11,0.70,1.42,0.08,0.98,0.21,NaN,-0.55 
2025-08-17 12,0.72,1.41,0.07,0.98,0.31,NaN,-0.55 
2025-08-17 13,0.72,1.41,0.07,0.97,0.26,NaN,-0.55 
2025-08-17 14,0.71,1.41,0.07,0.97,0.24,NaN,-0.54 
2025-08-17 15,0.67,1.40,0.10,0.97,0.18,NaN,-0.55 
2025-08-17 16,0.82,1.40,0.08,0.96,0.01,NaN,-0.55 
2025-08-17 17,0.89,1.39,0.08,0.96,-0.16,NaN,-0.55 
2025-08-17 18,0.86,1.39,0.08,0.96,-0.31,NaN,-0.56 
2025-08-17 19,0.81,1.39,0.08,0.95,-0.31,NaN,-0.56 
2025-08-17 20,0.79,1.38,0.07,0.95,-0.19,NaN,-0.57 
2025-08-17 21,0.78,1.38,0.07,0.95,0.03,NaN,-0.57 
2025-08-17 22,0.74,1.38,0.07,0.94,0.23,NaN,-0.58 
2025-08-17 23,0.69,1.38,0.07,0.94,0.43,NaN,-0.58 
2025-08-18 00,0.69,1.38,0.07,0.94,0.59,NaN,-0.59 
2025-08-18 01,0.71,1.38,0.07,0.93,0.60,NaN,-0.59 
2025-08-18 02,0.71,1.38,0.06,0.93,0.48,NaN,-0.59 
2025-08-18 03,0.71,1.38,0.06,0.93,0.33,NaN,-0.59 
2025-08-18 04,0.71,1.37,0.06,0.92,0.11,NaN,-0.59 
2025-08-18 05,0.71,1.37,0.06,0.92,-0.14,NaN,-0.60 
2025-08-18 06,0.71,1.37,0.05,0.92,-0.44,NaN,-0.61 
2025-08-18 07,0.71,1.37,0.05,0.92,-0.70,NaN,-0.62 
2025-08-18 08,0.70,1.36,0.05,0.91,-0.92,NaN,-0.62 
2025-08-18 09,0.69,1.36,0.05,0.91,-0.92,NaN,-0.62 
2025-08-18 10,0.69,1.36,0.05,0.91,-0.55,NaN,-0.63 
2025-08-18 11,0.67,1.36,0.04,0.91,-0.28,NaN,-0.63 
2025-08-18 12,0.63,1.35,0.04,0.91,-0.08,NaN,-0.64 
2025-08-18 13,0.62,1.35,0.04,0.90,0.13,NaN,-0.64 
2025-08-18 14,0.63,1.35,0.04,0.90,0.24,NaN,-0.64 
2025-08-18 15,0.63,1.35,0.04,0.90,0.35,NaN,-0.65 
2025-08-18 16,0.64,1.35,0.04,0.89,0.37,NaN,-0.65 
2025-08-18 17,0.64,1.34,0.04,0.89,0.22,NaN,-0.65 
2025-08-18 18,0.63,1.33,0.04,0.89,0.05,NaN,-0.65 
2025-08-18 19,0.64,1.33,0.04,0.88,-0.08,NaN,-0.66 
2025-08-18 20,0.64,1.32,0.03,0.88,-0.22,NaN,-0.66 
2025-08-18 21,0.65,1.32,0.03,0.88,-0.24,NaN,-0.66 
2025-08-18 22,0.65,1.32,0.03,0.88,-0.08,NaN,-0.66 
2025-08-18 23,0.64,1.32,0.03,0.88,0.10,NaN,-0.67 
2025-08-19 00,0.64,1.32,0.02,0.87,0.34,NaN,-0.67 
2025-08-19 01,0.65,1.31,0.02,0.87,0.50,NaN,-0.67 
2025-08-19 02,NaN,NaN,NaN,NaN,NaN,NaN,NaN 
2025-08-19 03,0.72,1.31,0.03,0.87,0.56,NaN,-0.67 
2025-08-19 04,0.76,1.31,0.03,0.86,0.45,NaN,-0.67 
2025-08-19 05,0.89,1.30,0.03,0.86,0.26,NaN,-0.67 
2025-08-19 06,1.32,1.30,0.03,0.86,-0.02,NaN,-0.67 
2025-08-19 07,1.42,1.30,0.02,0.86,-0.32,NaN,-0.68 
2025-08-19 08,1.35,1.29,0.02,0.86,-0.69,NaN,-0.68 
2025-08-19 09,1.26,1.29,0.02,0.85,-0.9,NaN,-0.69 
2025-08-19 10,1.17,1.29,0.02,0.85,-0.9,NaN,-0.69 
2025-08-19 11,1.1,1.29,0.02,0.85,-0.75,NaN,-0.69 
2025-08-19 12,1.02,1.29,0.02,0.85,-0.46,NaN,-0.69 
2025-08-19 13,0.91,1.28,0.02,0.84,-0.11,NaN,-0.7 
2025-08-19 14,0.89,1.28,0.01,0.84,0.11,NaN,-0.7 
2025-08-19 15,0.92,1.28,0.01,0.84,0.38,NaN,-0.7 
2025-08-19 16,0.92,1.28,0.01,0.83,0.61,NaN,-0.7 
2025-08-19 17,0.91,1.27,0.00,0.83,0.62,NaN,-0.7 
2025-08-19 18,0.89,1.27,0.00,0.83,0.34,NaN,-0.7 
2025-08-19 19,0.89,1.27,0.00,0.82,0.08,NaN,-0.69 
2025-08-19 20,0.88,1.27,0.00,0.82,-0.12,NaN,-0.68 
2025-08-19 21,0.88,1.27,0.00,0.82,-0.30,NaN,-0.69 
2025-08-19 22,0.87,1.27,0.00,0.81,-0.33,NaN,-0.70 
2025-08-19 23,0.86,1.26,0.00,0.81,-0.20,NaN,-0.70 
2025-08-20 00,0.86,1.26,0.00,0.81,-0.10,NaN,-0.70 
2025-08-20 01,0.86,1.26,0.00,0.81,0.23,NaN,-0.70 
2025-08-20 02,0.86,1.26,0.00,0.81,0.48,NaN,-0.70 
2025-08-20 03,0.88,1.26,0.00,0.80,0.70,NaN,-0.70 
2025-08-20 04,0.89,1.26,0.00,0.80,0.77,NaN,-0.70 
2025-08-20 05,0.89,1.25,0.00,0.80,0.70,NaN,-0.70 
2025-08-20 06,0.90,1.25,0.00,0.79,0.46,NaN,-0.67 
2025-08-20 07,0.90,1.25,0.00,0.79,0.14,NaN,-0.67 
2025-08-20 08,0.82,1.25,0.00,0.79,-0.20,NaN,-0.68 
2025-08-20 09,0.78,1.24,0.00,0.79,-0.54,NaN,-0.69 
2025-08-20 10,0.83,1.24,0.00,0.79,-0.83,NaN,-0.70 
2025-08-20 11,0.87,1.24,0.00,0.78,-1.01,NaN,-0.71 
2025-08-20 12,0.88,1.24,0.00,0.78,-0.93,NaN,-0.71 
2025-08-20 13,0.89,1.24,0.00,0.78,-0.59,NaN,-0.71 
2025-08-20 14,0.89,1.24,0.00,0.78,-0.12,NaN,-0.71 
2025-08-20 15,0.92,1.25,0.00,0.77,0.25,NaN,-0.71 
2025-08-20 16,0.92,1.24,0.00,0.77,0.56,NaN,-0.72 
2025-08-20 17,0.90,1.24,0.00,0.77,0.75,NaN,-0.72 
2025-08-20 18,0.88,1.23,0.00,0.76,0.72,NaN,-0.72 
2025-08-20 19,0.86,1.23,0.00,0.76,0.49,NaN,-0.71 
2025-08-20 20,0.85,1.23,0.00,0.76,0.20,NaN,-0.69 
2025-08-20 21,0.84,1.22,0.00,0.76,-0.06,NaN,-0.68 
2025-08-20 22,0.79,1.22,0.00,0.75,-0.29,NaN,-0.69 
2025-08-20 23,0.79,1.22,0.00,0.75,-0.47,NaN,-0.70 
2025-08-21 00,0.81,1.22,0.00,0.75,-0.49,NaN,-0.71 
2025-08-21 01,0.83,1.21,0.00,0.75,-0.21,NaN,-0.71 
2025-08-21 02,0.83,1.21,0.00,0.75,0.21,NaN,-0.71 
2025-08-21 03,0.83,1.21,0.00,0.74,0.59,NaN,-0.71 
2025-08-21 04,0.83,1.21,0.00,0.74,0.81,NaN,-0.72 
2025-08-21 05,0.83,1.20,0.00,0.74,0.89,NaN,-0.72 
2025-08-21 06,0.83,1.20,0.00,0.74,0.88,NaN,-0.70 
2025-08-21 07,0.83,1.20,0.00,0.73,0.68,NaN,-0.63 
2025-08-21 08,0.83,1.19,0.00,0.73,0.30,NaN,-0.61 
2025-08-21 09,0.80,1.19,0.00,0.73,-0.07,NaN,-0.64 
2025-08-21 10,0.78,1.19,0.00,0.73,-0.39,NaN,-0.65 
2025-08-21 11,0.76,1.18,0.00,0.73,-0.71,NaN,-0.67 
2025-08-21 12,0.75,1.18,0.00,0.73,-0.93,NaN,-0.68 
2025-08-21 13,0.75,1.18,0.00,0.72,-0.96,NaN,-0.68 
2025-08-21 14,0.74,1.18,0.00,0.72,-0.65,NaN,-0.68 
2025-08-21 15,0.74,1.17,0.14,0.72,0.02,NaN,-0.68 
2025-08-21 16,0.75,1.17,0.07,0.72,0.44,NaN,-0.68 
2025-08-21 17,0.90,1.18,0.10,0.72,0.77,NaN,-0.68 
2025-08-21 18,1.61,1.18,0.09,0.72,0.88,NaN,-0.68 
2025-08-21 19,2.09,1.18,0.10,0.72,0.80,NaN,-0.68 
2025-08-21 20,2.50,1.18,0.11,0.73,0.54,NaN,-0.63 
2025-08-21 21,2.53,1.19,0.12,0.74,0.24,NaN,-0.61 
2025-08-21 22,2.43,1.20,0.13,0.74,-0.02,NaN,-0.60 
2025-08-21 23,2.28,1.21,0.14,0.76,-0.27,NaN,-0.58 
2025-08-22 00,2.14,1.23,0.16,0.77,-0.47,NaN,-0.55 
2025-08-22 01,2.09,1.23,0.16,0.78,-0.53,NaN,-0.53 
2025-08-22 02,2.11,1.25,0.16,0.80,-0.15,NaN,-0.53 
2025-08-22 03,2.25,1.26,0.16,0.81,0.37,NaN,-0.53 
2025-08-22 04,2.28,1.27,0.16,0.83,0.78,NaN,-0.54 
2025-08-22 05,2.19,1.28,0.16,0.85,0.94,NaN,-0.54 
2025-08-22 06,2.06,1.29,0.17,0.88,0.99,NaN,-0.52 
2025-08-22 07,1.93,1.30,0.17,0.91,0.98,NaN,-0.45 
2025-08-22 08,1.80,1.31,0.17,0.93,0.74,NaN,-0.38 
2025-08-22 09,1.66,1.32,0.17,0.96,0.39,NaN,-0.38 
2025-08-22 10,1.56,1.33,0.17,0.99,0.05,NaN,-0.4 
2025-08-22 11,1.49,1.33,0.17,1.01,-0.25,NaN,-0.41 
2025-08-22 12,1.42,1.34,0.17,1.03,-0.51,NaN,-0.4 
2025-08-22 13,NaN,NaN,NaN,NaN,NaN,NaN,NaN 
2025-08-22 14,1.32,1.35,0.17,1.06,-0.83,NaN,-0.34 
2025-08-22 15,1.28,1.36,0.17,1.07,-0.67,NaN,-0.31 
2025-08-22 16,1.25,1.36,0.17,1.08,0.16,NaN,-0.29 
2025-08-22 17,1.22,1.37,0.17,1.08,0.62,NaN,-0.28 
2025-08-22 18,1.2,1.37,0.17,1.08,0.90,NaN,-0.29 
2025-08-22 19,1.17,1.38,0.17,1.08,0.96,NaN,-0.3 
2025-08-22 20,1.17,1.38,0.17,1.08,0.83,NaN,-0.27 
2025-08-22 21,1.17,1.38,0.17,1.09,0.52,NaN,-0.24 
2025-08-22 22,1.16,1.38,0.17,1.09,0.21,NaN,-0.27 
2025-08-22 23,1.15,1.39,0.16,1.09,-0.07,NaN,-0.31 
2025-08-23 00,1.16,1.40,0.16,1.09,-0.31,NaN,-0.32 
2025-08-23 01,1.17,1.40,0.16,1.09,-0.50,NaN,-0.3 
2025-08-23 02,1.17,1.40,0.16,1.09,-0.58,NaN,-0.28 
2025-08-23 03,1.17,1.40,0.16,1.10,-0.17,NaN,-0.24 
2025-08-23 04,1.15,1.40,0.16,1.10,0.51,NaN,-0.2 
2025-08-23 05,1.15,1.41,0.15,1.10,0.87,NaN,-0.17 
2025-08-23 06,1.14,1.41,0.15,1.10,1.01,NaN,-0.15 
2025-08-23 07,1.13,1.41,0.15,1.11,1.05,NaN,-0.08 
2025-08-23 08,1.12,1.41,0.15,1.11,0.98,NaN,0.03 
2025-08-23 09,1.11,1.41,0.14,1.12,0.71,NaN,0.10 
2025-08-23 10,1.08,1.41,0.14,1.12,0.37,NaN,0.13 
2025-08-23 11,1.05,1.41,0.14,1.13,0.05,NaN,0.11 
2025-08-23 12,1.03,1.41,0.14,1.13,-0.23,NaN,0.08 
2025-08-23 13,1.01,1.41,0.13,1.14,-0.46,NaN,0.03 
2025-08-23 14,0.99,1.41,0.13,1.14,-0.68,NaN,-0.02 
2025-08-23 15,0.98,1.41,0.13,1.14,-0.73,NaN,-0.07 
2025-08-23 16,0.97,1.41,0.13,1.14,0.00,NaN,-0.12 
2025-08-23 17,0.96,1.41,0.13,1.13,0.50,NaN,-0.16 
2025-08-23 18,0.95,1.41,0.12,1.13,0.83,NaN,-0.20 
2025-08-23 19,0.94,1.41,0.12,1.12,0.97,NaN,-0.23 
2025-08-23 20,0.94,1.41,0.12,1.12,0.96,NaN,-0.22 
2025-08-23 21,0.93,1.41,0.11,1.12,0.78,NaN,-0.20 
2025-08-23 22,0.92,1.41,0.11,1.11,0.47,NaN,-0.21 
2025-08-23 23,0.93,1.40,0.11,1.11,0.13,NaN,-0.25 
2025-08-24 00,0.93,1.40,0.11,1.11,-0.16,NaN,-0.29 
2025-08-24 01,0.95,1.40,0.10,1.10,-0.41,NaN,-0.32 
2025-08-24 02,0.97,1.40,0.10,1.10,-0.60,NaN,-0.29 
2025-08-24 03,1.00,1.40,0.10,1.10,-0.60,NaN,-0.24 
2025-08-24 04,1.09,1.40,0.10,1.09,0.16,NaN,-0.21 
2025-08-24 05,1.13,1.40,0.09,1.09,0.65,NaN,-0.21 
2025-08-24 06,1.13,1.40,0.09,1.08,0.92,NaN,-0.21 
2025-08-24 07,1.11,1.40,0.09,1.08,1.03,NaN,-0.22 
2025-08-24 08,1.07,1.39,0.09,1.07,1.03,NaN,-0.18 
2025-08-24 09,1.04,1.39,0.08,1.07,0.88,NaN,-0.15 
2025-08-24 10,1.00,1.39,0.08,1.06,0.57,NaN,-0.19 
2025-08-24 11,0.98,1.38,0.08,1.06,0.22,NaN,-0.24 
2025-08-24 12,0.96,1.39,0.08,1.06,-0.06,NaN,-0.28 
2025-08-24 13,0.87,1.39,0.08,1.06,-0.34,NaN,-0.32 
2025-08-24 14,0.79,1.39,0.08,1.05,-0.59,NaN,-0.34 
2025-08-24 15,0.81,1.38,0.08,1.05,-0.77,NaN,-0.36 
2025-08-24 16,0.83,1.38,0.07,1.04,-0.37,NaN,-0.38 
2025-08-24 17,0.83,1.38,0.07,1.04,0.35,NaN,-0.40 
2025-08-24 18,0.82,1.38,0.07,1.03,0.72,NaN,-0.42 
2025-08-24 19,0.82,1.38,0.06,1.03,0.93,NaN,-0.43 
2025-08-24 20,0.82,1.37,0.06,1.02,1.01,NaN,-0.42 
2025-08-24 21,0.81,1.37,0.06,1.02,0.98,NaN,-0.35 
2025-08-24 22,0.81,1.37,0.06,1.01,0.72,NaN,-0.31 
2025-08-24 23,0.81,1.36,0.05,1.01,0.38,NaN,-0.34 
2025-08-25 00,0.81,1.36,0.05,1.01,0.04,NaN,-0.38 
2025-08-25 01,0.81,1.36,0.05,1.01,-0.24,NaN,-0.42 
2025-08-25 02,0.81,1.36,0.05,1.01,-0.47,NaN,-0.45 
2025-08-25 03,0.82,1.35,0.05,1.00,-0.62,NaN,-0.47 
2025-08-25 04,0.82,1.35,0.04,1.00,-0.31,NaN,-0.48 
2025-08-25 05,0.82,1.35,0.04,1.00,0.36,NaN,-0.49 
2025-08-25 06,0.83,1.36,0.04,0.99,0.77,NaN,-0.49 
2025-08-25 07,0.80,1.36,0.04,0.99,0.96,NaN,-0.50 
2025-08-25 08,0.75,1.35,0.04,0.99,1.00,NaN,-0.49 
2025-08-25 09,0.76,1.35,0.04,0.99,0.94,NaN,-0.40 
2025-08-25 10,0.77,1.35,0.03,0.99,0.69,NaN,-0.37 
2025-08-25 11,0.78,1.35,0.03,0.99,0.38,NaN,-0.40 
2025-08-25 12,0.77,1.34,0.03,1.00,0.05,NaN,-0.44 
2025-08-25 13,0.77,1.33,0.03,1.01,-0.21,NaN,-0.46 
2025-08-25 14,0.76,1.33,0.03,1.01,-0.46,NaN,-0.39 
2025-08-25 15,0.76,1.33,0.17,1.02,-0.68,NaN,-0.15 
2025-08-25 16,0.79,1.33,0.11,1.02,-0.70,NaN,0.17 
2025-08-25 17,3.06,1.33,0.10,1.03,0.11,NaN,0.36 
2025-08-25 18,3.50,1.33,0.10,1.04,0.62,NaN,0.43 
2025-08-25 19,3.43,1.33,0.10,1.05,0.88,NaN,0.44 
2025-08-25 20,3.11,1.33,0.11,1.06,0.98,NaN,0.42 
2025-08-25 21,2.84,1.31,0.11,1.07,0.98,NaN,0.41 
2025-08-25 22,2.56,1.35,0.11,1.08,0.83,NaN,0.39 
2025-08-25 23,2.33,1.35,0.11,1.09,0.53,NaN,0.38 
2025-08-26 00,2.15,1.36,0.11,1.10,0.22,NaN,0.36 
2025-08-26 01,1.99,1.37,0.12,1.11,-0.06,NaN,0.37 
2025-08-26 02,1.88,1.38,0.12,1.12,-0.31,NaN,0.49 
2025-08-26 03,1.78,1.38,0.11,1.13,-0.52,NaN,0.74 
2025-08-26 04,1.71,1.39,0.11,1.14,-0.56,NaN,0.95 
2025-08-26 05,1.65,1.39,0.12,1.15,0.05,NaN,1.03 
2025-08-26 06,1.60,1.40,0.12,1.16,0.58,NaN,1.03 
2025-08-26 07,1.56,1.41,0.12,1.17,0.88,NaN,0.99 
2025-08-26 08,1.50,1.42,0.12,1.17,0.99,NaN,0.92 
2025-08-26 09,1.41,1.42,0.12,1.18,0.98,NaN,0.84 
2025-08-26 10,1.37,1.42,0.12,1.18,0.84,NaN,0.77 
2025-08-26 11,1.32,1.43,0.12,1.19,0.57,NaN,0.69 
2025-08-26 12,1.28,1.43,0.12,1.19,0.26,NaN,0.61 
2025-08-26 13,1.24,1.44,0.12,1.20,-0.03,NaN,0.52 
2025-08-26 14,1.22,1.44,0.12,1.20,-0.29,NaN,0.44 
2025-08-26 15,1.20,1.44,0.12,1.20,-0.52,NaN,0.37 
2025-08-26 16,1.17,1.44,0.11,1.20,-0.57,NaN,0.31 
2025-08-26 17,1.16,1.44,0.12,1.20,-0.01,NaN,0.25 
2025-08-26 18,1.15,1.44,0.11,1.20,0.52,NaN,0.21 
2025-08-26 19,1.13,1.45,0.11,1.20,0.83,NaN,0.20 
2025-08-26 20,1.12,1.45,0.11,1.19,0.97,NaN,0.29 
2025-08-26 21,1.11,1.45,0.11,1.19,1.01,NaN,0.45 
2025-08-26 22,1.10,1.45,0.11,1.19,0.91,NaN,0.56 
2025-08-26 23,1.10,1.45,0.11,1.19,0.64,NaN,0.60 
2025-08-27 00,1.09,1.46,0.11,1.19,0.34,NaN,0.60 
2025-08-27 01,1.08,1.46,0.11,1.19,0.03,NaN,0.57 
2025-08-27 02,1.07,1.47,0.11,1.19,-0.24,NaN,0.53 
2025-08-27 03,1.07,1.49,0.11,1.19,-0.46,NaN,0.48 
2025-08-27 04,1.07,1.49,0.11,1.18,-0.60,NaN,0.42 
2025-08-27 05,1.07,1.51,0.10,1.18,-0.50,NaN,0.37 
2025-08-27 06,1.07,1.52,0.10,1.18,0.33,NaN,0.31 
2025-08-27 07,1.07,1.54,0.10,1.18,0.71,NaN,0.25 
2025-08-27 08,1.06,1.55,0.10,1.18,0.85,NaN,0.20 
2025-08-27 09,1.05,1.57,0.10,1.18,0.90,NaN,0.16 
2025-08-27 10,1.04,1.58,0.10,1.18,0.84,NaN,0.14 
2025-08-27 11,1.04,1.59,0.10,1.18,0.62,NaN,0.11 
2025-08-27 12,1.03,1.60,0.10,1.18,0.34,NaN,0.07 
2025-08-27 13,1.02,1.60,0.10,1.18,0.00,NaN,0.03 
2025-08-27 14,1.00,1.61,0.10,1.18,-0.30,NaN,-0.01 
2025-08-27 15,0.98,1.61,0.11,1.19,-0.54,NaN,-0.04 
2025-08-27 16,0.97,1.62,0.11,1.18,-0.64,NaN,-0.08 
2025-08-27 17,0.96,1.62,0.11,1.18,-0.25,NaN,-0.11 
2025-08-27 18,0.95,1.63,0.12,1.18,0.27,NaN,-0.13 
2025-08-27 19,0.95,1.63,0.11,1.18,0.65,NaN,-0.16 
2025-08-27 20,0.94,1.63,0.11,1.17,0.86,NaN,-0.18 
2025-08-27 21,0.93,1.63,0.11,1.17,0.96,NaN,-0.19 
2025-08-27 22,0.93,1.63,0.11,1.17,0.95,NaN,-0.17 
2025-08-27 23,0.93,1.63,0.11,1.16,0.75,NaN,-0.15 
2025-08-28 00,0.93,1.63,0.11,1.16,0.43,NaN,-0.17 
2025-08-28 01,0.94,1.63,0.11,1.16,0.08,NaN,-0.21 
2025-08-28 02,0.94,1.63,0.11,1.16,-0.14,NaN,-0.24 
2025-08-28 03,0.93,1.63,0.11,1.16,-0.46,NaN,-0.27 
2025-08-28 04,0.93,1.63,0.10,1.16,-0.64,NaN,-0.29 
2025-08-28 05,0.93,1.63,0.10,1.16,-0.60,NaN,-0.31 
2025-08-28 06,0.93,1.63,0.10,1.15,-0.16,NaN,-0.32 
2025-08-28 07,0.92,1.63,0.10,1.15,0.33,NaN,-0.33 
2025-08-28 08,0.92,1.63,0.10,1.15,0.67,NaN,-0.34 
2025-08-28 09,0.92,1.63,0.10,1.15,0.80,NaN,-0.34 
2025-08-28 10,0.89,1.63,0.10,1.14,0.75,NaN,-0.33 
2025-08-28 11,NaN,NaN,NaN,NaN,NaN,NaN,NaN 
2025-08-28 12,0.75,1.63,0.09,1.14,0.31,NaN,-0.30 
2025-08-28 13,0.78,1.63,0.09,1.13,0.01,NaN,0.31 
2025-08-28 14,0.80,1.63,0.09,1.13,-0.28,NaN,-0.32 
2025-08-28 15,0.79,1.63,0.09,1.13,-0.55,NaN,-0.34 
2025-08-28 16,0.79,1.63,0.09,1.13,-0.70,NaN,-0.36 
2025-08-28 17,0.79,1.63,0.08,1.12,-0.60,NaN,-0.37 
2025-08-28 18,0.79,1.63,0.08,1.12,-0.02,NaN,-0.38 
2025-08-28 19,0.79,1.62,0.09,1.12,0.38,NaN,-0.39 
2025-08-28 20,0.79,1.62,0.08,1.11,0.72,NaN,-0.39 
2025-08-28 21,0.79,1.62,0.08,1.11,0.86,NaN,-0.40 
2025-08-28 22,0.79,1.62,0.08,1.10,0.87,NaN,-0.39 
2025-08-28 23,0.79,1.62,0.08,1.10,0.73,NaN,-0.36 
2025-08-29 00,0.79,1.62,0.08,1.10,0.43,NaN,-0.35 
2025-08-29 01,0.79,1.62,0.07,1.09,0.09,NaN,-0.37 
2025-08-29 02,0.79,1.62,0.07,1.09,-0.21,NaN,-0.39 
2025-08-29 03,0.79,1.62,0.07,1.09,-0.46,NaN,-0.42 
2025-08-29 04,0.79,1.62,0.07,1.09,-0.66,NaN,-0.43 
2025-08-29 05,0.79,1.62,0.07,1.09,-0.72,NaN,-0.45 
2025-08-29 06,0.80,1.61,0.07,1.08,-0.58,NaN,-0.46 
2025-08-29 07,0.79,1.61,0.06,1.08,0.06,NaN,-0.47 
2025-08-29 08,0.72,1.61,0.06,1.08,0.42,NaN,-0.47 
2025-08-29 09,0.71,1.61,0.06,1.07,0.62,NaN,-0.48 
2025-08-29 10,0.74,1.61,0.06,1.07,0.63,NaN,-0.48 
2025-08-29 11,0.76,1.60,0.06,1.07,0.51,NaN,-0.48 
2025-08-29 12,0.76,1.60,0.06,1.07,0.31,NaN,-0.47 
2025-08-29 13,0.76,1.60,0.05,1.06,0.06,NaN,-0.47 
2025-08-29 14,0.76,1.60,0.05,1.06,-0.18,NaN,-0.48 
2025-08-29 15,0.76,1.59,0.05,1.06,-0.42,NaN,-0.49 
2025-08-29 16,0.76,1.59,0.05,1.06,-0.57,NaN,-0.50 
2025-08-29 17,0.75,1.59,0.05,1.06,-0.58,NaN,-0.51 
2025-08-29 18,0.74,1.59,0.05,1.05,-0.20,NaN,-0.51 
2025-08-29 19,0.75,1.58,0.04,1.05,0.22,NaN,-0.51 
2025-08-29 20,0.75,1.58,0.04,1.05,0.58,NaN,-0.52 
2025-08-29 21,0.76,1.58,0.04,1.04,0.73,NaN,-0.52 
2025-08-29 22,0.76,1.57,0.04,1.04,0.74,NaN,-0.52 
2025-08-29 23,0.76,1.57,0.04,1.04,0.63,NaN,-0.50 
2025-08-30 00,0.76,1.57,0.04,1.04,0.42,NaN,-0.48 
2025-08-30 01,0.77,1.56,0.04,1.03,0.12,NaN,-0.49 
2025-08-30 02,0.79,1.56,0.04,1.03,-0.13,NaN,-0.50 
2025-08-30 03,0.79,1.56,0.04,1.03,-0.41,NaN,-0.50 
2025-08-30 04,0.81,1.55,0.04,1.03,-0.66,NaN,-0.51 
2025-08-30 05,0.82,1.55,0.04,1.03,-0.76,NaN,-0.50 
2025-08-30 06,0.83,1.55,0.03,1.02,-0.68,NaN,-0.50 
2025-08-30 07,0.77,1.54,0.03,1.02,-0.22,NaN,-0.50 
2025-08-30 08,0.72,1.54,0.03,1.02,0.10,NaN,-0.50 
2025-08-30 09,0.74,1.54,0.03,1.02,0.33,NaN,-0.50 
2025-08-30 10,0.76,1.53,0.03,1.02,0.47,NaN,-0.51 
2025-08-30 11,0.76,1.53,0.02,1.01,0.43,NaN,-0.52 
2025-08-30 12,0.74,1.53,0.02,1.01,0.28,NaN,-0.52 
2025-08-30 13,0.71,1.53,0.02,1.01,0.12,NaN,-0.52 
2025-08-30 14,0.70,1.52,0.02,1.01,-0.09,NaN,-0.48 
2025-08-30 15,0.69,1.52,0.06,1.01,-0.26,NaN,-0.42 
2025-08-30 16,0.69,1.51,0.06,1.00,-0.34,NaN,-0.43 
2025-08-30 17,0.71,1.51,0.06,1.00,-0.40,NaN,-0.45 
2025-08-30 18,0.73,1.51,0.07,1.00,-0.39,NaN,-0.42 
2025-08-30 19,0.75,1.51,0.07,1.00,0.02,NaN,0.59 
2025-08-30 20,0.88,1.51,0.07,0.99,0.37,NaN,1.05 
2025-08-30 21,1.27,1.50,0.07,0.99,0.62,NaN,1.14 
2025-08-30 22,1.66,1.50,0.07,0.99,0.70,NaN,1.10 
2025-08-30 23,1.81,1.50,0.08,0.99,0.62,NaN,1.00 
2025-08-31 00,1.76,1.50,0.08,0.99,0.39,NaN,0.88 
2025-08-31 01,1.65,1.50,0.09,0.99,0.20,NaN,0.74 
2025-08-31 02,1.56,1.50,0.09,0.99,0.01,NaN,0.61 
2025-08-31 03,1.48,1.50,0.09,0.99,-0.14,NaN,0.49 
2025-08-31 04,1.41,1.50,0.09,0.99,-0.41,NaN,0.38 
2025-08-31 05,1.37,1.50,0.09,0.99,-0.64,NaN,0.28 
2025-08-31 06,1.35,1.51,0.10,0.99,-0.64,NaN,0.20 
2025-08-31 07,1.32,1.51,0.10,0.99,-0.49,NaN,0.13 
2025-08-31 08,1.29,1.51,0.09,1.00,-0.13,NaN,0.07 
2025-08-31 09,1.23,1.51,0.10,1.00,0.03,NaN,0.02 
2025-08-31 10,1.20,1.51,0.09,1.00,0.12,NaN,-0.02 
2025-08-31 11,1.17,1.51,0.09,1.00,0.22,NaN,-0.06 
2025-08-31 12,1.13,1.51,0.10,1.00,0.30,NaN,-0.08 
2025-08-31 13,1.09,1.51,0.09,1.01,0.30,NaN,-0.11 
2025-08-31 14,1.05,1.51,0.09,1.01,0.11,NaN,-0.09 
2025-08-31 15,1.06,1.51,0.10,1.01,-0.06,NaN,0.08 
2025-08-31 16,1.33,1.51,0.11,1.01,-0.12,NaN,0.29 
2025-08-31 17,1.33,1.52,0.10,1.01,-0.24,NaN,0.49 
2025-08-31 18,1.30,1.53,0.10,1.01,-0.20,NaN,0.62 
2025-08-31 19,1.40,1.53,0.10,1.02,-0.01,NaN,0.75 
2025-08-31 20,1.64,1.54,0.10,1.02,0.16,NaN,0.96 
2025-08-31 21,1.69,1.55,0.10,1.02,0.35,NaN,1.12 
2025-08-31 22,1.67,1.55,0.10,1.02,0.53,NaN,1.12 
2025-08-31 23,1.67,1.56,0.11,1.02,0.58,NaN,1.03 
2025-09-01 00,1.66,1.57,0.11,1.02,0.49,NaN,0.88 
2025-09-01 01,1.65,1.58,0.11,1.02,0.37,NaN,0.74 
2025-09-01 02,1.63,1.59,0.11,1.02,0.21,NaN,0.60 
2025-09-01 03,1.60,1.60,0.11,1.02,-0.01,NaN,0.47 
2025-09-01 04,1.56,1.61,0.11,1.02,-0.14,NaN,0.35 
2025-09-01 05,1.53,1.61,0.11,1.03,-0.30,NaN,0.25 
2025-09-01 06,1.49,1.62,0.11,1.03,-0.40,NaN,0.17 
2025-09-01 07,1.46,1.63,0.10,1.03,-0.48,NaN,0.11 
2025-09-01 08,1.43,1.64,0.10,1.03,-0.51,NaN,0.06 
2025-09-01 09,1.37,1.65,0.10,1.03,-0.14,NaN,0.03 
2025-09-01 10,1.35,1.66,0.10,1.04,-0.03,NaN,0.01 
2025-09-01 11,1.32,1.66,0.10,1.04,0.06,NaN,0.00 
2025-09-01 12,1.30,1.67,0.10,1.04,0.10,NaN,-0.02 
2025-09-01 13,1.28,1.68,0.10,1.05,0.17,NaN,-0.04 
2025-09-01 14,1.26,1.69,0.10,1.05,0.24,NaN,-0.06 
2025-09-01 15,1.23,1.70,0.10,1.06,0.24,NaN,-0.07 
2025-09-01 16,1.22,1.71,0.09,1.06,0.16,NaN,-0.09 
2025-09-01 17,1.20,1.72,0.09,1.06,0.01,NaN,-0.11 
2025-09-01 18,1.18,1.73,0.12,1.07,-0.12,NaN,-0.13 
2025-09-01 19,1.07,1.73,0.11,1.09,-0.11,NaN,-0.15 
2025-09-01 20,1.01,1.74,0.11,1.10,0.09,NaN,-0.16 
2025-09-01 21,1.06,1.75,0.11,1.13,0.19,NaN,-0.18 
2025-09-01 22,1.07,1.76,0.10,1.16,0.30,NaN,-0.19 
2025-09-01 23,1.07,1.77,0.10,1.20,0.38,NaN,-0.20 
2025-09-02 00,1.07,1.78,0.10,1.25,0.44,NaN,-0.21 
2025-09-02 01,1.07,1.79,0.10,1.30,0.49,NaN,-0.22 
2025-09-02 02,1.07,1.79,0.10,1.35,0.47,NaN,-0.23 
2025-09-02 03,1.08,1.80,0.10,1.38,0.37,NaN,-0.23 
2025-09-02 04,1.08,1.81,0.10,1.41,0.20,NaN,-0.23 
2025-09-02 05,1.09,1.81,0.10,1.43,0.01,NaN,-0.14 
2025-09-02 06,1.09,1.82,0.10,1.45,-0.07,NaN,0.17 
2025-09-02 07,1.09,1.82,0.10,1.48,-0.17,NaN,0.53 
2025-09-02 08,1.10,1.82,0.10,1.50,-0.29,NaN,1.43 
2025-09-02 09,1.22,1.83,0.09,1.52,-0.32,NaN,2.24 
2025-09-02 10,1.34,1.84,0.09,1.54,-0.26,NaN,2.53 
2025-09-02 11,1.33,1.84,0.09,1.56,-0.19,NaN,2.55 
2025-09-02 12,1.30,1.84,0.09,1.57,-0.05,NaN,2.45 
2025-09-02 13,1.26,1.84,0.09,1.59,0.11,NaN,2.28 
2025-09-02 14,1.23,1.84,0.09,1.60,0.20,NaN,2.08 
2025-09-02 15,1.20,1.85,0.09,1.61,0.28,NaN,1.87 
2025-09-02 16,1.20,1.85,0.09,1.62,0.33,NaN,1.66 
2025-09-02 17,1.19,1.85,0.09,1.62,0.26,NaN,1.47 
2025-09-02 18,1.19,1.85,0.08,1.63,0.15,NaN,1.29 
2025-09-02 19,1.18,1.85,0.08,1.63,0.06,NaN,1.13 
2025-09-02 20,1.17,1.86,0.08,1.63,-0.02,NaN,0.98 
2025-09-02 21,1.15,1.85,0.08,1.63,-0.06,NaN,0.86 
2025-09-02 22,1.13,1.85,0.08,1.63,0.04,NaN,0.75 
2025-09-02 23,1.13,1.86,0.08,1.63,0.09,NaN,0.65 
2025-09-03 00,1.13,1.86,0.07,1.62,0.25,NaN,0.57 
2025-09-03 01,1.13,1.86,0.07,1.62,0.39,NaN,0.49 
2025-09-03 02,1.13,1.86,0.07,1.62,0.46,NaN,0.43 
2025-09-03 03,1.13,1.86,0.07,1.61,0.49,NaN,0.37 
2025-09-03 04,1.13,1.86,0.07,1.61,0.38,NaN,0.32 
2025-09-03 05,1.11,1.86,0.07,1.60,0.22,NaN,0.27 
2025-09-03 06,1.02,1.86,0.06,1.60,0.04,NaN,0.23 
2025-09-03 07,NaN,NaN,NaN,NaN,NaN,NaN,NaN 
2025-09-03 08,1.04,1.85,0.06,1.58,-0.35,NaN,0.15 
2025-09-03 09,1.04,1.86,0.06,1.58,-0.51,NaN,0.12 
2025-09-03 10,1.04,1.85,0.06,1.57,-0.61,NaN,0.09 
2025-09-03 11,1.03,1.85,0.06,1.57,-0.59,NaN,0.07 
2025-09-03 12,1.01,1.86,0.06,1.56,-0.50,NaN,0.04 
2025-09-03 13,0.99,1.85,0.05,1.55,-0.13,NaN,0.02 
2025-09-03 14,0.98,1.85,0.05,1.54,0.12,NaN,0.00 
2025-09-03 15,0.98,1.85,0.05,1.54,0.33,NaN,-0.03 
2025-09-03 16,0.98,1.85,0.05,1.53,0.52,NaN,-0.05 
2025-09-03 17,0.97,1.84,0.05,1.52,0.47,NaN,-0.07 
2025-09-03 18,0.96,1.84,0.05,1.52,0.30,NaN,-0.08 
2025-09-03 19,0.96,1.84,0.05,1.51,0.16,NaN,-0.10 
2025-09-03 20,0.95,1.84,0.04,1.50,0.00,NaN,-0.11 
2025-09-03 21,0.94,1.84,0.04,1.49,-0.11,NaN,-0.13 
2025-09-03 22,0.93,1.84,0.04,1.49,-0.23,NaN,-0.15 
2025-09-03 23,0.93,1.83,0.04,1.48,-0.26,NaN,-0.17 
2025-09-04 00,0.92,1.83,0.04,1.47,-0.11,NaN,-0.18 
2025-09-04 01,0.92,1.83,0.03,1.47,0.23,NaN,-0.20 
2025-09-04 02,0.93,1.83,0.03,1.46,0.54,NaN,-0.21 
2025-09-04 03,0.93,1.83,0.03,1.45,0.69,NaN,-0.23 
2025-09-04 04,0.94,1.82,0.03,1.45,0.59,NaN,-0.23 
2025-09-04 05,0.93,1.82,0.02,1.44,0.45,NaN,-0.23 
2025-09-04 06,0.88,1.82,0.02,1.44,0.31,NaN,-0.24 
2025-09-04 07,0.83,1.82,0.02,1.43,0.11,NaN,-0.25 
2025-09-04 08,0.86,1.82,0.02,1.42,-0.19,NaN,-0.26 
2025-09-04 09,0.86,1.81,0.02,1.42,-0.48,NaN,-0.27 
2025-09-04 10,0.87,1.81,0.02,1.41,-0.74,NaN,-0.28 
2025-09-04 11,0.86,1.81,0.02,1.41,-0.87,NaN,-0.29 
2025-09-04 12,0.86,1.80,0.01,1.40,-0.78,NaN,-0.30 
2025-09-04 13,0.86,1.80,0.01,1.40,-0.59,NaN,-0.30 
2025-09-04 14,0.86,1.80,0.01,1.39,-0.02,NaN,-0.31 
2025-09-04 15,0.86,1.80,0.01,1.38,0.28,NaN,-0.32 
2025-09-04 16,0.89,1.79,0.01,1.38,0.58,NaN,-0.32 
2025-09-04 17,0.92,1.79,0.00,1.37,0.73,NaN,-0.33 
2025-09-04 18,1.01,1.78,0.00,1.36,0.68,NaN,-0.33 
2025-09-04 19,1.07,1.78,0.00,1.36,0.41,NaN,-0.32 
2025-09-04 20,1.10,1.78,0.00,1.35,0.10,NaN,-0.32 
2025-09-04 21,1.11,1.78,0.00,1.34,-0.09,NaN,-0.33 
2025-09-04 22,1.10,1.77,0.00,1.34,-0.24,NaN,-0.34 
2025-09-04 23,1.07,1.77,0.00,1.33,-0.38,NaN,-0.36 
2025-09-05 00,1.04,1.76,0.00,1.32,-0.44,NaN,-0.37 
2025-09-05 01,1.03,1.76,0.00,1.32,-0.09,NaN,-0.38 
2025-09-05 02,1.02,1.76,0.00,1.31,0.33,NaN,-0.38 
2025-09-05 03,1.02,1.76,0.00,1.30,0.65,NaN,-0.39 
2025-09-05 04,1.02,1.75,0.00,1.29,0.82,NaN,-0.40 
2025-09-05 05,1.01,1.75,0.00,1.29,0.79,NaN,-0.38 
2025-09-05 06,1.01,1.75,0.00,1.28,0.64,NaN,-0.35 
2025-09-05 07,0.96,1.75,0.00,1.28,0.40,NaN,-0.35 
2025-09-05 08,0.88,1.74,0.00,1.28,0.10,NaN,-0.36 
2025-09-05 09,0.92,1.74,0.00,1.28,-0.22,NaN,-0.37 
2025-09-05 10,0.96,1.74,0.00,1.28,-0.51,NaN,-0.39 
2025-09-05 11,0.99,1.73,0.00,1.28,-0.78,NaN,-0.40 
2025-09-05 12,0.99,1.73,0.00,1.29,-0.93,NaN,-0.40 
2025-09-05 13,0.98,1.73,0.00,1.29,-0.92,NaN,-0.41 
2025-09-05 14,0.97,1.73,0.01,1.30,-0.75,NaN,-0.42 
2025-09-05 15,0.96,1.73,0.00,1.30,0.16,NaN,-0.42 
2025-09-05 16,0.95,1.73,0.00,1.31,0.56,NaN,-0.42 
2025-09-05 17,0.95,1.73,0.00,1.32,0.79,NaN,-0.42 
2025-09-05 18,0.98,1.73,0.00,1.33,0.85,NaN,-0.42 
2025-09-05 19,1.03,1.72,0.00,1.34,0.74,NaN,-0.40 
2025-09-05 20,1.11,1.73,0.00,1.35,0.44,NaN,-0.37 
2025-09-05 21,1.17,1.72,0.00,1.36,0.12,NaN,-0.38 
2025-09-05 22,1.17,1.72,0.00,1.37,-0.10,NaN,-0.39 
2025-09-05 23,1.15,1.72,0.00,1.38,-0.29,NaN,-0.40 
2025-09-06 00,1.12,1.72,0.00,1.38,-0.53,NaN,-0.41 
2025-09-06 01,1.09,1.72,0.00,1.39,-0.47,NaN,-0.42 
2025-09-06 02,1.07,1.72,0.00,1.39,-0.02,NaN,-0.41 
2025-09-06 03,1.04,1.72,0.00,1.39,0.52,NaN,-0.40 
2025-09-06 04,1.03,1.72,0.00,1.40,0.86,NaN,-0.40 
2025-09-06 05,1.01,1.72,0.00,1.40,0.95,NaN,-0.39 
2025-09-06 06,1.01,1.72,0.00,1.40,0.94,NaN,-0.33 
2025-09-06 07,1.00,1.72,0.00,1.40,0.77,NaN,-0.25 
2025-09-06 08,0.94,1.71,0.00,1.40,0.46,NaN,-0.18 
2025-09-06 09,0.90,1.71,0.00,1.40,0.13,NaN,-0.14 
2025-09-06 10,0.92,1.71,0.00,1.40,-0.12,NaN,-0.08 
2025-09-06 11,0.93,1.71,0.00,1.40,-0.51,NaN,-0.04 
2025-09-06 12,0.93,1.71,0.00,1.39,-0.76,NaN,-0.02 
2025-09-06 13,0.93,1.70,0.00,1.39,-0.93,NaN,-0.01 
2025-09-06 14,0.92,1.71,0.00,1.39,-0.71,NaN,-0.01 
2025-09-06 15,0.89,1.70,0.00,1.39,-0.18,NaN,-0.02 
2025-09-06 16,0.89,1.70,0.00,1.38,0.40,NaN,-0.04 
2025-09-06 17,0.90,1.70,0.00,1.38,0.79,NaN,-0.06 
2025-09-06 18,0.93,1.70,0.00,1.37,0.94,NaN,-0.08 
2025-09-06 19,0.95,1.69,0.00,1.36,0.93,NaN,-0.08 
2025-09-06 20,0.96,1.69,0.00,1.36,0.72,NaN,-0.07 
2025-09-06 21,0.96,1.69,0.00,1.35,0.40,NaN,-0.08 
2025-09-06 22,0.95,1.69,0.00,1.35,0.05,NaN,-0.12 
2025-09-06 23,0.94,1.68,0.00,1.34,-0.24,NaN,-0.16 
2025-09-07 00,0.92,1.68,0.00,1.34,-0.50,NaN,-0.20 
2025-09-07 01,0.91,1.68,0.00,1.34,-0.70,NaN,-0.23 
2025-09-07 02,0.90,1.68,0.00,1.34,-0.62,NaN,-0.25 
2025-09-07 03,0.89,1.67,0.00,1.34,0.13,NaN,-0.28 
2025-09-07 04,0.89,1.67,0.00,1.34,0.65,NaN,-0.30 
2025-09-07 05,0.89,1.67,0.00,1.34,0.93,NaN,-0.31 
2025-09-07 06,0.89,1.67,0.00,1.34,1.03,NaN,-0.32 
2025-09-07 07,0.86,1.66,0.00,1.34,1.04,NaN,-0.27 
2025-09-07 08,0.86,1.66,0.00,1.34,0.84,NaN,-0.22 
2025-09-07 09,NaN,NaN,NaN,NaN,NaN,NaN,NaN 
2025-09-07 10,0.88,1.65,0.00,1.34,0.17,NaN,-0.27 
2025-09-07 11,0.88,1.65,0.00,1.34,-0.16,NaN,-0.31 
2025-09-07 12,0.87,1.65,0.00,1.34,-0.45,NaN,-0.34 
2025-09-07 13,0.87,1.64,0.00,1.34,-0.70,NaN,-0.37 
2025-09-07 14,0.86,1.64,0.00,1.33,-0.87,NaN,-0.38 
2025-09-07 15,0.86,1.64,0.00,1.33,-0.71,NaN,-0.40 
2025-09-07 16,0.86,1.63,0.00,1.33,0.24,NaN,-0.41 
2025-09-07 17,0.85,1.63,0.00,1.32,0.70,NaN,-0.42 
2025-09-07 18,0.85,1.63,0.00,1.31,0.94,NaN,-0.42 
2025-09-07 19,0.84,1.62,0.00,1.31,1.03,NaN,-0.42 
2025-09-07 20,0.84,1.62,0.00,1.30,1.00,NaN,-0.36 
2025-09-07 21,0.85,1.61,0.00,1.29,0.74,NaN,-0.29 
2025-09-07 22,0.85,1.61,0.00,1.29,0.38,NaN,-0.30 
2025-09-07 23,0.81,1.61,0.00,1.28,0.05,NaN,-0.31 
2025-09-08 00,0.81,1.60,0.00,1.28,-0.26,NaN,-0.33 
2025-09-08 01,0.82,1.60,0.00,1.27,-0.50,NaN,-0.36 
2025-09-08 02,0.83,1.60,0.00,1.27,-0.70,NaN,-0.38 
2025-09-08 03,0.83,1.59,0.00,1.26,-0.60,NaN,-0.40 
2025-09-08 04,0.83,1.59,0.00,1.26,0.32,NaN,-0.42 
2025-09-08 05,0.83,1.59,0.00,1.25,0.77,NaN,-0.43 
2025-09-08 06,0.83,1.59,0.00,1.24,1.00,NaN,-0.44 
2025-09-08 07,0.84,1.58,0.00,1.24,1.08,NaN,-0.44 
2025-09-08 08,0.84,1.58,0.00,1.23,1.08,NaN,-0.34 
2025-09-08 09,0.84,1.58,0.00,1.23,0.85,NaN,-0.26 
2025-09-08 10,0.83,1.57,0.00,1.22,0.50,NaN,-0.29 
2025-09-08 11,0.83,1.57,0.00,1.22,0.18,NaN,-0.35 
2025-09-08 12,0.83,1.56,0.00,1.22,-0.05,NaN,-0.39 
2025-09-08 13,0.82,1.56,0.00,1.22,-0.31,NaN,-0.43 
2025-09-08 14,0.82,1.56,0.00,1.21,-0.57,NaN,-0.45 
2025-09-08 15,0.82,1.55,0.00,1.21,-0.72,NaN,-0.47 
2025-09-08 16,0.81,1.55,0.00,1.21,-0.05,NaN,-0.48 
2025-09-08 17,0.76,1.56,0.00,1.20,0.55,NaN,-0.49 
2025-09-08 18,0.75,1.55,0.00,1.20,0.89,NaN,-0.49 
2025-09-08 19,0.77,1.55,0.00,1.20,1.04,NaN,-0.50 
2025-09-08 20,0.79,1.55,0.00,1.19,1.09,NaN,-0.47 
2025-09-08 21,0.81,1.54,0.00,1.19,0.99,NaN,-0.34 
2025-09-08 22,0.82,1.54,0.00,1.19,0.70,NaN,-0.30 
2025-09-08 23,0.83,1.54,0.00,1.18,0.36,NaN,-0.35 
2025-09-09 00,0.83,1.53,0.00,1.18,0.04,NaN,-0.40 
2025-09-09 01,0.83,1.53,0.00,1.18,-0.25,NaN,-0.44 
2025-09-09 02,0.84,1.53,0.00,1.18,-0.50,NaN,-0.47 
2025-09-09 03,0.84,1.53,0.00,1.18,-0.65,NaN,-0.48 
2025-09-09 04,0.85,1.52,0.00,1.17,-0.09,NaN,-0.49 
2025-09-09 05,0.85,1.52,0.00,1.17,0.54,NaN,-0.49 
2025-09-09 06,0.84,1.52,0.00,1.16,0.90,NaN,-0.49 
2025-09-09 07,0.85,1.52,0.00,1.16,1.06,NaN,-0.48 
2025-09-09 08,0.84,1.51,0.00,1.16,1.13,NaN,-0.43 
2025-09-09 09,0.78,1.51,0.00,1.15,1.09,NaN,-0.28 
2025-09-09 10,0.77,1.50,0.00,1.15,0.81,NaN,-0.22 
2025-09-09 11,0.77,1.50,0.00,1.15,0.50,NaN,-0.27 
2025-09-09 12,0.77,1.50,0.00,1.15,0.18,NaN,-0.32 
2025-09-09 13,0.78,1.50,0.00,1.14,-0.11,NaN,-0.36 
2025-09-09 14,0.78,1.49,0.00,1.14,-0.36,NaN,-0.38 
2025-09-09 15,0.79,1.49,0.00,1.14,-0.58,NaN,-0.38 
2025-09-09 16,0.80,1.48,0.00,1.14,-0.55,NaN,-0.33 
2025-09-09 17,0.80,1.48,0.00,1.13,0.38,NaN,-0.28 
2025-09-09 18,0.80,1.48,0.00,1.13,0.81,NaN,-0.25 
2025-09-09 19,0.80,1.48,0.00,1.12,1.01,NaN,-0.21 
2025-09-09 20,0.80,1.47,0.00,1.12,1.10,NaN,-0.17 
2025-09-09 21,0.80,1.47,0.00,1.12,1.12,NaN,-0.06 
2025-09-09 22,0.80,1.47,0.00,1.11,0.97,NaN,0.02 
2025-09-09 23,0.79,1.46,0.00,1.11,0.64,NaN,0.03 
2025-09-10 00,0.79,1.46,0.00,1.11,0.31,NaN,0.01 
2025-09-10 01,0.79,1.45,0.00,1.11,0.00,NaN,-0.01 
2025-09-10 02,0.80,1.45,0.00,1.10,-0.28,NaN,-0.04 
2025-09-10 03,0.80,1.45,0.00,1.10,-0.50,NaN,-0.07 
2025-09-10 04,0.80,1.45,0.00,1.10,-0.63,NaN,-0.09 
2025-09-10 05,0.81,1.44,0.00,1.10,0.12,NaN,-0.11 
2025-09-10 06,0.80,1.44,0.00,1.09,0.65,NaN,-0.14 
2025-09-10 07,0.81,1.44,0.00,1.09,0.94,NaN,-0.16 
2025-09-10 08,0.80,1.43,0.00,1.08,1.05,NaN,-0.17 
2025-09-10 09,0.73,1.43,0.00,1.08,1.09,NaN,-0.12 
2025-09-10 10,0.73,1.43,0.00,1.08,0.98,NaN,-0.07 
2025-09-10 11,0.73,1.42,0.00,1.07,0.68,NaN,-0.07 
2025-09-10 12,0.75,1.42,0.00,1.07,0.35,NaN,-0.11 
2025-09-10 13,0.75,1.42,0.00,1.07,0.04,NaN,-0.15 
2025-09-10 14,0.76,1.43,0.00,1.07,-0.25,NaN,-0.19 
2025-09-10 15,0.79,1.45,0.00,1.06,-0.46,NaN,-0.21 
2025-09-10 16,0.80,1.46,0.00,1.07,-0.57,NaN,-0.21 
2025-09-10 17,0.82,1.46,0.00,1.07,0.08,NaN,-0.21 
2025-09-10 18,0.85,1.47,0.00,1.08,0.63,NaN,-0.21 
2025-09-10 19,0.86,1.48,0.00,1.10,0.94,NaN,-0.21 
2025-09-10 20,0.88,1.48,0.00,1.11,1.06,NaN,-0.21 
2025-09-10 21,0.87,1.49,0.00,1.12,1.12,NaN,-0.16 
2025-09-10 22,0.86,1.49,0.00,1.12,1.10,NaN,-0.09 
2025-09-10 23,0.86,1.50,0.00,1.13,0.84,NaN,-0.07 
2025-09-11 00,0.86,1.50,0.00,1.14,0.53,NaN,-0.10 
2025-09-11 01,0.86,1.50,0.00,1.15,0.22,NaN,-0.15 
2025-09-11 02,0.86,1.51,0.00,1.15,-0.07,NaN,-0.19 
2025-09-11 03,0.86,1.50,0.00,1.16,-0.31,NaN,-0.22 
2025-09-11 04,0.86,1.51,0.00,1.16,-0.53,NaN,-0.25 
2025-09-11 05,0.86,1.51,0.00,1.16,-0.55,NaN,-0.26 
2025-09-11 06,0.85,1.51,0.00,1.16,0.29,NaN,-0.28 
2025-09-11 07,0.82,1.51,0.00,1.16,0.75,NaN,-0.29 
2025-09-11 08,0.80,1.51,0.00,1.16,0.96,NaN,-0.30 
2025-09-11 09,0.80,1.50,0.00,1.15,1.03,NaN,-0.30 
2025-09-11 10,0.82,1.50,0.00,1.15,1.00,NaN,-0.23 
2025-09-11 11,0.83,1.50,0.00,1.15,0.80,NaN,-0.19 
2025-09-11 12,0.83,1.50,0.00,1.15,0.51,NaN,-0.22 
2025-09-11 13,0.82,1.50,0.00,1.15,0.19,NaN,-0.25 
2025-09-11 14,0.82,1.50,0.00,1.15,-0.10,NaN,-0.29 
2025-09-11 15,0.82,1.50,0.00,1.15,-0.34,NaN,-0.32 
2025-09-11 16,0.82,1.51,0.00,1.15,-0.52,NaN,-0.34 
2025-09-11 17,0.83,1.50,0.00,1.14,-0.18,NaN,-0.34 
2025-09-11 18,0.85,1.51,0.00,1.14,0.44,NaN,-0.32 
2025-09-11 19,0.86,1.50,0.00,1.14,0.83,NaN,-0.29 
2025-09-11 20,0.90,1.51,0.00,1.14,1.00,NaN,-0.27 
2025-09-11 21,0.97,1.50,0.00,1.14,1.08,NaN,-0.23 
2025-09-11 22,1.20,1.51,0.00,1.13,1.08,NaN,-0.14 
2025-09-11 23,1.34,1.50,0.00,1.13,0.94,NaN,-0.11 
2025-09-12 00,1.30,1.50,0.00,1.14,0.65,NaN,-0.13 
2025-09-12 01,1.24,1.50,0.00,1.14,0.34,NaN,-0.17 
2025-09-12 02,1.20,1.50,0.00,1.14,0.04,NaN,-0.21 
2025-09-12 03,1.16,1.50,0.00,1.14,-0.24,NaN,-0.25 
2025-09-12 04,1.12,1.50,0.00,1.14,-0.46,NaN,-0.27 
2025-09-12 05,1.09,1.50,0.00,1.14,-0.65,NaN,-0.30 
2025-09-12 06,1.07,1.50,0.00,1.14,-0.24,NaN,-0.31 
2025-09-12 07,1.04,1.50,0.00,1.13,0.38,NaN,-0.32 
2025-09-12 08,0.96,1.50,0.00,1.13,0.74,NaN,-0.33 
2025-09-12 09,0.94,1.50,0.00,1.12,0.88,NaN,-0.34 
2025-09-12 10,0.94,1.50,0.00,1.12,0.89,NaN,-0.33 
2025-09-12 11,0.92,1.50,0.00,1.12,0.80,NaN,-0.30 
2025-09-12 12,0.91,1.50,0.00,1.12,0.59,NaN,-0.29 
2025-09-12 13,0.90,1.50,0.00,1.11,0.32,NaN,-0.31 
2025-09-12 14,0.89,1.50,0.00,1.11,0.00,NaN,-0.33 
2025-09-12 15,0.88,1.50,0.00,1.11,-0.29,NaN,-0.35 
2025-09-12 16,0.87,1.50,0.00,1.11,-0.47,NaN,-0.37 
2025-09-12 17,0.86,1.50,0.00,1.10,-0.48,NaN,-0.39 
2025-09-12 18,0.86,1.50,0.00,1.10,0.21,NaN,-0.40 
2025-09-12 19,0.86,1.50,0.00,1.09,0.66,NaN,-0.41 
2025-09-12 20,0.87,1.50,0.00,1.09,0.91,NaN,-0.42 
2025-09-12 21,0.87,1.51,0.00,1.09,1.00,NaN,-0.42 
2025-09-12 22,0.92,1.51,0.00,1.08,1.01,NaN,-0.37 
2025-09-12 23,0.96,1.51,0.00,1.08,0.94,NaN,-0.30 
2025-09-13 00,0.99,1.51,0.00,1.08,0.76,NaN,-0.31 
2025-09-13 01,1.01,1.51,0.00,1.07,0.47,NaN,-0.34 
2025-09-13 02,1.10,1.53,0.00,1.07,0.16,NaN,-0.37 
2025-09-13 03,1.24,1.54,0.00,1.07,-0.14,NaN,-0.40 
2025-09-13 04,2.05,1.54,0.00,1.07,-0.40,NaN,-0.42 
2025-09-13 05,2.35,1.55,0.00,1.07,-0.63,NaN,-0.44 
2025-09-13 06,2.26,1.55,0.00,1.07,-0.68,NaN,-0.43 
2025-09-13 07,2.06,1.56,0.00,1.07,-0.07,NaN,-0.38 
2025-09-13 08,2.00,1.57,0.00,1.07,0.35,NaN,-0.31 
2025-09-13 09,1.84,1.58,0.00,1.07,0.57,NaN,-0.25 
2025-09-13 10,1.75,1.59,0.00,1.07,0.66,NaN,-0.23 
2025-09-13 11,1.70,1.59,0.00,1.07,0.68,NaN,-0.22 
2025-09-13 12,1.68,1.60,0.00,1.07,0.63,NaN,-0.21 
2025-09-13 13,1.63,1.60,0.00,1.08,0.45,NaN,-0.22 
2025-09-13 14,1.59,1.60,0.00,1.08,0.17,NaN,-0.23 
2025-09-13 15,1.53,1.62,0.00,1.08,-0.14,NaN,-0.25 
2025-09-13 16,1.49,1.62,0.00,1.08,-0.37,NaN,-0.28 
2025-09-13 17,1.45,1.63,0.00,1.08,-0.41,NaN,-0.30 
2025-09-13 18,1.42,1.63,0.00,1.08,-0.02,NaN,-0.32 
2025-09-13 19,1.40,1.64,0.00,1.08,0.41,NaN,-0.34 
2025-09-13 20,1.36,1.64,0.00,1.08,0.70,NaN,-0.35 
2025-09-13 21,1.33,1.65,0.00,1.08,0.85,NaN,-0.37 
2025-09-13 22,1.31,1.65,0.00,1.08,0.93,NaN,-0.36 
2025-09-13 23,1.31,1.65,0.00,1.08,0.95,NaN,-0.32 
2025-09-14 00,1.30,1.65,0.00,1.09,0.85,NaN,-0.29 
2025-09-14 01,1.27,1.66,0.00,1.09,0.62,NaN,-0.30 
2025-09-14 02,1.26,1.66,0.00,1.09,0.31,NaN,-0.32 
2025-09-14 03,1.24,1.66,0.00,1.09,0.01,NaN,-0.35 
2025-09-14 04,1.23,1.66,0.00,1.09,-0.25,NaN,-0.37 
2025-09-14 05,1.22,1.66,0.00,1.09,-0.48,NaN,-0.38 
2025-09-14 06,1.20,1.66,0.00,1.09,-0.66,NaN,-0.37 
2025-09-14 07,1.20,1.66,0.00,1.09,-0.64,NaN,-0.01 
2025-09-14 08,1.18,1.67,0.00,1.09,-0.10,NaN,1.20 
2025-09-14 09,1.09,1.67,0.00,1.09,0.22,NaN,1.65 
2025-09-14 10,0.99,1.67,0.00,1.09,0.37,NaN,1.77 
2025-09-14 11,1.01,1.67,0.00,1.09,0.40,NaN,1.77 
2025-09-14 12,1.02,1.66,0.00,1.09,0.52,NaN,1.72 
2025-09-14 13,1.01,1.67,0.00,1.08,0.51,NaN,1.62 
2025-09-14 14,1.00,1.68,0.00,1.08,0.32,NaN,1.49 
2025-09-14 15,0.99,1.67,0.00,1.08,0.05,NaN,1.35 
2025-09-14 16,0.98,1.67,0.00,1.08,-0.10,NaN,1.20 
2025-09-14 17,0.96,1.67,0.00,1.08,-0.24,NaN,1.04 
2025-09-14 18,0.95,1.68,0.00,1.08,-0.21,NaN,0.90 
2025-09-14 19,0.94,1.68,0.00,1.08,0.13,NaN,0.77 
2025-09-14 20,0.94,1.68,0.00,1.08,0.43,NaN,0.67 
2025-09-14 21,0.94,1.68,0.00,1.08,0.60,NaN,0.61 
2025-09-14 22,0.94,1.68,0.00,1.08,0.69,NaN,0.57 
2025-09-14 23,0.94,1.67,0.00,1.08,0.74,NaN,0.54 
2025-09-15 00,0.94,1.67,0.00,1.08,0.70,NaN,0.52 
2025-09-15 01,0.95,1.67,0.00,1.09,0.61,NaN,0.52 
2025-09-15 02,0.95,1.67,0.00,1.09,0.41,NaN,0.52 
2025-09-15 03,0.95,1.67,0.00,1.09,0.15,NaN,0.50 
2025-09-15 04,0.96,1.67,0.00,1.09,-0.09,NaN,0.47 
2025-09-15 05,0.95,1.67,0.00,1.09,-0.38,NaN,0.44 
2025-09-15 06,0.95,1.67,0.00,1.09,-0.61,NaN,0.39 
2025-09-15 07,0.95,1.67,0.00,1.09,-0.70,NaN,0.35 
2025-09-15 08,0.95,1.66,0.00,1.09,-0.57,NaN,0.30 
2025-09-15 09,0.92,1.66,0.00,1.08,-0.18,NaN,0.25 
2025-09-15 10,0.87,1.66,0.00,1.08,0.10,NaN,0.21 
2025-09-15 11,0.89,1.66,0.00,1.08,0.20,NaN,0.17 
2025-09-15 12,0.92,1.66,0.00,1.08,0.25,NaN,0.14 
2025-09-15 13,0.93,1.66,0.00,1.08,0.47,NaN,0.10 
2025-09-15 14,0.95,1.65,0.00,1.08,0.52,NaN,0.08 
2025-09-15 15,0.96,1.65,0.00,1.08,0.40,NaN,0.07 
2025-09-15 16,0.98,1.65,0.00,1.08,0.28,NaN,0.07 
2025-09-15 17,0.99,1.65,0.00,1.10,0.10,NaN,0.38 
2025-09-15 18,0.98,1.65,0.00,1.16,0.02,NaN,0.82 
2025-09-15 19,0.98,1.65,0.00,1.23,0.06,NaN,0.99 
2025-09-15 20,0.97,1.65,0.00,1.30,0.18,NaN,1.06 
2025-09-15 21,0.96,1.65,0.00,1.35,0.35,NaN,1.11 
2025-09-15 22,0.95,1.65,0.00,1.38,0.47,NaN,1.16 
2025-09-15 23,0.95,1.64,0.00,1.41,0.50,NaN,1.22 
2025-09-16 00,0.96,1.64,0.00,1.43,0.57,NaN,1.24 
2025-09-16 01,0.95,1.64,0.00,1.44,0.65,NaN,1.18 
2025-09-16 02,0.96,1.64,0.00,1.45,0.65,NaN,1.08 
2025-09-16 03,0.96,1.64,0.00,1.46,0.54,NaN,NaN 
2025-09-16 04,0.95,1.64,0.00,1.47,0.34,NaN,0.87 
2025-09-16 05,0.96,1.63,0.00,1.47,0.10,NaN,0.77 
2025-09-16 06,0.95,1.63,0.00,1.48,-0.09,NaN,0.68 
2025-09-16 07,0.95,1.63,0.00,1.48,-0.27,NaN,0.59 
2025-09-16 08,0.92,1.63,0.00,1.48,-0.46,NaN,0.52 
2025-09-16 09,0.87,1.63,0.00,1.48,-0.46,NaN,0.45 
2025-09-16 10,0.88,1.62,0.00,1.47,-0.38,NaN,0.39 
2025-09-16 11,0.90,1.62,0.00,1.47,-0.22,NaN,0.35 
2025-09-16 12,0.92,1.62,0.00,1.47,0.05,NaN,0.32 
2025-09-16 13,0.93,1.62,0.00,1.47,0.25,NaN,0.30 
2025-09-16 14,0.93,1.62,0.00,1.46,0.46,NaN,0.27 
2025-09-16 15,0.93,1.61,0.00,1.46,0.51,NaN,0.26 
2025-09-16 16,0.92,1.61,0.00,1.45,0.40,NaN,0.25 
2025-09-16 17,0.92,1.61,0.00,1.45,0.21,NaN,0.23 
2025-09-16 18,0.92,1.60,0.00,1.44,0.03,NaN,0.22 
2025-09-16 19,0.91,1.60,0.00,1.43,0.00,NaN,0.23 
2025-09-16 20,0.90,1.60,0.00,1.43,0.01,NaN,0.25 
2025-09-16 21,0.90,1.60,0.00,1.42,0.00,NaN,0.34 
2025-09-16 22,0.89,1.59,0.00,1.42,0.18,NaN,0.52 
2025-09-16 23,0.89,1.59,0.00,1.41,0.28,NaN,0.72 
2025-09-17 00,0.90,1.59,0.00,1.41,0.45,NaN,0.84 
2025-09-17 01,0.92,1.59,0.00,1.40,0.64,NaN,0.89 
2025-09-17 02,1.01,1.59,0.00,1.41,0.72,NaN,0.90 
2025-09-17 03,1.23,1.59,0.00,1.41,0.73,NaN,0.91 
2025-09-17 04,1.38,1.58,0.00,1.42,0.68,NaN,0.89 
2025-09-17 05,1.52,1.58,0.00,1.42,0.57,NaN,0.90 
2025-09-17 06,1.81,1.57,0.00,1.42,0.39,NaN,1.04 
2025-09-17 07,1.92,1.57,0.00,1.43,0.21,NaN,1.26 
2025-09-17 08,1.79,1.57,0.00,1.43,0.05,NaN,1.48 
2025-09-17 09,1.66,1.57,0.00,1.43,-0.07,NaN,1.72 
2025-09-17 10,1.55,1.57,0.00,1.43,-0.18,NaN,2.03 
2025-09-17 11,1.45,1.58,0.00,1.43,-0.24,NaN,2.34 
2025-09-17 12,1.39,1.58,0.00,1.43,-0.22,NaN,2.45 
2025-09-17 13,1.33,1.58,0.00,1.43,0.06,NaN,2.43 
2025-09-17 14,1.28,1.58,0.00,1.42,0.37,NaN,2.32 
2025-09-17 15,1.25,1.58,0.00,1.42,0.58,NaN,2.15 
2025-09-17 16,1.22,1.58,0.00,1.42,0.67,NaN,1.97 
2025-09-17 17,1.19,1.58,0.00,1.41,0.56,NaN,1.78 
2025-09-17 18,1.16,1.58,0.00,1.41,0.43,NaN,1.61 
2025-09-17 19,1.13,1.58,0.00,1.40,0.30,NaN,1.45 
2025-09-17 20,1.10,1.58,0.00,1.40,0.15,NaN,1.30 
2025-09-17 21,1.08,1.58,0.00,1.39,-0.02,NaN,1.17 
2025-09-17 22,1.07,1.58,0.00,1.39,-0.16,NaN,1.05 
2025-09-17 23,1.06,1.58,0.00,1.38,-0.19,NaN,0.94 
2025-09-18 00,1.05,1.58,0.00,1.38,0.01,NaN,0.84 
2025-09-18 01,1.04,1.57,0.00,1.37,0.33,NaN,0.76 
2025-09-18 02,1.04,1.57,0.00,1.37,0.64,NaN,0.69 
2025-09-18 03,1.04,1.57,0.00,1.36,0.73,NaN,0.63 
2025-09-18 04,1.03,1.57,0.00,1.35,0.69,NaN,0.59 
2025-09-18 05,1.01,1.57,0.00,1.35,0.67,NaN,0.56 
2025-09-18 06,1.01,1.57,0.00,1.34,0.59,NaN,0.55 
2025-09-18 07,1.01,1.56,0.00,1.35,0.33,NaN,0.56 
2025-09-18 08,1.00,1.56,0.00,1.36,0.00,NaN,0.57 
2025-09-18 09,1.00,1.56,0.00,1.37,-0.28,NaN,0.57 
2025-09-18 10,0.95,1.56,0.00,1.37,-0.49,NaN,0.57 
2025-09-18 11,0.87,1.56,0.00,1.37,-0.62,NaN,0.56 
2025-09-18 12,0.89,1.56,0.00,1.37,-0.62,NaN,0.53 
2025-09-18 13,0.91,1.55,0.00,1.37,-0.49,NaN,0.49 
2025-09-18 14,0.92,1.55,0.00,1.36,0.04,NaN,0.44 
2025-09-18 15,0.92,1.55,0.00,1.36,0.41,NaN,0.40 
2025-09-18 16,0.91,1.54,0.00,1.35,0.75,NaN,0.35 
2025-09-18 17,0.90,1.54,0.00,1.34,0.88,NaN,0.31 
2025-09-18 18,0.89,1.54,0.00,1.34,0.82,NaN,0.28 
2025-09-18 19,0.89,1.54,0.00,1.33,0.54,NaN,0.26 
2025-09-18 20,0.88,1.53,0.00,1.32,0.23,NaN,0.23 
2025-09-18 21,0.88,1.53,0.00,1.31,-0.05,NaN,0.20 
2025-09-18 22,0.88,1.53,0.00,1.30,-0.25,NaN,0.16 
2025-09-18 23,0.88,1.53,0.00,1.30,-0.39,NaN,0.13 
2025-09-19 00,0.88,1.53,0.00,1.29,-0.44,NaN,0.10 
2025-09-19 01,0.89,1.52,0.00,1.28,-0.28,NaN,0.07 
2025-09-19 02,0.89,1.52,0.00,1.27,0.23,NaN,0.05 
2025-09-19 03,0.89,1.52,0.00,1.26,0.68,NaN,0.03 
2025-09-19 04,0.89,1.52,0.00,1.25,0.86,NaN,0.01 
2025-09-19 05,0.89,1.52,0.00,1.25,0.90,NaN,0.00 
2025-09-19 06,0.89,1.51,0.00,1.24,0.83,NaN,0.01 
2025-09-19 07,0.89,1.51,0.00,1.23,0.60,NaN,0.02 
2025-09-19 08,0.88,1.51,0.00,1.23,0.28,NaN,0.01 
2025-09-19 09,0.88,1.51,0.00,1.23,-0.06,NaN,-0.01 
2025-09-19 10,0.85,1.51,0.00,1.22,-0.35,NaN,-0.03 
2025-09-19 11,0.85,1.50,0.00,1.22,-0.63,NaN,-0.05 
2025-09-19 12,0.86,1.50,0.00,1.21,-0.81,NaN,-0.07 
2025-09-19 13,0.88,1.49,0.00,1.21,-0.79,NaN,-0.08 
2025-09-19 14,0.88,1.49,0.00,1.20,-0.24,NaN,-0.09 
2025-09-19 15,0.88,1.49,0.00,1.20,0.30,NaN,-0.10 
2025-09-19 16,0.87,1.48,0.00,1.20,0.67,NaN,-0.11 
2025-09-19 17,0.87,1.48,0.00,1.19,0.86,NaN,-0.12 
2025-09-19 18,0.87,1.48,0.00,1.19,0.93,NaN,-0.12 
2025-09-19 19,0.86,1.48,0.00,1.18,0.83,NaN,-0.10 
2025-09-19 20,0.86,1.47,0.00,1.17,0.53,NaN,-0.08 
2025-09-19 21,0.86,1.47,0.00,1.17,0.20,NaN,-0.09 
2025-09-19 22,0.86,1.47,0.00,1.17,-0.07,NaN,-0.10 
2025-09-19 23,0.87,1.46,0.00,1.16,-0.36,NaN,-0.10 
2025-09-20 00,0.87,1.46,0.00,1.16,-0.59,NaN,-0.08 
2025-09-20 01,0.88,1.46,0.00,1.16,-0.65,NaN,-0.06 
2025-09-20 02,0.89,1.45,0.00,1.15,-0.15,NaN,-0.03 
2025-09-20 03,0.90,1.45,0.00,1.15,0.47,NaN,-0.01 
2025-09-20 04,0.90,1.45,0.00,1.14,0.82,NaN,-0.01 
2025-09-20 05,0.90,1.45,0.00,1.14,0.94,NaN,-0.03 
2025-09-20 06,0.91,1.45,0.00,1.13,0.97,NaN,-0.03 
2025-09-20 07,0.92,1.45,0.00,1.13,0.91,NaN,-0.01 
2025-09-20 08,0.92,1.45,0.00,1.12,0.69,NaN,-0.02 
2025-09-20 09,0.86,1.45,0.00,1.12,0.33,NaN,-0.04 
2025-09-20 10,0.86,1.45,0.00,1.12,-0.02,NaN,-0.07 
2025-09-20 11,0.88,1.45,0.00,1.11,-0.30,NaN,-0.10 
2025-09-20 12,0.89,1.45,0.00,1.11,-0.57,NaN,-0.12 
2025-09-20 13,0.89,1.45,0.00,1.11,-0.75,NaN,-0.14 
2025-09-20 14,0.90,1.45,0.00,1.10,-0.70,NaN,-0.15 
2025-09-20 15,0.89,1.45,0.00,1.10,0.12,NaN,-0.17 
2025-09-20 16,0.89,1.44,0.00,1.09,0.59,NaN,-0.18 
2025-09-20 17,0.89,1.44,0.00,1.09,0.86,NaN,-0.19 
2025-09-20 18,0.89,1.44,0.00,1.08,0.98,NaN,-0.19 
2025-09-20 19,0.89,1.44,0.00,1.08,1.02,NaN,-0.17 
2025-09-20 20,0.88,1.43,0.00,1.08,0.88,NaN,-0.12 
2025-09-20 21,0.88,1.43,0.00,1.07,0.54,NaN,-0.11 
2025-09-20 22,0.89,1.43,0.00,1.07,0.20,NaN,-0.14 
2025-09-20 23,NaN,NaN,NaN,NaN,NaN,NaN,NaN 
2025-09-21 00,0.91,1.42,0.00,1.06,-0.37,NaN,-0.20 
2025-09-21 01,0.92,1.42,0.00,1.06,-0.58,NaN,-0.22 
2025-09-21 02,0.92,1.42,0.00,1.06,-0.61,NaN,-0.24 
2025-09-21 03,0.92,1.42,0.00,1.05,0.14,NaN,-0.25 
2025-09-21 04,0.93,1.42,0.00,1.05,0.64,NaN,-0.26 
2025-09-21 05,0.93,1.42,0.00,1.05,0.91,NaN,-0.26 
2025-09-21 06,0.93,1.41,0.00,1.04,1.01,NaN,-0.26 
2025-09-21 07,0.92,1.41,0.00,1.04,1.06,NaN,-0.21 
2025-09-21 08,0.92,1.41,0.00,1.03,1.01,NaN,-0.16 
2025-09-21 09,0.92,1.41,0.00,1.03,0.72,NaN,-0.15 
2025-09-21 10,0.87,1.41,0.00,1.03,0.36,NaN,-0.18 
2025-09-21 11,0.87,1.41,0.00,1.03,0.02,NaN,-0.21 
2025-09-21 12,0.89,1.41,0.00,1.02,-0.16,NaN,-0.24 
2025-09-21 13,0.91,1.40,0.00,1.02,-0.53,NaN,-0.27 
2025-09-21 14,0.92,1.34,0.00,1.02,-0.63,NaN,-0.29 
2025-09-21 15,0.91,1.33,0.00,1.01,-0.19,NaN,-0.29 
2025-09-21 16,0.91,1.32,0.00,1.01,0.44,NaN,-0.27 
2025-09-21 17,0.91,1.32,0.00,1.01,0.81,NaN,-0.23 
2025-09-21 18,0.90,1.35,0.00,1.00,0.97,NaN,-0.22 
2025-09-21 19,0.90,1.34,0.00,1.00,1.04,NaN,-0.15 
2025-09-21 20,1.00,1.35,0.00,0.99,0.99,NaN,-0.06 
2025-09-21 21,1.01,1.36,0.00,0.99,0.77,NaN,0.00 
2025-09-21 22,1.00,1.36,0.00,0.99,0.42,NaN,0.05 
2025-09-21 23,1.01,1.37,0.00,0.99,0.08,NaN,0.12 
2025-09-22 00,1.06,1.37,0.00,0.99,-0.13,NaN,0.16 
2025-09-22 01,1.10,1.38,0.00,0.99,-0.45,NaN,0.17 
2025-09-22 02,1.13,1.39,0.00,0.99,-0.62,NaN,0.17 
2025-09-22 03,1.13,1.38,0.00,0.99,-0.29,NaN,0.15 
2025-09-22 04,1.12,1.38,0.00,1.00,0.32,NaN,0.13 
2025-09-22 05,1.10,1.38,0.00,1.00,0.74,NaN,0.10 
2025-09-22 06,1.09,1.39,0.00,1.00,0.95,NaN,0.07 
2025-09-22 07,1.09,1.39,0.00,1.01,1.05,NaN,0.05 
2025-09-22 08,1.12,1.38,0.00,1.01,1.05,NaN,0.06 
2025-09-22 09,1.16,1.37,0.00,1.01,0.83,NaN,0.06 
2025-09-22 10,1.27,5.42,0.00,1.02,0.49,NaN,0.03 
2025-09-22 11,1.44,5.42,0.00,1.02,0.15,NaN,-0.02 
2025-09-22 12,1.59,5.42,0.00,1.03,-0.09,NaN,-0.06 
2025-09-22 13,1.58,5.42,0.00,1.04,-0.25,NaN,-0.10 
2025-09-22 14,1.49,5.42,0.00,1.04,-0.63,NaN,-0.14 
2025-09-22 15,1.40,5.42,0.00,1.05,-0.56,NaN,-0.17 
2025-09-22 16,1.34,5.42,0.00,1.05,0.13,NaN,-0.19 
2025-09-22 17,1.29,5.42,0.00,1.05,0.61,NaN,-0.21 
2025-09-22 18,1.26,1.46,0.00,1.05,0.90,NaN,-0.22 
2025-09-22 19,1.23,5.42,0.00,1.06,1.00,NaN,-0.24 
2025-09-22 20,1.21,5.43,0.00,1.06,1.00,NaN,-0.20 
2025-09-22 21,1.20,5.42,0.00,1.06,0.86,NaN,-0.16 
2025-09-22 22,1.20,5.42,0.00,1.06,0.55,NaN,-0.17 
2025-09-22 23,1.20,5.41,0.00,1.06,0.18,NaN,-0.20 
2025-09-23 00,1.20,5.42,0.00,1.07,-0.09,NaN,-0.23 
2025-09-23 01,1.19,5.42,0.00,1.07,-0.36,NaN,-0.25 
2025-09-23 02,1.18,5.42,0.00,1.07,-0.66,NaN,-0.27 
2025-09-23 03,1.17,5.42,0.00,1.07,-0.67,NaN,-0.29 
2025-09-23 04,1.14,5.41,0.00,1.07,-0.03,NaN,-0.30 
2025-09-23 05,1.14,5.41,0.00,1.07,0.47,NaN,-0.31 
2025-09-23 06,1.12,5.41,0.00,1.07,0.80,NaN,-0.32 
2025-09-23 07,1.11,5.41,0.00,1.07,0.95,NaN,-0.33 
2025-09-23 08,1.10,5.41,0.00,1.07,0.99,NaN,-0.31 
2025-09-23 09,1.09,5.41,0.00,1.07,0.95,NaN,-0.25 
2025-09-23 10,1.08,5.41,0.00,1.07,0.68,NaN,-0.23 
2025-09-23 11,1.08,5.41,0.00,1.07,0.30,NaN,-0.25 
2025-09-23 12,1.07,5.41,0.00,1.07,-0.04,NaN,-0.28 
2025-09-23 13,1.07,5.41,0.00,1.07,-0.20,NaN,-0.31 
2025-09-23 14,1.06,5.40,0.00,1.07,-0.60,NaN,-0.33 
2025-09-23 15,1.05,5.40,0.00,1.07,-0.65,NaN,-0.35 
2025-09-23 16,1.04,5.40,0.00,1.07,-0.12,NaN,-0.36 
2025-09-23 17,1.03,5.40,0.00,1.07,0.50,NaN,-0.36 
2025-09-23 18,1.02,5.40,0.00,1.06,0.85,NaN,-0.37 
2025-09-23 19,1.01,5.40,0.00,1.06,0.98,NaN,-0.38 
2025-09-23 20,1.01,5.40,0.00,1.06,1.03,NaN,-0.35 
2025-09-23 21,1.01,5.40,0.00,1.06,0.95,NaN,-0.28 
2025-09-23 22,1.00,5.40,0.00,1.06,0.66,NaN,-0.25 
2025-09-23 23,1.01,5.39,0.00,1.06,0.32,NaN,-0.28 
2025-09-24 00,1.01,5.39,0.00,1.06,-0.01,NaN,-0.31 
2025-09-24 01,1.01,5.39,0.00,1.06,-0.19,NaN,-0.33 
2025-09-24 02,1.03,5.39,0.00,1.06,-0.54,NaN,-0.36 
2025-09-24 03,1.04,5.39,0.00,1.06,-0.75,NaN,-0.37 
2025-09-24 04,1.04,5.39,0.00,1.06,-0.61,NaN,-0.37 
2025-09-24 05,1.05,5.39,0.00,1.06,0.12,NaN,-0.36 
2025-09-24 06,1.05,5.39,0.00,1.06,0.57,NaN,-0.35 
2025-09-24 07,1.05,5.39,0.00,1.06,0.84,NaN,-0.35 
2025-09-24 08,1.05,5.39,0.00,1.05,0.93,NaN,-0.36 
2025-09-24 09,1.04,5.39,0.00,1.05,0.89,NaN,-0.31 
2025-09-24 10,1.04,5.38,0.00,1.05,0.68,NaN,-0.21 
2025-09-24 11,1.02,5.38,0.00,1.06,0.36,NaN,-0.15 
2025-09-24 12,1.01,5.38,0.00,1.06,0.01,NaN,-0.12 
2025-09-24 13,1.02,5.39,0.00,1.06,-0.17,NaN,-0.11 
2025-09-24 14,1.03,5.38,0.00,1.06,-0.57,NaN,-0.13 
2025-09-24 15,1.04,5.38,0.00,1.06,-0.71,NaN,-0.16 
2025-09-24 16,1.06,5.38,0.00,1.06,-0.64,NaN,-0.19 
2025-09-24 17,1.07,5.38,0.00,1.06,0.24,NaN,-0.22 
2025-09-24 18,1.08,5.38,0.00,1.06,0.68,NaN,-0.24 
2025-09-24 19,1.10,5.38,0.00,1.06,0.91,NaN,-0.26 
2025-09-24 20,1.14,5.38,0.00,1.06,1.01,NaN,-0.27 
2025-09-24 21,1.14,5.38,0.00,1.06,0.98,NaN,-0.23 
2025-09-24 22,1.13,5.37,0.00,1.06,0.79,NaN,-0.19 
2025-09-24 23,1.13,5.37,0.00,1.06,0.50,NaN,-0.21 
2025-09-25 00,1.13,5.37,0.00,1.06,0.15,NaN,-0.23 
2025-09-25 01,1.13,5.37,0.00,1.06,-0.09,NaN,-0.25 
2025-09-25 02,1.12,5.37,0.00,1.06,-0.42,NaN,-0.27 
2025-09-25 03,1.11,5.37,0.00,1.06,-0.70,NaN,-0.28 
2025-09-25 04,1.10,5.37,0.00,1.06,-0.69,NaN,-0.28 
2025-09-25 05,1.10,5.37,0.00,1.06,-0.28,NaN,-0.28 
2025-09-25 06,1.08,5.37,0.00,1.06,0.32,NaN,-0.28 
2025-09-25 07,1.07,5.37,0.00,1.06,0.64,NaN,-0.28 
2025-09-25 08,1.08,5.38,0.00,1.06,0.80,NaN,-0.29 
2025-09-25 09,1.07,5.38,0.00,1.05,0.82,NaN,-0.29 
2025-09-25 10,1.08,5.36,0.00,1.05,0.70,NaN,-0.27 
2025-09-25 11,1.08,5.37,0.00,1.05,0.45,NaN,-0.26 
2025-09-25 12,1.08,5.36,0.00,1.05,0.12,NaN,-0.28 
2025-09-25 13,1.08,5.36,0.00,1.05,-0.09,NaN,-0.30 
2025-09-25 14,1.09,5.37,0.00,1.04,-0.26,NaN,-0.32 
2025-09-25 15,1.10,5.36,0.00,1.04,-0.65,NaN,-0.33 
2025-09-25 16,1.10,5.36,0.00,1.04,-0.36,NaN,-0.35 
2025-09-25 17,1.10,5.36,0.00,1.04,0.11,NaN,-0.36 
2025-09-25 18,1.12,5.36,0.00,1.03,0.57,NaN,-0.37 
2025-09-25 19,1.13,5.36,0.00,1.03,0.86,NaN,-0.37 
2025-09-25 20,1.13,5.36,0.00,1.03,0.97,NaN,-0.38 
2025-09-25 21,1.16,5.36,0.00,1.03,0.97,NaN,-0.34 
2025-09-25 22,1.20,5.36,0.00,1.03,0.89,NaN,-0.28 
2025-09-25 23,1.24,5.36,0.00,1.03,0.66,NaN,-0.25 
2025-09-26 00,1.28,5.36,0.00,1.03,0.37,NaN,-0.21 
2025-09-26 01,1.33,5.36,0.00,1.03,0.11,NaN,-0.13 
2025-09-26 02,1.36,5.37,0.00,1.03,-0.07,NaN,-0.05 
2025-09-26 03,1.37,5.36,0.00,1.03,-0.12,NaN,0.08 
2025-09-26 04,1.40,5.36,0.00,1.03,-0.18,NaN,0.58 
2025-09-26 05,1.41,5.36,0.00,1.04,0.15,NaN,1.92 
2025-09-26 06,1.42,5.36,0.00,1.04,0.61,NaN,2.53 
2025-09-26 07,1.43,5.37,0.00,1.05,0.85,NaN,2.75 
2025-09-26 08,1.49,5.37,0.00,1.06,0.91,NaN,2.79 
2025-09-26 09,1.49,5.38,0.00,1.06,0.89,NaN,2.72 
2025-09-26 10,1.44,5.38,0.00,1.07,0.77,NaN,2.60 
2025-09-26 11,1.40,5.38,0.00,1.09,0.61,NaN,2.46 
2025-09-26 12,1.36,5.38,0.00,1.11,0.40,NaN,2.30 
2025-09-26 13,1.33,5.39,0.00,1.12,0.16,NaN,2.14 
2025-09-26 14,1.30,5.39,0.00,1.14,-0.06,NaN,1.97 
2025-09-26 15,1.27,5.40,0.00,1.16,-0.16,NaN,1.80 
2025-09-26 16,1.25,5.40,0.00,1.18,-0.35,NaN,1.64 
2025-09-26 17,1.23,5.39,0.00,1.19,0.01,NaN,1.48 
2025-09-26 18,1.22,5.39,0.00,1.20,0.51,NaN,1.33 
2025-09-26 19,1.20,5.39,0.00,1.21,0.80,NaN,1.19 
2025-09-26 20,1.19,5.39,0.00,1.22,0.84,NaN,1.06 
2025-09-26 21,1.17,5.39,0.00,1.23,0.77,NaN,0.95 
2025-09-26 22,1.17,5.40,0.00,1.23,0.70,NaN,0.85 
2025-09-26 23,1.16,5.40,0.00,1.24,0.53,NaN,0.76 
2025-09-27 00,1.15,5.40,0.00,1.24,0.28,NaN,0.67 
2025-09-27 01,1.14,5.40,0.00,1.24,-0.04,NaN,0.60 
2025-09-27 02,1.14,5.40,0.00,1.25,-0.33,NaN,0.53 
2025-09-27 03,1.13,5.40,0.00,1.25,-0.55,NaN,0.47 
2025-09-27 04,1.13,5.40,0.00,1.24,-0.71,NaN,0.42 
2025-09-27 05,1.12,5.40,0.00,1.24,-0.58,NaN,0.37 
2025-09-27 06,1.11,5.40,0.00,1.24,-0.14,NaN,0.32 
2025-09-27 07,1.11,5.40,0.00,1.24,0.22,NaN,0.29 
2025-09-27 08,1.10,5.40,0.00,1.23,0.54,NaN,0.25 
2025-09-27 09,1.08,5.40,0.00,1.23,0.66,NaN,0.22 
2025-09-27 10,1.07,5.40,0.00,1.22,0.61,NaN,0.20 
2025-09-27 11,1.05,5.40,0.00,1.22,0.45,NaN,0.18 
2025-09-27 12,1.06,5.39,0.00,1.21,0.23,NaN,0.16 
2025-09-27 13,1.06,5.39,0.00,1.21,0.05,NaN,0.14 
2025-09-27 14,1.05,5.39,0.00,1.20,-0.16,NaN,0.11 
2025-09-27 15,1.04,5.39,0.00,1.20,-0.38,NaN,0.09 
2025-09-27 16,1.04,5.39,0.00,1.19,-0.50,NaN,0.07 
2025-09-27 17,1.03,5.38,0.00,1.19,-0.35,NaN,0.05 
2025-09-27 18,1.02,5.38,0.00,1.18,0.26,NaN,0.03 
2025-09-27 19,1.01,5.38,0.00,1.17,0.68,NaN,0.01 
2025-09-27 20,1.01,5.38,0.00,1.17,0.87,NaN,-0.01 
2025-09-27 21,1.01,5.38,0.00,1.16,0.88,NaN,-0.02 
2025-09-27 22,1.01,5.38,0.00,1.15,0.76,NaN,-0.01 
2025-09-27 23,1.02,5.38,0.00,1.15,0.59,NaN,-0.02 
2025-09-28 00,1.04,5.38,0.00,1.14,0.36,NaN,-0.03 
2025-09-28 01,1.05,5.37,0.00,1.14,0.08,NaN,-0.05 
2025-09-28 02,1.05,5.37,0.00,1.14,-0.23,NaN,-0.07 
2025-09-28 03,1.05,5.37,0.00,1.13,-0.51,NaN,-0.09 
2025-09-28 04,1.05,5.37,0.00,1.13,-0.73,NaN,-0.11 
2025-09-28 05,1.04,5.37,0.00,1.12,-0.73,NaN,-0.13 
2025-09-28 06,1.04,5.37,0.00,1.12,-0.47,NaN,-0.14 
2025-09-28 07,1.03,5.37,0.00,1.11,0.05,NaN,-0.15 
2025-09-28 08,1.02,5.37,0.00,1.11,0.29,NaN,-0.16 
2025-09-28 09,1.02,5.38,0.00,1.10,0.40,NaN,-0.16 
2025-09-28 10,1.01,1.38,0.00,1.10,0.46,NaN,-0.17 
2025-09-28 11,0.99,1.38,0.00,1.09,0.38,NaN,-0.18 
2025-09-28 12,0.94,1.38,0.00,1.09,0.27,NaN,-0.18 
2025-09-28 13,0.88,1.37,0.00,1.08,0.11,NaN,-0.18 
2025-09-28 14,0.90,1.37,0.00,1.08,-0.09,NaN,-0.19 
2025-09-28 15,0.92,1.37,0.00,1.08,-0.27,NaN,-0.19 
2025-09-28 16,0.94,1.38,0.00,1.07,-0.40,NaN,-0.20 
2025-09-28 17,0.88,1.38,0.00,1.07,-0.37,NaN,-0.20 
2025-09-28 18,0.83,1.38,0.00,1.06,0.04,NaN,-0.21 
2025-09-28 19,0.87,1.38,0.00,1.06,0.42,NaN,-0.21 
2025-09-28 20,0.92,1.38,0.00,1.06,0.69,NaN,-0.21 
2025-09-28 21,0.98,1.38,0.00,1.05,0.75,NaN,-0.20 
2025-09-28 22,0.92,1.37,0.00,1.05,0.66,NaN,-0.18 
2025-09-28 23,NaN,NaN,NaN,NaN,NaN,NaN,NaN 
2025-09-29 00,0.98,1.37,0.00,1.05,0.33,NaN,-0.15 
2025-09-29 01,1.00,1.37,0.00,1.04,0.16,NaN,-0.14 
2025-09-29 02,1.00,1.37,0.00,1.04,-0.08,NaN,-0.13 
2025-09-29 03,0.98,1.37,0.00,1.04,-0.38,NaN,-0.14 
2025-09-29 04,0.98,1.36,0.00,1.04,-0.65,NaN,-0.16 
2025-09-29 05,0.98,1.36,0.00,1.03,-0.73,NaN,-0.18 
2025-09-29 06,0.92,1.36,0.00,1.03,-0.56,NaN,-0.19 
2025-09-29 07,0.86,1.36,0.00,1.03,-0.13,NaN,-0.21 
2025-09-29 08,NaN,NaN,NaN,NaN,NaN,NaN,NaN 
2025-09-29 09,0.88,1.36,0.00,1.02,0.13,NaN,-0.24 
2025-09-29 10,0.89,1.35,0.00,1.02,0.18,NaN,-0.25 
2025-09-29 11,0.89,1.35,0.00,1.01,0.32,NaN,-0.25 
2025-09-29 12,0.90,1.35,0.00,1.01,0.44,NaN,-0.26 
2025-09-29 13,0.90,1.35,0.00,1.01,0.31,NaN,-0.26 
2025-09-29 14,0.91,1.35,0.00,1.00,0.08,NaN,-0.26 
2025-09-29 15,0.90,1.34,0.00,1.00,-0.15,NaN,-0.26 
2025-09-29 16,0.90,1.34,0.00,1.00,-0.25,NaN,-0.25 
2025-09-29 17,0.89,1.33,0.00,0.99,-0.06,NaN,-0.25 
2025-09-29 18,0.90,1.33,0.00,0.99,0.01,NaN,-0.25 
2025-09-29 19,0.89,1.33,0.00,0.99,0.19,NaN,-0.24 
2025-09-29 20,0.89,1.33,0.00,0.99,0.40,NaN,-0.24 
2025-09-29 21,0.89,1.33,0.00,0.98,0.46,NaN,-0.24 
2025-09-29 22,0.92,1.32,0.00,0.98,0.59,NaN,-0.23 
2025-09-29 23,0.93,1.32,0.00,0.98,0.62,NaN,-0.21 
2025-09-30 00,0.95,1.32,0.00,0.98,0.42,NaN,-0.18 
2025-09-30 01,1.00,1.32,0.00,0.97,0.23,NaN,-0.15 
2025-09-30 02,1.08,1.32,0.00,0.97,0.08,NaN,-0.14 
2025-09-30 03,1.17,1.31,0.00,0.97,-0.14,NaN,-0.13 
2025-09-30 04,1.16,1.31,0.00,0.97,-0.29,NaN,-0.14 
2025-09-30 05,1.10,1.31,0.00,0.96,-0.45,NaN,-0.13 
2025-09-30 06,1.10,1.31,0.00,0.96,-0.60,NaN,-0.13 
2025-09-30 07,1.09,1.31,0.00,0.96,-0.53,NaN,-0.13 
2025-09-30 08,1.08,1.31,0.00,0.96,-0.16,NaN,-0.13 
2025-09-30 09,1.07,1.30,0.00,0.95,-0.03,NaN,-0.14 
2025-09-30 10,1.06,1.30,0.00,0.95,0.06,NaN,-0.15 
2025-09-30 11,1.04,1.30,0.00,0.95,0.08,NaN,-0.16 
2025-09-30 12,1.03,1.30,0.00,0.95,0.17,NaN,-0.17 
2025-09-30 13,1.02,1.30,0.00,0.94,0.28,NaN,-0.18 
2025-09-30 14,1.01,1.30,0.00,0.94,0.34,NaN,-0.19 
2025-09-30 15,0.98,1.29,0.00,0.94,0.19,NaN,-0.20 
2025-09-30 16,0.94,1.29,0.00,0.94,-0.01,NaN,-0.18 
2025-09-30 17,0.97,1.30,0.00,0.94,-0.08,NaN,0.16 
2025-09-30 18,1.07,1.30,0.00,0.95,-0.07,NaN,0.52 
2025-09-30 19,1.10,1.31,0.00,0.95,0.12,NaN,0.67 
2025-09-30 20,1.23,1.31,0.00,0.96,0.24,NaN,0.72 
2025-09-30 21,1.29,1.32,0.00,0.96,0.37,NaN,0.70 
2025-09-30 22,1.28,1.34,0.00,0.96,0.39,NaN,0.64 
2025-09-30 23,1.25,1.34,0.00,0.97,0.35,NaN,0.57 
2025-10-01 00,1.22,1.35,0.00,0.97,0.38,NaN,0.48 
2025-10-01 01,1.18,1.36,0.00,0.97,0.42,NaN,0.40 
2025-10-01 02,1.14,1.37,0.00,0.98,0.39,NaN,0.32 
2025-10-01 03,1.11,1.37,0.00,0.98,0.19,NaN,0.26 
2025-10-01 04,1.09,1.38,0.00,0.98,-0.05,NaN,0.20 
2025-10-01 05,1.07,1.38,0.00,0.98,-0.26,NaN,0.15 
2025-10-01 06,1.06,1.39,0.00,0.98,-0.35,NaN,0.10 
2025-10-01 07,1.05,1.39,0.00,0.98,-0.35,NaN,0.06 
2025-10-01 08,1.04,1.39,0.00,0.98,-0.37,NaN,0.02 
2025-10-01 09,1.04,1.39,0.00,0.98,-0.36,NaN,-0.01 
2025-10-01 10,1.04,1.40,0.00,0.98,-0.34,NaN,-0.04 
2025-10-01 11,1.04,1.40,0.00,0.98,-0.11,NaN,-0.07 
2025-10-01 12,1.04,1.40,0.00,0.98,0.13,NaN,-0.09 
2025-10-01 13,1.04,1.40,0.00,0.98,0.30,NaN,-0.12 
2025-10-01 14,1.04,1.40,0.00,0.98,0.38,NaN,-0.14 
2025-10-01 15,1.04,1.40,0.00,0.98,0.37,NaN,-0.15 
2025-10-01 16,1.03,1.40,0.00,0.98,0.25,NaN,-0.17 
2025-10-01 17,1.02,1.40,0.00,0.98,0.21,NaN,-0.18 
2025-10-01 18,1.01,1.40,0.00,0.97,0.12,NaN,-0.19 
2025-10-01 19,1.01,1.40,0.00,0.97,-0.04,NaN,-0.20 
2025-10-01 20,1.00,1.40,0.00,0.97,-0.02,NaN,-0.21 
2025-10-01 21,1.00,1.40,0.00,0.97,0.08,NaN,-0.22 
2025-10-01 22,1.00,1.40,0.00,0.97,0.14,NaN,-0.23 
2025-10-01 23,0.99,1.40,0.00,0.97,0.20,NaN,-0.23 
2025-10-02 00,1.00,1.40,0.00,0.97,0.28,NaN,-0.24 
2025-10-02 01,1.00,1.40,0.00,0.96,0.33,NaN,-0.24 
2025-10-02 02,1.01,1.40,0.00,0.96,0.49,NaN,-0.25 
2025-10-02 03,1.01,1.40,0.00,0.96,0.52,NaN,-0.25 
2025-10-02 04,1.01,1.40,0.00,0.96,0.35,NaN,-0.25 
2025-10-02 05,1.01,1.40,0.00,0.96,0.09,NaN,-0.26 
2025-10-02 06,NaN,NaN,NaN,NaN,NaN,NaN,NaN 
2025-10-02 07,1.00,1.40,0.00,0.95,-0.31,NaN,-0.27 
2025-10-02 08,0.99,1.40,0.00,0.95,-0.42,NaN,-0.28 
2025-10-02 09,0.99,1.39,0.00,0.95,-0.45,NaN,-0.29 
2025-10-02 10,0.99,1.39,0.00,0.95,-0.47,NaN,-0.29 
2025-10-02 11,0.99,1.39,0.00,0.95,-0.36,NaN,-0.28 
2025-10-02 12,1.01,1.39,0.00,0.94,-0.12,NaN,-0.27 
2025-10-02 13,1.03,1.39,0.00,0.94,0.21,NaN,-0.25 
2025-10-02 14,1.03,1.39,0.00,0.94,0.42,NaN,-0.24 
2025-10-02 15,1.05,1.39,0.00,0.94,0.52,NaN,-0.22 
2025-10-02 16,1.06,1.39,0.00,0.93,0.51,NaN,-0.18 
2025-10-02 17,1.07,1.39,0.00,0.93,0.49,NaN,-0.12 
2025-10-02 18,1.08,1.39,0.00,0.93,0.33,NaN,-0.05 
2025-10-02 19,1.09,1.38,0.00,0.93,0.13,NaN,0.03 
2025-10-02 20,1.08,1.38,0.00,0.94,-0.02,NaN,0.12 
2025-10-02 21,1.08,1.38,0.00,0.94,-0.15,NaN,0.21 
2025-10-02 22,1.08,1.38,0.00,0.95,-0.13,NaN,0.26 
2025-10-02 23,1.08,1.38,0.00,0.96,-0.07,NaN,0.28 
2025-10-03 00,1.07,1.42,0.00,0.97,0.11,NaN,0.28 
2025-10-03 01,1.10,1.44,0.00,0.99,0.34,NaN,0.26 
2025-10-03 02,1.20,1.45,0.00,1.00,0.62,NaN,0.23 
2025-10-03 03,1.27,1.47,0.00,1.01,0.73,NaN,0.20 
2025-10-03 04,1.58,1.49,0.00,1.03,0.67,NaN,0.16 
2025-10-03 05,1.82,1.51,0.00,1.06,0.45,NaN,0.14 
2025-10-03 06,1.82,1.54,0.00,1.09,0.21,NaN,0.18 
2025-10-03 07,1.81,1.55,0.00,1.13,0.01,NaN,0.34 
2025-10-03 08,1.76,1.56,0.00,1.17,-0.23,NaN,0.48 
2025-10-03 09,1.77,1.58,0.00,1.23,-0.47,NaN,0.65 
2025-10-03 10,1.82,1.60,0.00,1.29,-0.66,NaN,0.81 
2025-10-03 11,1.78,1.61,0.00,1.34,-0.77,NaN,0.97 
2025-10-03 12,1.69,1.63,0.00,1.38,-0.58,NaN,1.08 
2025-10-03 13,1.59,1.64,0.00,1.41,-0.01,NaN,1.41 
2025-10-03 14,1.50,1.65,0.00,1.43,0.32,NaN,1.98 
2025-10-03 15,1.43,1.66,0.00,1.45,0.58,NaN,2.21 
2025-10-03 16,1.40,1.67,0.00,1.46,0.66,NaN,2.24 
2025-10-03 17,1.35,1.67,0.00,1.48,0.70,NaN,2.15 
2025-10-03 18,1.32,1.68,0.00,1.49,0.63,NaN,2.00 
2025-10-03 19,1.29,1.69,0.00,1.50,0.38,NaN,1.83 
2025-10-03 20,1.27,1.70,0.00,1.50,0.11,NaN,1.66 
2025-10-03 21,1.26,1.70,0.00,1.51,-0.09,NaN,1.49 
2025-10-03 22,1.24,1.71,0.00,1.51,-0.30,NaN,1.34 
2025-10-03 23,1.23,1.72,0.00,1.51,-0.34,NaN,1.20 
2025-10-04 00,1.23,1.72,0.00,1.51,-0.31,NaN,1.08 
2025-10-04 01,1.22,1.73,0.00,1.52,0.03,NaN,0.97 
2025-10-04 02,1.21,1.73,0.00,1.52,0.39,NaN,0.88 
2025-10-04 03,1.20,1.73,0.00,1.51,0.71,NaN,0.79 
2025-10-04 04,1.20,1.74,0.00,1.51,0.88,NaN,0.72 
2025-10-04 05,1.19,1.74,0.00,1.51,0.87,NaN,0.66 
2025-10-04 06,1.17,1.74,0.00,1.50,0.65,NaN,0.61 
2025-10-04 07,1.17,1.75,0.00,1.50,0.36,NaN,0.55 
2025-10-04 08,1.16,1.75,0.00,1.50,0.06,NaN,0.50 
2025-10-04 09,1.15,1.75,0.00,1.49,-0.13,NaN,0.45 
2025-10-04 10,1.15,1.75,0.00,1.49,-0.50,NaN,0.40 
2025-10-04 11,1.14,1.76,0.00,1.48,-0.72,NaN,0.35 
2025-10-04 12,1.14,1.76,0.00,1.48,-0.76,NaN,0.31 
2025-10-04 13,1.15,1.76,0.00,1.48,-0.42,NaN,0.28 
2025-10-04 14,1.14,1.76,0.00,1.47,0.12,NaN,0.25 
2025-10-04 15,1.12,1.76,0.00,1.46,0.54,NaN,0.22 
2025-10-04 16,1.03,1.76,0.00,1.46,0.80,NaN,0.19 
2025-10-04 17,1.03,1.76,0.00,1.45,0.90,NaN,0.19 
2025-10-04 18,1.10,1.76,0.00,1.44,0.84,NaN,0.18 
2025-10-04 19,1.69,1.76,0.00,1.44,0.62,NaN,0.18 
2025-10-04 20,1.78,1.76,0.00,1.43,0.29,NaN,0.17 
2025-10-04 21,1.70,1.75,0.00,1.43,-0.04,NaN,0.16 
2025-10-04 22,1.53,1.75,0.00,1.43,-0.20,NaN,0.14 
2025-10-04 23,1.43,1.75,0.00,1.43,-0.55,NaN,0.13 
2025-10-05 00,1.38,1.76,0.00,1.43,-0.68,NaN,0.24 
2025-10-05 01,1.33,1.76,0.00,1.43,-0.45,NaN,0.37 
2025-10-05 02,1.29,1.76,0.00,1.42,0.12,NaN,0.44 
2025-10-05 03,1.27,1.76,0.00,1.42,0.59,NaN,0.45 
2025-10-05 04,1.25,1.76,0.00,1.42,0.88,NaN,NaN 
2025-10-05 05,1.23,1.76,0.00,1.41,0.96,NaN,0.42 
2025-10-05 06,1.20,1.76,0.00,1.41,0.92,NaN,0.40 
2025-10-05 07,1.19,1.76,0.00,1.41,0.70,NaN,0.38 
2025-10-05 08,1.17,1.76,0.00,1.40,0.36,NaN,0.35 
2025-10-05 09,1.17,1.76,0.00,1.40,0.01,NaN,0.30 
2025-10-05 10,1.09,1.76,0.00,1.39,-0.17,NaN,0.26 
2025-10-05 11,1.06,1.76,0.00,1.39,-0.59,NaN,0.21 
2025-10-05 12,1.10,1.76,0.00,1.39,-0.77,NaN,0.18 
2025-10-05 13,1.12,1.75,0.00,1.38,-0.80,NaN,0.14 
2025-10-05 14,1.13,1.76,0.00,1.38,-0.71,NaN,0.11 
2025-10-05 15,1.12,1.75,0.00,1.37,0.38,NaN,0.09 
2025-10-05 16,1.12,1.75,0.00,1.36,0.79,NaN,0.06 
2025-10-05 17,1.11,1.74,0.00,1.36,0.98,NaN,0.04 
2025-10-05 18,1.10,1.75,0.00,1.35,1.05,NaN,0.04 
2025-10-05 19,1.09,1.74,0.00,1.34,1.00,NaN,0.07 
2025-10-05 20,1.08,1.74,0.00,1.34,0.72,NaN,0.07 
2025-10-05 21,1.08,1.74,0.00,1.34,0.39,NaN,0.04 
2025-10-05 22,1.08,1.74,0.00,1.33,0.06,NaN,0.01 
2025-10-05 23,1.08,1.73,0.00,1.33,-0.15,NaN,-0.02 
2025-10-06 00,1.08,1.73,0.00,1.32,-0.47,NaN,-0.05 
2025-10-06 01,1.08,1.73,0.00,1.32,-0.65,NaN,-0.08 
2025-10-06 02,1.09,1.73,0.00,1.32,-0.61,NaN,-0.10 
2025-10-06 03,1.09,1.72,0.00,1.31,0.35,NaN,-0.11 
2025-10-06 04,1.09,1.72,0.00,1.30,0.79,NaN,-0.13 
2025-10-06 05,1.09,1.72,0.00,1.30,0.97,NaN,-0.13 
2025-10-06 06,1.08,1.72,0.00,1.29,1.04,NaN,-0.12 
2025-10-06 07,1.08,1.71,0.00,1.29,1.03,NaN,-0.07 
2025-10-06 08,1.07,1.71,0.00,1.28,0.78,NaN,-0.04 
2025-10-06 09,1.07,1.71,0.00,1.28,0.46,NaN,-0.06 
2025-10-06 10,1.07,1.71,0.00,1.27,0.14,NaN,-0.08 
2025-10-06 11,1.07,1.70,0.00,1.27,-0.08,NaN,-0.10 
2025-10-06 12,1.07,1.70,0.00,1.27,-0.24,NaN,-0.12 
2025-10-06 13,1.07,1.70,0.00,1.27,-0.63,NaN,-0.13 
2025-10-06 14,1.05,1.69,0.00,1.26,-0.64,NaN,-0.14 
2025-10-06 15,1.01,1.69,0.00,1.26,0.16,NaN,-0.14 
2025-10-06 16,1.02,1.69,0.00,1.26,0.66,NaN,-0.14 
2025-10-06 17,1.02,1.68,0.00,1.25,0.95,NaN,-0.14 
2025-10-06 18,1.01,1.68,0.00,1.25,1.09,NaN,-0.13 
2025-10-06 19,1.01,1.68,0.00,1.24,1.12,NaN,-0.07 
2025-10-06 20,1.01,1.67,0.00,1.24,1.02,NaN,-0.01 
2025-10-06 21,1.00,1.67,0.00,1.24,0.72,NaN,-0.01 
2025-10-06 22,1.00,1.66,0.00,1.24,0.40,NaN,-0.04 
2025-10-06 23,1.01,1.66,0.00,1.24,0.08,NaN,-0.08 
2025-10-07 00,1.01,1.66,0.00,1.24,-0.19,NaN,-0.12 
2025-10-07 01,1.02,1.66,0.00,1.24,-0.45,NaN,-0.14 
2025-10-07 02,1.02,1.65,0.00,1.24,-0.62,NaN,-0.16 
2025-10-07 03,1.03,1.65,0.00,1.24,-0.05,NaN,-0.18 
2025-10-07 04,1.03,1.65,0.00,1.23,0.56,NaN,-0.19 
2025-10-07 05,1.03,1.64,0.00,1.23,0.91,NaN,-0.19 
2025-10-07 06,1.02,1.64,0.00,1.23,1.06,NaN,-0.19 
2025-10-07 07,1.02,1.49,0.00,1.22,1.13,NaN,-0.14 
2025-10-07 08,1.02,1.50,0.00,1.22,1.11,NaN,-0.05 
2025-10-07 09,1.01,1.49,0.00,1.22,0.84,NaN,-0.01 
2025-10-07 10,0.98,1.49,0.00,1.21,0.54,NaN,-0.03 
2025-10-07 11,0.99,1.48,0.00,1.21,0.22,NaN,-0.05 
2025-10-07 12,1.01,1.45,0.00,1.21,-0.07,NaN,-0.06 
2025-10-07 13,1.02,1.50,0.00,1.21,-0.20,NaN,-0.08 
2025-10-07 14,1.02,1.50,0.00,1.21,-0.47,NaN,-0.08 
2025-10-07 15,1.02,1.49,0.00,1.21,-0.13,NaN,-0.09 
2025-10-07 16,1.01,1.48,0.00,1.20,0.52,NaN,-0.09 
2025-10-07 17,1.01,1.47,0.00,1.20,0.90,NaN,-0.09 
2025-10-07 18,1.00,1.61,0.00,1.20,1.06,NaN,-0.09 
2025-10-07 19,1.00,2.08,0.00,1.19,1.14,NaN,-0.05 
2025-10-07 20,0.99,1.94,0.00,1.19,1.16,NaN,0.02 
2025-10-07 21,0.99,2.09,0.00,1.19,0.98,NaN,0.06 
2025-10-07 22,0.99,2.28,0.00,1.19,0.67,NaN,0.04 
2025-10-07 23,0.99,2.12,0.00,1.19,0.36,NaN,0.00 
2025-10-08 00,1.00,2.12,0.00,1.19,0.05,NaN,-0.05 
2025-10-08 01,1.01,2.30,0.00,1.19,-0.13,NaN,-0.09 
2025-10-08 02,1.02,5.51,0.00,1.19,-0.46,NaN,-0.12 
2025-10-08 03,1.03,5.50,0.00,1.19,-0.56,NaN,-0.15 
2025-10-08 04,1.03,5.49,0.00,1.19,0.14,NaN,NaN 
2025-10-08 05,1.03,5.52,0.00,1.19,0.67,NaN,-0.19 
2025-10-08 06,1.02,5.49,0.00,1.18,0.95,NaN,-0.20 
2025-10-08 07,1.01,5.49,0.00,1.18,1.08,NaN,NaN 
2025-10-08 08,1.01,5.48,0.00,1.17,1.13,NaN,-0.14 
2025-10-08 09,1.01,5.48,0.00,1.17,1.04,NaN,-0.07 
2025-10-08 10,0.96,5.48,0.00,1.17,0.74,NaN,-0.06 
2025-10-08 11,0.97,5.48,0.00,1.17,0.43,NaN,-0.09 
2025-10-08 12,0.97,5.48,0.00,1.17,0.14,NaN,-0.13 
2025-10-08 13,0.98,5.47,0.00,1.17,-0.09,NaN,-0.15 
2025-10-08 14,0.97,5.48,0.00,1.16,-0.26,NaN,-0.16 
2025-10-08 15,0.95,5.47,0.00,1.16,-0.38,NaN,-0.15 
2025-10-08 16,0.94,5.47,0.00,1.16,0.29,NaN,-0.14 
2025-10-08 17,0.94,5.47,0.00,1.16,0.79,NaN,-0.13 
2025-10-08 18,0.93,5.47,0.00,1.15,1.01,NaN,-0.13 
2025-10-08 19,0.92,5.46,0.00,1.15,1.12,NaN,-0.12 
2025-10-08 20,0.92,5.46,0.00,1.14,1.18,NaN,-0.05 
2025-10-08 21,0.91,5.46,0.00,1.14,1.14,NaN,0.01 
2025-10-08 22,0.91,5.46,0.00,1.14,0.88,NaN,0.00 
2025-10-08 23,0.91,5.46,0.00,1.14,0.58,NaN,-0.04 
2025-10-09 00,0.92,5.46,0.00,1.14,0.27,NaN,-0.10 
2025-10-09 01,0.92,5.45,0.00,1.13,-0.02,NaN,-0.14 
2025-10-09 02,0.92,5.45,0.00,1.13,-0.18,NaN,-0.18 
2025-10-09 03,0.92,5.45,0.00,1.13,-0.52,NaN,-0.21 
2025-10-09 04,0.92,5.45,0.00,1.13,-0.53,NaN,-0.23 
2025-10-09 05,0.91,5.45,0.00,1.12,0.26,NaN,-0.25 
2025-10-09 06,0.91,5.45,0.00,1.12,0.73,NaN,-0.26 
2025-10-09 07,0.88,5.44,0.00,1.12,0.94,NaN,-0.27 
2025-10-09 08,0.82,5.44,0.00,1.11,1.03,NaN,-0.27 
2025-10-09 09,0.83,5.44,0.00,1.11,1.03,NaN,-0.21 
2025-10-09 10,0.85,5.44,0.00,1.11,0.85,NaN,-0.16 
2025-10-09 11,0.86,5.43,0.00,1.10,0.54,NaN,-0.17 
2025-10-09 12,0.87,5.43,0.00,1.10,0.22,NaN,-0.20 
2025-10-09 13,0.88,5.43,0.00,1.10,-0.07,NaN,-0.24 
2025-10-09 14,0.88,5.43,0.00,1.10,-0.34,NaN,-0.26 
2025-10-09 15,0.87,5.43,0.00,1.09,-0.51,NaN,-0.25 
2025-10-09 16,0.87,5.42,0.00,1.09,0.00,NaN,-0.23 
2025-10-09 17,0.99,5.42,0.00,1.09,0.62,NaN,-0.23 
2025-10-09 18,1.68,5.42,0.00,1.08,0.95,NaN,-0.22 
2025-10-09 19,1.69,5.42,0.00,1.08,1.05,NaN,-0.16 
2025-10-09 20,1.60,5.42,0.00,1.08,1.13,NaN,0.34 
2025-10-09 21,1.54,5.42,0.00,1.08,1.16,NaN,1.31 
2025-10-09 22,1.40,5.41,0.00,1.09,1.04,NaN,1.66 
2025-10-09 23,1.30,5.42,0.00,1.12,0.77,NaN,1.75 
2025-10-10 00,1.25,5.42,0.00,1.16,0.49,NaN,1.71 
2025-10-10 01,1.21,5.42,0.00,1.20,0.24,NaN,1.62 
2025-10-10 02,1.18,5.42,0.00,1.24,0.00,NaN,1.50 
2025-10-10 03,1.15,5.42,0.00,1.27,-0.13,NaN,1.37 
2025-10-10 04,1.13,5.42,0.00,1.30,-0.26,NaN,1.22 
2025-10-10 05,1.10,5.42,0.00,1.32,-0.21,NaN,1.07 
2025-10-10 06,1.10,5.42,0.00,1.33,0.38,NaN,0.93 
2025-10-10 07,1.09,5.42,0.00,1.34,0.80,NaN,0.81 
2025-10-10 08,1.08,5.42,0.00,1.35,0.97,NaN,0.70 
2025-10-10 09,NaN,NaN,NaN,NaN,NaN,NaN,NaN 
2025-10-10 10,1.05,5.41,0.00,1.35,0.94,NaN,0.54 
2025-10-10 11,1.04,5.41,0.00,1.35,0.71,NaN,0.47 
2025-10-10 12,1.03,5.41,0.00,1.35,0.42,NaN,0.41 
2025-10-10 13,1.03,5.41,0.00,1.35,0.12,NaN,0.35 
2025-10-10 14,1.02,5.41,0.00,1.35,-0.09,NaN,0.30 
2025-10-10 15,1.01,5.41,0.00,1.35,-0.23,NaN,0.25 
2025-10-10 16,1.01,5.41,0.00,1.34,-0.35,NaN,0.20 
2025-10-10 17,NaN,NaN,NaN,NaN,NaN,NaN,NaN 
2025-10-10 18,1.60,5.40,0.00,1.33,0.71,NaN,0.14 
2025-10-10 19,1.75,5.40,0.00,1.32,0.96,NaN,0.11 
2025-10-10 20,1.84,5.40,0.00,1.32,1.04,NaN,0.15 
2025-10-10 21,1.75,5.40,0.00,1.32,1.08,NaN,0.30 
2025-10-10 22,1.60,5.40,0.00,1.32,1.04,NaN,0.45 
2025-10-10 23,1.49,5.40,0.00,1.33,0.82,NaN,NaN 
2025-10-11 00,1.39,5.41,0.00,1.34,0.52,NaN,0.56 
2025-10-11 01,1.33,5.41,0.00,1.35,0.25,NaN,0.53 
2025-10-11 02,1.29,5.41,0.00,1.36,-0.01,NaN,0.48 
2025-10-11 03,1.25,5.41,0.00,1.37,-0.23,NaN,0.42 
2025-10-11 04,1.22,5.41,0.00,1.37,-0.42,NaN,0.36 
2025-10-11 05,1.20,5.41,0.00,1.38,-0.53,NaN,0.31 
2025-10-11 06,1.17,5.41,0.00,1.38,-0.21,NaN,0.26 
2025-10-11 07,1.16,5.41,0.00,1.38,0.36,NaN,0.22 
2025-10-11 08,1.14,5.41,0.00,1.38,0.65,NaN,0.18 
2025-10-11 09,1.11,5.41,0.00,1.37,0.79,NaN,0.15 
2025-10-11 10,1.09,5.41,0.00,1.37,0.80,NaN,0.13 
2025-10-11 11,1.07,5.41,0.00,1.37,0.68,NaN,0.12 
2025-10-11 12,1.07,5.41,0.00,1.36,0.41,NaN,0.11 
2025-10-11 13,1.07,5.41,0.00,1.36,0.14,NaN,0.09 
2025-10-11 14,1.06,5.41,0.00,1.36,-0.14,NaN,0.06 
2025-10-11 15,1.06,5.41,0.00,1.35,-0.36,NaN,0.04 
2025-10-11 16,1.08,5.41,0.00,1.34,-0.45,NaN,0.02 
2025-10-11 17,1.11,5.41,0.00,1.34,-0.13,NaN,0.00 
2025-10-11 18,1.11,5.41,0.00,1.33,0.43,NaN,-0.02 
2025-10-11 19,1.13,5.41,0.00,1.32,0.79,NaN,-0.04 
2025-10-11 20,1.16,5.41,0.00,1.31,0.92,NaN,-0.05 
2025-10-11 21,1.17,5.41,0.00,1.30,0.97,NaN,-0.05 
2025-10-11 22,1.15,5.41,0.00,1.29,0.95,NaN,-0.03 
2025-10-11 23,1.13,5.41,0.00,1.28,0.83,NaN,-0.03 
2025-10-12 00,1.10,5.41,0.00,1.28,0.58,NaN,-0.04 
2025-10-12 01,1.09,5.41,0.00,1.27,0.23,NaN,-0.06 
2025-10-12 02,1.07,5.41,0.00,1.26,-0.09,NaN,-0.07 
2025-10-12 03,1.07,5.41,0.00,1.26,-0.36,NaN,-0.07 
2025-10-12 04,1.06,5.41,0.00,1.25,-0.61,NaN,-0.05 
2025-10-12 05,1.05,5.41,0.00,1.24,-0.76,NaN,-0.04 
2025-10-12 06,1.04,5.41,0.00,1.23,-0.70,NaN,-0.04 
2025-10-12 07,1.04,5.41,0.00,1.22,-0.14,NaN,-0.05 
2025-10-12 08,1.04,5.41,0.00,1.22,0.20,NaN,-0.07 
2025-10-12 09,1.04,5.40,0.00,1.21,0.44,NaN,-0.09 
2025-10-12 10,1.03,5.41,0.00,1.20,0.57,NaN,-0.10 
2025-10-12 11,1.02,5.40,0.00,1.19,0.62,NaN,-0.12 
2025-10-12 12,1.02,5.41,0.00,1.19,0.51,NaN,-0.13 
2025-10-12 13,1.02,5.40,0.00,1.18,0.23,NaN,-0.13 
2025-10-12 14,1.02,5.40,0.00,1.18,-0.06,NaN,-0.14 
2025-10-12 15,1.01,5.41,0.00,1.17,-0.27,NaN,-0.15 
2025-10-12 16,1.00,5.41,0.00,1.17,-0.36,NaN,-0.17 
2025-10-12 17,1.00,5.41,0.00,1.16,-0.28,NaN,-0.18 
2025-10-12 18,0.99,5.41,0.00,1.16,0.10,NaN,-0.19 
2025-10-12 19,0.98,5.41,0.00,1.15,0.39,NaN,-0.20 
2025-10-12 20,0.98,5.41,0.00,1.15,0.66,NaN,-0.21 
2025-10-12 21,0.98,5.41,0.00,1.14,0.80,NaN,-0.22 
2025-10-12 22,0.98,5.41,0.00,1.14,0.81,NaN,-0.22 
2025-10-12 23,0.98,5.41,0.00,1.14,0.75,NaN,-0.20 
2025-10-13 00,0.98,5.41,0.00,1.13,0.61,NaN,-0.20 
2025-10-13 01,0.98,5.41,0.00,1.13,0.33,NaN,-0.21 
2025-10-13 02,0.98,5.41,0.00,1.13,0.02,NaN,-0.22 
2025-10-13 03,0.98,5.41,0.00,1.12,-0.27,NaN,-0.23 
2025-10-13 04,0.98,5.41,0.00,1.12,-0.54,NaN,-0.25 
2025-10-13 05,0.98,5.41,0.00,1.12,-0.74,NaN,-0.26 
2025-10-13 06,0.98,5.41,0.00,1.11,-0.81,NaN,-0.26 
2025-10-13 07,0.98,5.41,0.00,1.11,-0.66,NaN,-0.27 
2025-10-13 08,0.97,5.41,0.00,1.10,-0.04,NaN,-0.27 
2025-10-13 09,0.97,5.41,0.00,1.10,0.22,NaN,-0.28 
2025-10-13 10,0.97,5.40,0.00,1.09,0.32,NaN,-0.28 
2025-10-13 11,0.96,5.40,0.00,1.09,0.42,NaN,-0.28 
2025-10-13 12,0.97,5.40,0.00,1.08,0.50,NaN,-0.28 
2025-10-13 13,0.97,5.40,0.00,1.08,0.45,NaN,-0.28 
2025-10-13 14,0.98,5.40,0.00,1.08,0.22,NaN,-0.27 
2025-10-13 15,0.98,5.40,0.00,1.07,-0.02,NaN,-0.26 
2025-10-13 16,0.98,5.40,0.00,1.07,-0.15,NaN,-0.23 
2025-10-13 17,0.98,5.39,0.00,1.06,-0.25,NaN,-0.20 
2025-10-13 18,0.97,5.40,0.00,1.06,-0.16,NaN,-0.19 
2025-10-13 19,0.96,5.39,0.00,1.06,0.10,NaN,-0.19 
2025-10-13 20,0.96,5.39,0.00,1.05,0.30,NaN,-0.19 
2025-10-13 21,0.95,5.39,0.00,1.05,0.45,NaN,-0.19 
2025-10-13 22,0.95,5.39,0.00,1.04,0.53,NaN,-0.19 
2025-10-13 23,0.96,5.39,0.00,1.04,0.61,NaN,-0.18 
2025-10-14 00,0.96,5.39,0.00,1.04,0.63,NaN,-0.17 
2025-10-14 01,0.97,5.39,0.00,1.03,0.52,NaN,-0.15 
2025-10-14 02,0.98,5.38,0.00,1.03,0.27,NaN,-0.13 
2025-10-14 03,0.98,5.38,0.00,1.03,0.01,NaN,-0.11 
2025-10-14 04,0.98,5.38,0.00,1.02,-0.25,NaN,-0.06 
2025-10-14 05,0.98,5.38,0.00,1.02,-0.51,NaN,-0.02 
2025-10-14 06,0.99,5.38,0.00,1.02,-0.68,NaN,0.02 
2025-10-14 07,0.98,5.38,0.00,1.02,-0.69,NaN,0.04 
2025-10-14 08,0.97,5.38,0.00,1.01,-0.60,NaN,0.04 
2025-10-14 09,0.97,5.38,0.00,1.01,-0.42,NaN,0.04 
2025-10-14 10,0.97,5.38,0.00,1.00,0.02,NaN,0.04 
2025-10-14 11,0.97,5.37,0.00,1.00,0.19,NaN,0.02 
2025-10-14 12,0.96,5.37,0.00,1.00,0.40,NaN,0.01 
2025-10-14 13,0.96,5.37,0.00,0.99,0.49,NaN,0.00 
2025-10-14 14,0.96,5.37,0.00,0.99,0.51,NaN,-0.01 
2025-10-14 15,0.96,5.37,0.00,0.99,0.34,NaN,-0.02 
2025-10-14 16,0.96,5.37,0.00,0.98,0.11,NaN,-0.03 
2025-10-14 17,0.95,5.36,0.00,0.98,-0.08,NaN,-0.04 
2025-10-14 18,0.93,5.36,0.00,0.98,-0.08,NaN,-0.04 
2025-10-14 19,0.93,5.36,0.00,0.98,-0.12,NaN,-0.07 
2025-10-14 20,0.92,5.36,0.00,0.97,-0.02,NaN,-0.08 
2025-10-14 21,0.92,5.36,0.00,0.97,0.18,NaN,-0.09 
2025-10-14 22,0.92,5.36,0.00,0.97,0.31,NaN,-0.10 
2025-10-14 23,0.92,5.35,0.00,0.97,0.40,NaN,-0.12 
2025-10-15 00,0.92,5.35,0.00,0.96,0.45,NaN,-0.13 
2025-10-15 01,0.93,5.35,0.00,0.96,0.47,NaN,-0.14 
2025-10-15 02,0.93,5.35,0.00,0.96,0.52,NaN,-0.14 
2025-10-15 03,0.93,5.35,0.00,0.95,0.43,NaN,-0.14 
2025-10-15 04,0.93,5.35,0.00,0.95,0.16,NaN,-0.14 
2025-10-15 05,0.92,5.35,0.00,0.95,-0.08,NaN,-0.14 
2025-10-15 06,0.93,5.35,0.00,0.95,-0.43,NaN,-0.13 
2025-10-15 07,0.93,5.35,0.00,0.94,-0.60,NaN,-0.12 
2025-10-15 08,0.93,5.34,0.00,0.94,-0.61,NaN,-0.09 
2025-10-15 09,0.93,5.34,0.00,0.94,-0.52,NaN,-0.05 
2025-10-15 10,0.93,5.34,0.00,0.94,-0.45,NaN,0.02 
2025-10-15 11,0.94,5.34,0.00,0.93,-0.19,NaN,0.08 
2025-10-15 12,0.94,5.34,0.00,0.93,0.13,NaN,0.12 
2025-10-15 13,0.94,5.34,0.00,0.93,0.42,NaN,0.15 
2025-10-15 14,0.94,5.33,0.00,0.93,0.69,NaN,0.16 
2025-10-15 15,0.93,5.33,0.00,0.92,0.70,NaN,0.15 
2025-10-15 16,0.92,5.34,0.00,0.92,0.43,NaN,0.14 
2025-10-15 17,0.92,5.33,0.00,0.92,0.16,NaN,0.12 
2025-10-15 18,0.92,5.33,0.00,0.91,0.03,NaN,0.10 
2025-10-15 19,0.91,5.32,0.00,0.91,-0.05,NaN,0.06 
2025-10-15 20,0.91,5.33,0.00,0.91,-0.07,NaN,0.03 
2025-10-15 21,0.91,5.33,0.00,0.91,-0.21,NaN,0.01 
2025-10-15 22,0.91,5.32,0.00,0.90,-0.26,NaN,-0.01 
2025-10-15 23,0.92,5.32,0.00,0.90,-0.08,NaN,-0.02 
2025-10-16 00,0.92,5.32,0.00,0.90,0.32,NaN,-0.02 
2025-10-16 01,0.93,5.32,0.00,0.90,0.58,NaN,-0.02 
2025-10-16 02,0.96,5.32,0.00,0.89,0.65,NaN,-0.01 
2025-10-16 03,0.96,5.31,0.00,0.89,0.57,NaN,0.00 
2025-10-16 04,0.98,5.31,0.00,0.89,0.46,NaN,0.02 
2025-10-16 05,0.99,5.31,0.00,0.89,0.29,NaN,0.06 
2025-10-16 06,0.99,5.31,0.00,0.88,0.03,NaN,0.10 
2025-10-16 07,0.99,5.31,0.00,0.88,-0.19,NaN,0.13 
2025-10-16 08,0.99,5.31,0.00,0.88,-0.45,NaN,0.15 
2025-10-16 09,0.99,5.31,0.00,0.88,-0.65,NaN,0.16 
2025-10-16 10,0.98,5.31,0.00,0.87,-0.69,NaN,0.17 
2025-10-16 11,0.97,5.30,0.00,0.87,-0.32,NaN,0.18 
2025-10-16 12,0.96,5.30,0.00,0.87,0.02,NaN,0.18 
2025-10-16 13,0.95,5.30,0.00,0.87,0.26,NaN,0.18 
2025-10-16 14,0.94,5.30,0.00,0.86,0.50,NaN,0.18 
2025-10-16 15,0.93,5.30,0.00,0.86,0.74,NaN,0.18 
2025-10-16 16,0.92,5.30,0.00,0.86,0.83,NaN,0.18 
2025-10-16 17,0.92,5.30,0.00,0.85,0.71,NaN,0.18 
2025-10-16 18,0.91,5.30,0.00,0.85,0.42,NaN,0.19 
2025-10-16 19,0.90,5.29,0.00,0.85,0.08,NaN,0.18 
2025-10-16 20,0.90,5.29,0.00,0.85,-0.08,NaN,0.19 
2025-10-16 21,0.89,5.29,0.00,0.85,-0.16,NaN,0.21 
2025-10-16 22,0.91,5.29,0.00,0.84,-0.25,NaN,0.26 
2025-10-16 23,0.91,5.29,0.00,0.84,-0.33,NaN,0.31 
2025-10-17 00,0.92,5.28,0.00,0.84,-0.24,NaN,0.37 
2025-10-17 01,0.93,5.29,0.00,0.84,0.16,NaN,0.44 
2025-10-17 02,0.94,5.28,0.00,0.84,0.59,NaN,0.55 
2025-10-17 03,0.94,5.28,0.00,0.83,0.81,NaN,0.66 
2025-10-17 04,0.95,5.28,0.00,0.83,0.84,NaN,0.74 
2025-10-17 05,0.94,5.28,0.00,0.83,0.70,NaN,0.78 
2025-10-17 06,0.93,5.28,0.00,0.82,0.44,NaN,0.79 
2025-10-17 07,0.92,5.28,0.00,0.82,0.16,NaN,0.78 
2025-10-17 08,0.92,5.28,0.00,0.82,-0.08,NaN,0.77 
2025-10-17 09,0.92,5.28,0.00,0.82,-0.23,NaN,0.75 
2025-10-17 10,0.93,5.27,0.00,0.82,-0.63,NaN,0.74 
2025-10-17 11,0.93,5.27,0.00,0.82,-0.62,NaN,0.75 
2025-10-17 12,0.92,5.27,0.00,0.81,-0.35,NaN,0.76 
2025-10-17 13,0.92,5.27,0.00,0.81,0.00,NaN,0.77 
2025-10-17 14,0.92,5.26,0.00,0.81,0.39,NaN,0.78 
2025-10-17 15,0.91,5.27,0.00,0.81,0.72,NaN,0.77 
2025-10-17 16,0.90,5.27,0.00,0.80,0.88,NaN,0.76 
2025-10-17 17,0.89,5.26,0.00,0.80,0.91,NaN,0.75 
2025-10-17 18,0.89,5.26,0.00,0.80,0.80,NaN,0.74 
2025-10-17 19,0.89,5.26,0.00,0.80,0.51,NaN,0.72 
2025-10-17 20,0.90,5.26,0.00,0.79,0.18,NaN,0.69 
2025-10-17 21,0.91,5.26,0.00,0.79,-0.08,NaN,0.67 
2025-10-17 22,0.91,5.26,0.00,0.79,-0.28,NaN,0.64 
2025-10-17 23,0.92,5.26,0.00,0.79,-0.46,NaN,0.62 
2025-10-18 00,0.92,5.26,0.00,0.79,-0.48,NaN,0.59 
2025-10-18 01,0.91,5.25,0.00,0.78,-0.14,NaN,0.58 
2025-10-18 02,0.91,5.26,0.00,0.78,0.35,NaN,0.58 
2025-10-18 03,0.92,5.25,0.00,0.78,0.72,NaN,0.65 
2025-10-18 04,0.92,5.25,0.00,0.78,0.92,NaN,0.74 
2025-10-18 05,0.91,5.25,0.00,0.77,0.95,NaN,0.84 
2025-10-18 06,0.91,5.25,0.00,0.77,0.84,NaN,0.91 
2025-10-18 07,0.91,5.25,0.00,0.77,0.60,NaN,0.97 
2025-10-18 08,0.91,5.25,0.00,0.77,0.31,NaN,1.05 
2025-10-18 09,0.91,5.24,0.00,0.77,0.00,NaN,1.12 
2025-10-18 10,0.90,5.24,0.00,0.77,-0.26,NaN,1.19 
2025-10-18 11,0.92,5.24,0.00,0.77,-0.50,NaN,1.24 
2025-10-18 12,0.92,5.24,0.00,0.76,-0.55,NaN,1.28 
2025-10-18 13,0.93,5.24,0.00,0.76,-0.28,NaN,1.30 
2025-10-18 14,0.94,5.24,0.00,0.76,0.22,NaN,1.34 
2025-10-18 15,0.94,5.24,0.00,0.76,0.65,NaN,1.45 
2025-10-18 16,0.95,5.24,0.00,0.76,0.91,NaN,1.74 
2025-10-18 17,1.06,5.24,0.00,0.75,1.00,NaN,2.10 
2025-10-18 18,1.06,5.24,0.00,0.75,1.00,NaN,2.41 
2025-10-18 19,1.06,5.24,0.00,0.75,0.82,NaN,2.65 
2025-10-18 20,1.06,5.24,0.00,0.75,0.56,NaN,2.80 
2025-10-18 21,1.11,5.24,0.00,0.75,0.32,NaN,2.94 
2025-10-18 22,1.30,5.24,0.00,0.75,0.04,NaN,3.09 
2025-10-18 23,1.38,5.24,0.00,0.76,-0.19,NaN,3.28 
2025-10-19 00,1.40,5.25,0.00,0.76,-0.36,NaN,3.52 
2025-10-19 01,1.46,5.25,0.00,0.76,-0.47,NaN,3.76 
2025-10-19 02,1.53,5.26,0.00,0.77,-0.34,NaN,3.93 
2025-10-19 03,1.56,5.27,0.00,0.77,0.33,NaN,4.00 
2025-10-19 04,1.47,5.28,0.00,0.78,0.77,NaN,3.98 
2025-10-19 05,1.38,5.29,0.00,0.78,0.92,NaN,3.91 
2025-10-19 06,1.30,5.30,0.00,0.79,0.86,NaN,3.80 
2025-10-19 07,1.25,5.31,0.00,0.79,0.68,NaN,3.67 
2025-10-19 08,1.21,5.31,0.00,0.80,0.47,NaN,3.56 
2025-10-19 09,1.18,5.32,0.00,0.82,0.18,NaN,3.43 
2025-10-19 10,1.15,5.33,0.00,0.83,-0.09,NaN,3.23 
2025-10-19 11,1.14,5.33,0.00,0.85,-0.32,NaN,3.00 
2025-10-19 12,1.11,5.34,0.00,0.86,-0.50,NaN,2.76 
2025-10-19 13,1.10,5.34,0.00,0.87,-0.58,NaN,2.53 
2025-10-19 14,1.08,5.34,0.00,0.89,-0.21,NaN,2.31 
2025-10-19 15,1.07,5.35,0.00,0.89,0.38,NaN,2.11 
2025-10-19 16,1.04,5.35,0.00,0.90,0.76,NaN,1.93 
2025-10-19 17,1.03,5.35,0.00,0.91,0.94,NaN,1.76 
2025-10-19 18,1.02,NaN,0.00,0.91,0.98,NaN,1.62 
2025-10-19 19,1.01,NaN, 0.00,0.91,0.86,NaN,1.50 
2025-10-19 20,1.01,NaN, 0.01,0.92,0.58,NaN,1.39 
2025-10-19 21,1.00,NaN, 0.02,0.92,0.27,NaN,1.30 
2025-10-19 22,1.00,NaN, 0.03,0.92,-0.05,NaN,1.21 
2025-10-19 23,0.99,NaN, 0.04,0.93,-0.20,NaN,1.13 
2025-10-20 00,0.99,NaN, 0.05,0.93,-0.56,NaN,1.06 
2025-10-20 01,0.99,NaN, 0.06,0.93,-0.70,NaN,1.00 
2025-10-20 02,1.00,NaN, 0.07,0.93,-0.51,NaN,0.94 
2025-10-20 03,1.00,NaN, 0.08,0.93,0.10,NaN,0.88 
2025-10-20 04,0.99,NaN, 0.09,0.93,0.56,NaN,0.83 
2025-10-20 05,0.99,NaN, 0.10,0.92,0.87,NaN,0.79 
2025-10-20 06,0.98,NaN,0.00,0.92,0.98,NaN,0.75 
2025-10-20 07,0.98,NaN,0.00,0.92,0.96,NaN,0.72 
2025-10-20 08,0.98,NaN,0.00,0.91,0.72,NaN,0.70 
2025-10-20 09,0.98,NaN,0.00,0.91,0.40,NaN,0.67 
2025-10-20 10,0.98,NaN,0.00,0.91,0.05,NaN,0.63 
2025-10-20 11,0.98,NaN,0.00,0.91,-0.14,NaN,0.60 
2025-10-20 12,0.98,NaN,0.00,0.91,-0.53,NaN,0.58 
2025-10-20 13,0.98,NaN,0.00,0.91,-0.67,NaN,0.55 
2025-10-20 14,0.97,1.36,0.00,0.91,-0.34,NaN,0.52 
2025-10-20 15,0.96,NaN,0.00,0.90,0.22,NaN,0.49 
2025-10-20 16,0.95,NaN,0.00,0.90,0.63,NaN,0.46 
2025-10-20 17,0.95,NaN,0.00,0.90,0.89,NaN,0.44 
2025-10-20 18,0.94,NaN,0.00,0.90,1.00,NaN,0.42 
2025-10-20 19,0.93,NaN,0.00,0.89,1.00,NaN,0.42 
2025-10-20 20,0.92,NaN,0.00,0.89,0.79,NaN,0.41 
2025-10-20 21,0.92,NaN,0.00,0.88,0.46,NaN,0.39 
2025-10-20 22,0.92,NaN,0.00,0.88,0.14,NaN,0.37 
2025-10-20 23,0.91,NaN,0.00,0.88,-0.09,NaN,0.34 
2025-10-21 00,0.92,NaN,0.00,0.88,-0.43,NaN,0.32 
2025-10-21 01,0.92,NaN,0.00,0.88,-0.68,NaN,0.29 
2025-10-21 02,0.92,NaN,0.00,0.88,-0.71,NaN,0.27 
2025-10-21 03,0.92,NaN,0.00,0.88,-0.30,NaN,0.25 
2025-10-21 04,0.92,NaN,0.00,0.87,0.24,NaN,0.24 
2025-10-21 05,0.92,NaN,0.00,0.87,0.66,NaN,0.22 
2025-10-21 06,0.92,NaN,0.00,0.87,0.88,NaN,0.21 
2025-10-21 07,0.92,NaN,0.00,0.86,0.96,NaN,0.21 
2025-10-21 08,0.94,NaN,0.00,0.86,0.86,NaN,0.22 
2025-10-21 09,0.95,NaN,0.00,0.86,0.56,NaN,0.22 
2025-10-21 10,0.96,NaN,0.00,0.86,0.24,NaN,0.21 
2025-10-21 11,0.96,NaN,0.00,0.86,-0.07,NaN,0.2 
2025-10-21 12,0.96,NaN,0.00,0.86,-0.24,NaN,0.18 
2025-10-21 13,0.95,NaN,0.00,0.85,-0.6,NaN,0.18 
2025-10-21 14,0.93,NaN,0.00,0.85,-0.61,NaN,0.18 
2025-10-21 15,0.92,NaN,0.00,0.85,-0.07,NaN,0.19 
2025-10-21 16,0.92,NaN,0.00,0.85,0.43,NaN,0.19 
2025-10-21 17,0.91,NaN,0.00,0.84,0.8,NaN,0.19 
2025-10-21 18,0.9,NaN,0.00,0.84,0.97,NaN,0.18 
2025-10-21 19,0.89,NaN,0.00,0.84,1.03,NaN,0.18 
2025-10-21 20,0.89,NaN,0.00,0.83,0.96,NaN,0.19 
2025-10-21 21,0.88,NaN,0.00,0.83,0.66,NaN,0.19 
2025-10-21 22,0.88,NaN,0.00,0.83,0.34,NaN,0.17 
2025-10-21 23,0.88,NaN,0.00,0.83,0.03,NaN,0.13 
2025-10-22 00,0.88,NaN,0.00,0.83,-0.15,NaN,0.1 
2025-10-22 01,0.88,NaN,0.00,0.83,-0.55,NaN,0.08 
2025-10-22 02,0.88,NaN,0.00,0.83,-0.76,NaN,0.06 
2025-10-22 03,0.88,NaN,0.00,0.82,-0.64,NaN,0.05 
2025-10-22 04,0.88,NaN,0.00,0.82,0,NaN,0.06 
2025-10-22 05,0.88,NaN,0.00,0.82,0.46,NaN,0.08 
2025-10-22 06,0.88,NaN,0.00,0.82,0.77,NaN,0.1 
2025-10-22 07,0.87,NaN,0.00,0.81,0.9,NaN,0.13 
2025-10-22 08,0.87,NaN,0.00,0.81,0.9,NaN,0.17 
2025-10-22 09,0.87,NaN,0.00,0.81,0.69,NaN,0.2 
2025-10-22 10,0.87,NaN,0.00,0.81,0.38,NaN,0.2 
2025-10-22 11,0.87,NaN,0.00,0.81,0.06,NaN,0.19 
2025-10-22 12,0.86,NaN,0.00,0.81,-0.14,NaN,0.18 
2025-10-22 13,0.86,NaN,0.00,0.81,-0.51,NaN,0.16 
2025-10-22 14,0.85,NaN,0.00,0.8,-0.65,NaN,0.15 
2025-10-22 15,0.83,NaN,0.00,0.8,-0.3,NaN,0.13 
2025-10-22 16,0.76,NaN,0.00,0.8,0.31,NaN,0.11 
2025-10-22 17,0.76,NaN,0.00,0.79,0.71,NaN,0.09 
2025-10-22 18,0.78,NaN,0.00,0.79,0.9,NaN,0.07 
2025-10-22 19,0.79,NaN,0.00,0.79,0.97,NaN,0.06 
2025-10-22 20,0.79,NaN,0.00,0.79,0.97,NaN,0.06 
2025-10-22 21,0.81,NaN,0.00,0.78,0.72,NaN,0.07 
2025-10-22 22,0.81,NaN,0.00,0.78,0.42,NaN,0.06 
2025-10-22 23,0.8,NaN,0.00,0.78,0.08,NaN,0.04 
2025-10-23 00,0.79,NaN,0.00,0.78,-0.12,NaN,0.02 
2025-10-23 01,0.79,NaN,0.00,0.78,-0.51,NaN,0 
2025-10-23 02,0.79,NaN,0.00,0.78,-0.75,NaN,NaN 
2025-10-23 03,0.79,NaN,0.00,0.78,-0.82,NaN,-0.01 
2025-10-23 04,0.79,NaN,0.00,0.78,-0.73,NaN,-0.01 
2025-10-23 05,0.79,NaN,0.00,0.78,0.12,NaN,-0.01 
2025-10-23 06,0.79,NaN,0.00,0.78,0.59,NaN,-0.02 
2025-10-23 07,0.78,NaN,0.00,0.78,0.83,NaN,-0.02 
2025-10-23 08,0.77,NaN,0.00,0.78,0.89,NaN,-0.02 
2025-10-23 09,0.77,NaN,0.00,0.78,0.77,NaN,0.01 
2025-10-23 10,0.77,NaN,0.00,0.77,0.5,NaN,0.05 
2025-10-23 11,0.78,NaN,0.00,0.77,0.19,NaN,0.08 
2025-10-23 12,0.79,NaN,0.00,0.77,-0.07,NaN,0.1 
2025-10-23 13,0.79,NaN,0.00,0.77,-0.35,NaN,0.12 
2025-10-23 14,0.76,NaN,0.00,0.77,-0.56,NaN,0.12 
2025-10-23 15,0.73,NaN,0.00,0.77,-0.59,NaN,0.11 
2025-10-23 16,0.74,NaN,0.00,0.77,-0.5,NaN,0.09 
2025-10-23 17,0.74,NaN,0.00,0.77,0.54,NaN,0.07 
2025-10-23 18,0.76,NaN,0.00,0.76,0.86,NaN,0.04 
2025-10-23 19,0.76,NaN,0.00,0.76,0.96,NaN,0.03 
2025-10-23 20,0.76,NaN,0.00,0.76,0.97,NaN,0.04 
2025-10-23 21,0.76,NaN,0.00,0.76,0.79,NaN,0.04 
2025-10-23 22,0.76,NaN,0.00,0.75,0.49,NaN,0.03 
2025-10-23 23,0.75,NaN,0.00,0.75,0.19,NaN,0 
2025-10-24 00,0.74,NaN,0.00,0.75,-0.08,NaN,NaN 
2025-10-24 01,0.75,NaN,0.00,0.75,-0.43,NaN,-0.05 
2025-10-24 02,0.75,NaN,0.00,0.75,-0.71,NaN,-0.07 
2025-10-24 03,0.74,NaN,0.00,0.75,-0.89,NaN,-0.09 
2025-10-24 04,0.75,NaN,0.00,0.75,-0.84,NaN,-0.1 
2025-10-24 05,0.74,NaN,0.00,0.74,-0.76,NaN,-0.11 
2025-10-24 06,0.74,NaN,0.00,0.74,0.33,NaN,-0.11 
2025-10-24 07,0.73,NaN,0.00,0.74,0.66,NaN,-0.12 
2025-10-24 08,0.73,NaN,0.00,0.74,0.8,NaN,-0.12 
2025-10-24 09,0.74,NaN,0.00,0.73,0.77,NaN,-0.12 
2025-10-24 10,0.75,NaN,0.00,0.73,0.56,NaN,-0.1 
2025-10-24 11,0.75,NaN,0.00,0.73,0.27,NaN,-0.1 
2025-10-24 12,0.75,NaN,0.00,0.73,-0.04,NaN,-0.11 
2025-10-24 13,0.75,NaN,0.00,0.73,-0.13,NaN,-0.12 
2025-10-24 14,0.74,NaN,0.00,0.73,-0.51,NaN,-0.13 
2025-10-24 15,0.73,NaN,0.00,0.72,-0.58,NaN,-0.14 
2025-10-24 16,0.73,1.16,0.00,0.72,-0.52,NaN,-0.15 
2025-10-24 17,0.73,1.16,0.00,0.72,0.35,NaN,-0.16 
2025-10-24 18,0.72,1.16,0.00,0.72,0.76,NaN,-0.16 
2025-10-24 19,0.72,1.16,0.00,0.72,0.91,NaN,-0.17 
2025-10-24 20,0.72,1.16,0.00,0.71,0.94,NaN,-0.16 
2025-10-24 21,0.69,1.16,0.00,0.71,0.84,NaN,-0.12 
2025-10-24 22,0.66,1.16,0.00,0.71,0.59,NaN,-0.12 
2025-10-24 23,0.68,1.16,0.00,0.71,0.28,NaN,-0.13 
2025-10-25 00,0.69,1.15,0.00,0.71,-0.04,NaN,-0.15 
2025-10-25 01,0.62,1.14,0.00,0.71,-0.33,NaN,-0.18 
2025-10-25 02,0.63,1.15,0.00,0.71,-0.63,NaN,-0.19 
2025-10-25 03,0.63,1.15,0.00,0.71,-0.87,NaN,-0.21 
2025-10-25 04,0.63,1.15,0.00,0.71,-0.89,NaN,-0.22 
2025-10-25 05,0.63,1.15,0.00,0.7,-0.28,NaN,-0.22 
2025-10-25 06,0.63,1.15,0.00,0.7,0.15,NaN,-0.23 
2025-10-25 07,0.63,1.15,0.00,0.7,0.48,NaN,-0.23 
2025-10-25 08,0.63,1.13,0.00,0.7,0.64,NaN,-0.23 
2025-10-25 09,0.63,1.13,0.00,0.70,0.72,NaN,-0.23 
2025-10-25 10,0.63,1.14,0.00,0.70,0.61,NaN,-0.22 
2025-10-25 11,0.63,1.14,0.00,0.70,0.37,NaN,-0.21 
2025-10-25 12,0.64,1.13,0.00,0.69,0.08,NaN,-0.21 
2025-10-25 13,0.64,1.13,0.00,0.69,-0.23,NaN,-0.22 
2025-10-25 14,0.63,1.13,0.00,0.69,-0.46,NaN,-0.23 
2025-10-25 15,0.62,1.13,0.00,0.69,-0.57,NaN,-0.24 
2025-10-25 16,0.62,1.13,0.00,0.69,-0.41,NaN,-0.24 
2025-10-25 17,0.63,1.12,0.00,0.69,0.13,NaN,-0.23 
2025-10-25 18,0.62,1.12,0.00,0.68,0.52,NaN,-0.21 
2025-10-25 19,0.61,1.12,0.00,0.68,0.80,NaN,-0.20 
2025-10-25 20,0.61,1.12,0.00,0.68,0.90,NaN,-0.20 
2025-10-25 21,0.61,1.12,0.00,0.68,0.87,NaN,-0.18 
2025-10-25 22,0.61,1.11,0.00,0.68,0.66,NaN,-0.16 
2025-10-25 23,0.60,1.11,0.00,0.67,0.33,NaN,-0.18 
2025-10-26 00,0.61,1.11,0.00,0.67,0.00,NaN,-0.20 
2025-10-26 01,0.61,1.11,0.00,0.67,-0.29,NaN,-0.22 
2025-10-26 02,0.61,1.10,0.00,0.67,-0.57,NaN,-0.24 
2025-10-26 03,0.61,1.10,0.00,0.67,-0.82,NaN,-0.25 
2025-10-26 04,0.62,1.10,0.00,0.67,-0.91,NaN,-0.26 
2025-10-26 05,0.62,1.10,0.00,0.67,-0.75,NaN,-0.26 
2025-10-26 06,0.62,1.09,0.00,0.67,-0.15,NaN,-0.27 
2025-10-26 07,0.60,1.09,0.00,0.66,0.26,NaN,-0.27 
2025-10-26 08,0.55,1.09,0.00,0.66,0.50,NaN,-0.27 
2025-10-26 09,0.56,1.09,0.00,0.66,0.61,NaN,-0.28 
2025-10-26 10,0.60,1.09,0.00,0.66,0.52,NaN,-0.27 
2025-10-26 11,0.61,1.09,0.00,0.66,0.34,NaN,-0.27 
2025-10-26 12,0.63,1.08,0.00,0.66,0.09,NaN,-0.26 
2025-10-26 13,0.65,1.09,0.00,0.66,-0.09,NaN,-0.26 
2025-10-26 14,0.69,1.07,0.00,0.66,-0.31,NaN,-0.26 
2025-10-26 15,0.72,1.08,0.00,0.66,-0.41,NaN,-0.25 
2025-10-26 16,0.73,1.07,0.00,0.66,-0.50,NaN,-0.25 
2025-10-26 17,0.72,1.07,0.00,0.66,-0.40,NaN,-0.26 
2025-10-26 18,0.72,1.07,0.00,0.66,0.20,NaN,-0.26 
2025-10-26 19,0.73,1.07,0.00,0.67,0.66,NaN,-0.26 
2025-10-26 20,0.72,1.07,0.00,0.67,0.84,NaN,-0.26 
2025-10-26 21,0.72,1.07,0.00,0.67,0.75,NaN,-0.25 
2025-10-26 22,0.72,1.07,0.00,0.68,0.54,NaN,-0.21 
2025-10-26 23,0.72,1.07,0.00,0.68,0.33,NaN,-0.19 
2025-10-27 00,0.72,1.07,0.00,0.68,0.08,NaN,-0.15 
2025-10-27 01,0.72,1.07,0.00,0.68,-0.18,NaN,-0.11 
2025-10-27 02,0.72,1.07,0.00,0.69,-0.44,NaN,-0.09 
2025-10-27 03,0.72,1.07,0.00,0.69,-0.72,NaN,-0.08 
2025-10-27 04,0.71,1.07,0.00,0.69,-0.93,NaN,-0.07 
2025-10-27 05,0.71,1.07,0.00,0.69,-0.91,NaN,-0.08 
2025-10-27 06,0.70,1.07,0.00,0.69,-0.66,NaN,-0.09 
2025-10-27 07,0.70,1.07,0.00,0.69,0.31,NaN,-0.11 
2025-10-27 08,0.70,1.07,0.00,0.69,0.31,NaN,-0.13 
2025-10-27 09,0.69,1.06,0.00,0.69,0.35,NaN,-0.15 
2025-10-27 10,0.68,1.06,0.00,0.69,0.32,NaN,-0.16 
2025-10-27 11,0.67,1.06,0.00,0.69,0.31,NaN,-0.18 
2025-10-27 12,0.67,1.05,0.00,0.68,0.22,NaN,-0.19 
2025-10-27 13,0.65,1.05,0.00,0.68,0.00,NaN,-0.21 
2025-10-27 14,0.64,1.05,0.00,0.68,-0.25,NaN,-0.22 
2025-10-27 15,0.63,1.05,0.00,0.68,-0.33,NaN,-0.23 
2025-10-27 16,0.62,1.05,0.00,0.68,-0.46,NaN,-0.24 
2025-10-27 17,0.61,1.05,0.00,0.68,-0.23,NaN,-0.25 
2025-10-27 18,0.64,1.03,0.00,0.67,0.16,NaN,-0.26 
2025-10-27 19,0.75,1.06,0.00,0.67,0.42,NaN,-0.27 
2025-10-27 20,0.73,1.06,0.00,0.67,0.59,NaN,-0.27 
2025-10-27 21,0.81,1.05,0.00,0.67,0.62,NaN,-0.27 
2025-10-27 22,0.89,1.05,0.00,0.67,0.50,NaN,-0.27 
2025-10-27 23,0.89,1.06,0.00,0.67,0.36,NaN,-0.26 
2025-10-28 00,0.87,1.06,0.00,0.67,0.12,NaN,-0.24 
2025-10-28 01,0.85,1.06,0.00,0.66,-0.12,NaN,-0.24 
2025-10-28 02,0.83,1.06,0.00,0.66,-0.31,NaN,NaN 
2025-10-28 03,0.80,1.07,0.00,0.66,-0.56,NaN,-0.25 
2025-10-28 04,0.78,1.07,0.00,0.66,-0.71,NaN,-0.26 
2025-10-28 05,0.76,1.07,0.00,0.66,-0.90,NaN,-0.27 
2025-10-28 06,0.74,1.07,0.00,0.65,-0.82,NaN,-0.28 
2025-10-28 07,0.73,1.07,0.00,0.65,-0.24,NaN,-0.29 
2025-10-28 08,0.73,1.07,0.00,0.65,-0.24,NaN,-0.29 
2025-10-28 09,0.7,1.07,0.00,0.65,0.28,NaN,-0.31 
2025-10-28 10,0.69,1.07,0.00,0.65,0.27,NaN,-0.31 
2025-10-28 11,0.69,1.06,0.00,0.65,0.19,NaN,-0.32 
2025-10-28 12,0.69,1.06,0.00,0.65,0.22,NaN,-0.32 
2025-10-28 13,0.68,1.05,0.00,0.65,0.17,NaN,-0.32 
2025-10-28 14,0.67,1.05,0.00,0.64,0,NaN,-0.32 
2025-10-28 15,0.66,1.08,0.00,0.64,-0.13,NaN,-0.32 
2025-10-28 16,0.66,1.06,0.00,0.64,-0.29,NaN,-0.33 
2025-10-28 17,0.66,1.06,0.00,0.64,-0.29,NaN,-0.33 
2025-10-28 18,0.65,1.05,0.00,0.64,-0.06,NaN,-0.33 
2025-10-28 19,0.65,1.05,0.00,0.64,0.16,NaN,-0.34 
2025-10-28 20,0.65,1.05,0.00,0.64,0.16,NaN,-0.34 
2025-10-28 21,0.65,1.05,0.00,0.64,0.5,NaN,-0.35 
2025-10-28 22,0.66,1.05,0.00,0.64,0.49,NaN,-0.34 
2025-10-28 23,0.66,1.05,0.00,0.64,0.38,NaN,-0.34 
2025-10-29 00,0.66,1.05,0.00,0.64,0.23,NaN,-0.34 
2025-10-29 01,0.66,1.05,0.00,0.64,0.01,NaN,-0.34 
2025-10-29 02,0.66,1.05,0.00,0.64,-0.15,NaN,-0.34 
2025-10-29 03,0.66,1.05,0.00,0.63,-0.31,NaN,-0.35 
2025-10-29 04,0.66,1.03,0.00,0.63,-0.44,NaN,-0.35 
2025-10-29 05,0.66,1.03,0.00,0.63,-0.67,NaN,-0.34 
2025-10-29 06,0.66,1.02,0.00,0.63,-0.79,NaN,-0.34 
2025-10-29 07,0.66,1.03,0.00,0.63,-0.71,NaN,-0.33 
2025-10-29 08,0.66,1.04,0.00,0.63,-0.21,NaN,-0.32 